"SKU","snapshot_date","units_in_stock","units_sold_7d","units_sold_30d","units_sold_60d","days_of_inventory_left","dead_stock_flag","total_order_quantity","avg_cost_per_unit","avg_lead_time","expected_delivery","actual_delivery"
"SKU-SHI-0001","2022-01-02",36,12,12,12,90.0,"N",0.0,0.0,0.0,"",""
"SKU-PAN-0002","2022-01-02",37,9,9,9,123.3,"N",0.0,0.0,0.0,"",""
"SKU-SHI-0003","2022-01-02",61,7,7,7,261.4,"N",0.0,0.0,0.0,"",""
"SKU-TSH-0004","2022-01-02",118,2,2,2,999.0,"N",0.0,0.0,0.0,"",""
"SKU-CRO-0005","2022-01-02",53,3,3,3,530.0,"N",0.0,0.0,0.0,"",""
"SKU-SHI-0006","2022-01-02",92,3,3,3,920.0,"N",0.0,0.0,0.0,"",""
"SKU-CRO-0007","2022-01-02",100,1,1,1,999.0,"N",0.0,0.0,0.0,"",""
"SKU-PAN-0008","2022-01-02",132,3,3,3,999.0,"N",0.0,0.0,0.0,"",""
"SKU-PAN-0009","2022-01-02",95,2,2,2,999.0,"N",0.0,0.0,0.0,"",""
"SKU-TSH-0010","2022-01-02",84,2,2,2,999.0,"N",0.0,0.0,0.0,"",""
"SKU-SHO-0011","2022-01-02",122,0,0,0,999.0,"Y",0.0,0.0,0.0,"",""
"SKU-TSH-0012","2022-01-02",58,0,0,0,999.0,"Y",0.0,0.0,0.0,"",""
"SKU-SHI-0013","2022-01-02",90,0,0,0,999.0,"Y",0.0,0.0,0.0,"",""
"SKU-CRO-0014","2022-01-02",53,1,1,1,999.0,"N",0.0,0.0,0.0,"",""
"SKU-SHI-0015","2022-01-02",140,0,0,0,999.0,"Y",0.0,0.0,0.0,"",""
"SKU-PAN-0016","2022-01-02",127,0,0,0,999.0,"Y",0.0,0.0,0.0,"",""
"SKU-SHI-0017","2022-01-02",82,0,0,0,999.0,"Y",0.0,0.0,0.0,"",""
"SKU-PAN-0018","2022-01-02",121,0,0,0,999.0,"Y",0.0,0.0,0.0,"",""
"SKU-CRO-0019","2022-01-02",60,1,1,1,999.0,"N",0.0,0.0,0.0,"",""
"SKU-PAN-0020","2022-01-02",90,1,1,1,999.0,"N",0.0,0.0,0.0,"",""
"SKU-PAN-0021","2022-01-02",85,0,0,0,999.0,"Y",0.0,0.0,0.0,"",""
"SKU-PAN-0022","2022-01-02",106,0,0,0,999.0,"Y",0.0,0.0,0.0,"",""
"SKU-SHO-0023","2022-01-02",128,0,0,0,999.0,"Y",0.0,0.0,0.0,"",""
"SKU-SHI-0024","2022-01-02",63,0,0,0,999.0,"Y",0.0,0.0,0.0,"",""
"SKU-JAC-0025","2022-01-02",94,1,1,1,999.0,"N",0.0,0.0,0.0,"",""
"SKU-PAN-0026","2022-01-02",87,0,0,0,999.0,"Y",0.0,0.0,0.0,"",""
"SKU-JAC-0027","2022-01-02",49,0,0,0,999.0,"Y",0.0,0.0,0.0,"",""
"SKU-PAN-0028","2022-01-02",107,0,0,0,999.0,"Y",0.0,0.0,0.0,"",""
"SKU-TSH-0029","2022-01-02",97,0,0,0,999.0,"Y",0.0,0.0,0.0,"",""
"SKU-CRO-0030","2022-01-02",62,0,0,0,999.0,"Y",0.0,0.0,0.0,"",""
"SKU-JAC-0031","2022-01-02",49,0,0,0,999.0,"Y",0.0,0.0,0.0,"",""
"SKU-TSH-0032","2022-01-02",96,1,1,1,999.0,"N",0.0,0.0,0.0,"",""
"SKU-SHO-0033","2022-01-02",120,0,0,0,999.0,"Y",0.0,0.0,0.0,"",""
"SKU-PAN-0034","2022-01-02",65,1,1,1,999.0,"N",0.0,0.0,0.0,"",""
"SKU-CRO-0035","2022-01-02",53,0,0,0,999.0,"Y",0.0,0.0,0.0,"",""
"SKU-SHI-0036","2022-01-02",129,1,1,1,999.0,"N",0.0,0.0,0.0,"",""
"SKU-CRO-0037","2022-01-02",116,0,0,0,999.0,"Y",0.0,0.0,0.0,"",""
"SKU-CRO-0038","2022-01-02",47,0,0,0,999.0,"Y",0.0,0.0,0.0,"",""
"SKU-SHO-0039","2022-01-02",114,1,1,1,999.0,"N",0.0,0.0,0.0,"",""
"SKU-SHO-0040","2022-01-02",127,0,0,0,999.0,"Y",0.0,0.0,0.0,"",""
"SKU-TSH-0041","2022-01-02",129,0,0,0,999.0,"Y",0.0,0.0,0.0,"",""
"SKU-CRO-0042","2022-01-02",125,0,0,0,999.0,"Y",0.0,0.0,0.0,"",""
"SKU-CRO-0043","2022-01-02",61,0,0,0,999.0,"Y",0.0,0.0,0.0,"",""
"SKU-JAC-0044","2022-01-02",108,0,0,0,999.0,"Y",0.0,0.0,0.0,"",""
"SKU-SHI-0045","2022-01-02",109,1,1,1,999.0,"N",0.0,0.0,0.0,"",""
"SKU-JAC-0046","2022-01-02",130,0,0,0,999.0,"Y",0.0,0.0,0.0,"",""
"SKU-PAN-0047","2022-01-02",103,0,0,0,999.0,"Y",0.0,0.0,0.0,"",""
"SKU-CRO-0048","2022-01-02",53,2,2,2,795.0,"N",0.0,0.0,0.0,"",""
"SKU-TSH-0049","2022-01-02",126,0,0,0,999.0,"Y",0.0,0.0,0.0,"",""
"SKU-SHO-0050","2022-01-02",123,0,0,0,999.0,"Y",0.0,0.0,0.0,"",""
"SKU-SHI-0051","2022-01-02",74,0,0,0,999.0,"Y",0.0,0.0,0.0,"",""
"SKU-SHI-0052","2022-01-02",78,0,0,0,999.0,"Y",0.0,0.0,0.0,"",""
"SKU-JAC-0053","2022-01-02",72,0,0,0,999.0,"Y",0.0,0.0,0.0,"",""
"SKU-SHI-0054","2022-01-02",78,0,0,0,999.0,"Y",0.0,0.0,0.0,"",""
"SKU-JAC-0055","2022-01-02",111,0,0,0,999.0,"Y",0.0,0.0,0.0,"",""
"SKU-SHI-0001","2022-01-09",8,28,40,40,6.0,"N",93.0,705.0,57.0,"2022-03-02","2022-03-07"
"SKU-PAN-0002","2022-01-09",23,14,23,23,30.0,"N",0.0,0.0,0.0,"",""
"SKU-SHI-0003","2022-01-09",52,9,16,16,97.5,"N",0.0,0.0,0.0,"",""
"SKU-TSH-0004","2022-01-09",108,10,12,12,270.0,"N",0.0,0.0,0.0,"",""
"SKU-CRO-0005","2022-01-09",47,6,9,9,156.7,"N",0.0,0.0,0.0,"",""
"SKU-SHI-0006","2022-01-09",89,3,6,6,445.0,"N",0.0,0.0,0.0,"",""
"SKU-CRO-0007","2022-01-09",97,3,4,4,727.5,"N",0.0,0.0,0.0,"",""
"SKU-PAN-0008","2022-01-09",129,3,6,6,645.0,"N",0.0,0.0,0.0,"",""
"SKU-PAN-0009","2022-01-09",91,4,6,6,455.0,"N",0.0,0.0,0.0,"",""
"SKU-TSH-0010","2022-01-09",82,2,4,4,615.0,"N",0.0,0.0,0.0,"",""
"SKU-SHO-0011","2022-01-09",122,0,0,0,999.0,"Y",0.0,0.0,0.0,"",""
"SKU-TSH-0012","2022-01-09",57,1,1,1,999.0,"N",0.0,0.0,0.0,"",""
"SKU-SHI-0013","2022-01-09",90,0,0,0,999.0,"Y",0.0,0.0,0.0,"",""
"SKU-CRO-0014","2022-01-09",50,3,4,4,375.0,"N",0.0,0.0,0.0,"",""
"SKU-SHI-0015","2022-01-09",137,3,3,3,999.0,"N",0.0,0.0,0.0,"",""
"SKU-PAN-0016","2022-01-09",127,0,0,0,999.0,"Y",0.0,0.0,0.0,"",""
"SKU-SHI-0017","2022-01-09",79,3,3,3,790.0,"N",0.0,0.0,0.0,"",""
"SKU-PAN-0018","2022-01-09",120,1,1,1,999.0,"N",0.0,0.0,0.0,"",""
"SKU-CRO-0019","2022-01-09",58,2,3,3,580.0,"N",0.0,0.0,0.0,"",""
"SKU-PAN-0020","2022-01-09",89,1,2,2,999.0,"N",0.0,0.0,0.0,"",""
"SKU-PAN-0021","2022-01-09",83,2,2,2,999.0,"N",0.0,0.0,0.0,"",""
"SKU-PAN-0022","2022-01-09",106,0,0,0,999.0,"Y",0.0,0.0,0.0,"",""
"SKU-SHO-0023","2022-01-09",127,1,1,1,999.0,"N",0.0,0.0,0.0,"",""
"SKU-SHI-0024","2022-01-09",62,1,1,1,999.0,"N",0.0,0.0,0.0,"",""
"SKU-JAC-0025","2022-01-09",94,0,1,1,999.0,"N",0.0,0.0,0.0,"",""
"SKU-PAN-0026","2022-01-09",87,0,0,0,999.0,"Y",0.0,0.0,0.0,"",""
"SKU-JAC-0027","2022-01-09",48,1,1,1,999.0,"N",0.0,0.0,0.0,"",""
"SKU-PAN-0028","2022-01-09",107,0,0,0,999.0,"Y",0.0,0.0,0.0,"",""
"SKU-TSH-0029","2022-01-09",97,0,0,0,999.0,"Y",0.0,0.0,0.0,"",""
"SKU-CRO-0030","2022-01-09",62,0,0,0,999.0,"Y",0.0,0.0,0.0,"",""
"SKU-JAC-0031","2022-01-09",48,1,1,1,999.0,"N",0.0,0.0,0.0,"",""
"SKU-TSH-0032","2022-01-09",96,0,1,1,999.0,"N",0.0,0.0,0.0,"",""
"SKU-SHO-0033","2022-01-09",119,1,1,1,999.0,"N",0.0,0.0,0.0,"",""
"SKU-PAN-0034","2022-01-09",65,0,1,1,999.0,"N",0.0,0.0,0.0,"",""
"SKU-CRO-0035","2022-01-09",53,0,0,0,999.0,"Y",0.0,0.0,0.0,"",""
"SKU-SHI-0036","2022-01-09",129,0,1,1,999.0,"N",0.0,0.0,0.0,"",""
"SKU-CRO-0037","2022-01-09",116,0,0,0,999.0,"Y",0.0,0.0,0.0,"",""
"SKU-CRO-0038","2022-01-09",46,1,1,1,999.0,"N",0.0,0.0,0.0,"",""
"SKU-SHO-0039","2022-01-09",113,1,2,2,999.0,"N",0.0,0.0,0.0,"",""
"SKU-SHO-0040","2022-01-09",127,0,0,0,999.0,"Y",0.0,0.0,0.0,"",""
"SKU-TSH-0041","2022-01-09",128,1,1,1,999.0,"N",0.0,0.0,0.0,"",""
"SKU-CRO-0042","2022-01-09",125,0,0,0,999.0,"Y",0.0,0.0,0.0,"",""
"SKU-CRO-0043","2022-01-09",59,2,2,2,885.0,"N",0.0,0.0,0.0,"",""
"SKU-JAC-0044","2022-01-09",107,1,1,1,999.0,"N",0.0,0.0,0.0,"",""
"SKU-SHI-0045","2022-01-09",108,1,2,2,999.0,"N",0.0,0.0,0.0,"",""
"SKU-JAC-0046","2022-01-09",129,1,1,1,999.0,"N",0.0,0.0,0.0,"",""
"SKU-PAN-0047","2022-01-09",102,1,1,1,999.0,"N",0.0,0.0,0.0,"",""
"SKU-CRO-0048","2022-01-09",53,0,2,2,795.0,"N",0.0,0.0,0.0,"",""
"SKU-TSH-0049","2022-01-09",124,2,2,2,999.0,"N",0.0,0.0,0.0,"",""
"SKU-SHO-0050","2022-01-09",121,2,2,2,999.0,"N",0.0,0.0,0.0,"",""
"SKU-SHI-0051","2022-01-09",72,2,2,2,999.0,"N",0.0,0.0,0.0,"",""
"SKU-SHI-0052","2022-01-09",78,0,0,0,999.0,"Y",0.0,0.0,0.0,"",""
"SKU-JAC-0053","2022-01-09",70,2,2,2,999.0,"N",0.0,0.0,0.0,"",""
"SKU-SHI-0054","2022-01-09",78,0,0,0,999.0,"Y",0.0,0.0,0.0,"",""
"SKU-JAC-0055","2022-01-09",111,0,0,0,999.0,"Y",0.0,0.0,0.0,"",""
"SKU-SHI-0001","2022-01-16",0,41,81,81,0.0,"N",0.0,0.0,0.0,"",""
"SKU-PAN-0002","2022-01-16",0,23,46,46,0.0,"N",87.0,982.0,53.0,"2022-03-10","2022-03-10"
"SKU-SHI-0003","2022-01-16",35,17,33,33,31.8,"N",0.0,0.0,0.0,"",""
"SKU-TSH-0004","2022-01-16",93,15,27,27,103.3,"N",0.0,0.0,0.0,"",""
"SKU-CRO-0005","2022-01-16",44,3,12,12,110.0,"N",0.0,0.0,0.0,"",""
"SKU-SHI-0006","2022-01-16",82,7,13,13,189.2,"N",0.0,0.0,0.0,"",""
"SKU-CRO-0007","2022-01-16",93,4,8,8,348.8,"N",0.0,0.0,0.0,"",""
"SKU-PAN-0008","2022-01-16",125,4,10,10,375.0,"N",0.0,0.0,0.0,"",""
"SKU-PAN-0009","2022-01-16",87,4,10,10,261.0,"N",0.0,0.0,0.0,"",""
"SKU-TSH-0010","2022-01-16",78,4,8,8,292.5,"N",0.0,0.0,0.0,"",""
"SKU-SHO-0011","2022-01-16",119,3,3,3,999.0,"N",0.0,0.0,0.0,"",""
"SKU-TSH-0012","2022-01-16",53,4,5,5,318.0,"N",0.0,0.0,0.0,"",""
"SKU-SHI-0013","2022-01-16",85,5,5,5,510.0,"N",0.0,0.0,0.0,"",""
"SKU-CRO-0014","2022-01-16",46,4,8,8,172.5,"N",0.0,0.0,0.0,"",""
"SKU-SHI-0015","2022-01-16",137,0,3,3,999.0,"N",0.0,0.0,0.0,"",""
"SKU-PAN-0016","2022-01-16",123,4,4,4,922.5,"N",0.0,0.0,0.0,"",""
"SKU-SHI-0017","2022-01-16",79,0,3,3,790.0,"N",0.0,0.0,0.0,"",""
"SKU-PAN-0018","2022-01-16",117,3,4,4,877.5,"N",0.0,0.0,0.0,"",""
"SKU-CRO-0019","2022-01-16",56,2,5,5,336.0,"N",0.0,0.0,0.0,"",""
"SKU-PAN-0020","2022-01-16",86,3,5,5,516.0,"N",0.0,0.0,0.0,"",""
"SKU-PAN-0021","2022-01-16",82,1,3,3,820.0,"N",0.0,0.0,0.0,"",""
"SKU-PAN-0022","2022-01-16",106,0,0,0,999.0,"Y",0.0,0.0,0.0,"",""
"SKU-SHO-0023","2022-01-16",125,2,3,3,999.0,"N",0.0,0.0,0.0,"",""
"SKU-SHI-0024","2022-01-16",62,0,1,1,999.0,"N",0.0,0.0,0.0,"",""
"SKU-JAC-0025","2022-01-16",93,1,2,2,999.0,"N",0.0,0.0,0.0,"",""
"SKU-PAN-0026","2022-01-16",85,2,2,2,999.0,"N",0.0,0.0,0.0,"",""
"SKU-JAC-0027","2022-01-16",47,1,2,2,705.0,"N",0.0,0.0,0.0,"",""
"SKU-PAN-0028","2022-01-16",106,1,1,1,999.0,"N",0.0,0.0,0.0,"",""
"SKU-TSH-0029","2022-01-16",96,1,1,1,999.0,"N",0.0,0.0,0.0,"",""
"SKU-CRO-0030","2022-01-16",60,2,2,2,900.0,"N",0.0,0.0,0.0,"",""
"SKU-JAC-0031","2022-01-16",47,1,2,2,705.0,"N",0.0,0.0,0.0,"",""
"SKU-TSH-0032","2022-01-16",95,1,2,2,999.0,"N",0.0,0.0,0.0,"",""
"SKU-SHO-0033","2022-01-16",119,0,1,1,999.0,"N",0.0,0.0,0.0,"",""
"SKU-PAN-0034","2022-01-16",64,1,2,2,960.0,"N",0.0,0.0,0.0,"",""
"SKU-CRO-0035","2022-01-16",53,0,0,0,999.0,"Y",0.0,0.0,0.0,"",""
"SKU-SHI-0036","2022-01-16",127,2,3,3,999.0,"N",0.0,0.0,0.0,"",""
"SKU-CRO-0037","2022-01-16",116,0,0,0,999.0,"Y",0.0,0.0,0.0,"",""
"SKU-CRO-0038","2022-01-16",45,1,2,2,675.0,"N",0.0,0.0,0.0,"",""
"SKU-SHO-0039","2022-01-16",113,0,2,2,999.0,"N",0.0,0.0,0.0,"",""
"SKU-SHO-0040","2022-01-16",127,0,0,0,999.0,"Y",0.0,0.0,0.0,"",""
"SKU-TSH-0041","2022-01-16",128,0,1,1,999.0,"N",0.0,0.0,0.0,"",""
"SKU-CRO-0042","2022-01-16",125,0,0,0,999.0,"Y",0.0,0.0,0.0,"",""
"SKU-CRO-0043","2022-01-16",59,0,2,2,885.0,"N",0.0,0.0,0.0,"",""
"SKU-JAC-0044","2022-01-16",107,0,1,1,999.0,"N",0.0,0.0,0.0,"",""
"SKU-SHI-0045","2022-01-16",108,0,2,2,999.0,"N",0.0,0.0,0.0,"",""
"SKU-JAC-0046","2022-01-16",129,0,1,1,999.0,"N",0.0,0.0,0.0,"",""
"SKU-PAN-0047","2022-01-16",102,0,1,1,999.0,"N",0.0,0.0,0.0,"",""
"SKU-CRO-0048","2022-01-16",53,0,2,2,795.0,"N",0.0,0.0,0.0,"",""
"SKU-TSH-0049","2022-01-16",124,0,2,2,999.0,"N",0.0,0.0,0.0,"",""
"SKU-SHO-0050","2022-01-16",120,1,3,3,999.0,"N",0.0,0.0,0.0,"",""
"SKU-SHI-0051","2022-01-16",72,0,2,2,999.0,"N",0.0,0.0,0.0,"",""
"SKU-SHI-0052","2022-01-16",78,0,0,0,999.0,"Y",0.0,0.0,0.0,"",""
"SKU-JAC-0053","2022-01-16",70,0,2,2,999.0,"N",0.0,0.0,0.0,"",""
"SKU-SHI-0054","2022-01-16",76,2,2,2,999.0,"N",0.0,0.0,0.0,"",""
"SKU-JAC-0055","2022-01-16",111,0,0,0,999.0,"Y",0.0,0.0,0.0,"",""
"SKU-SHI-0001","2022-01-23",0,53,134,134,0.0,"N",0.0,0.0,0.0,"",""
"SKU-PAN-0002","2022-01-23",0,25,71,71,0.0,"N",0.0,0.0,0.0,"",""
"SKU-SHI-0003","2022-01-23",22,13,46,46,14.3,"N",93.0,1004.0,39.0,"2022-03-01","2022-03-03"
"SKU-TSH-0004","2022-01-23",84,9,36,36,70.0,"N",0.0,0.0,0.0,"",""
"SKU-CRO-0005","2022-01-23",34,10,22,22,46.4,"N",0.0,0.0,0.0,"",""
"SKU-SHI-0006","2022-01-23",77,5,18,18,128.3,"N",0.0,0.0,0.0,"",""
"SKU-CRO-0007","2022-01-23",87,6,14,14,186.4,"N",0.0,0.0,0.0,"",""
"SKU-PAN-0008","2022-01-23",122,3,13,13,281.5,"N",0.0,0.0,0.0,"",""
"SKU-PAN-0009","2022-01-23",84,3,13,13,193.8,"N",0.0,0.0,0.0,"",""
"SKU-TSH-0010","2022-01-23",76,2,10,10,228.0,"N",0.0,0.0,0.0,"",""
"SKU-SHO-0011","2022-01-23",117,2,5,5,702.0,"N",0.0,0.0,0.0,"",""
"SKU-TSH-0012","2022-01-23",51,2,7,7,218.6,"N",0.0,0.0,0.0,"",""
"SKU-SHI-0013","2022-01-23",80,5,10,10,240.0,"N",0.0,0.0,0.0,"",""
"SKU-CRO-0014","2022-01-23",43,3,11,11,117.3,"N",0.0,0.0,0.0,"",""
"SKU-SHI-0015","2022-01-23",136,1,4,4,999.0,"N",0.0,0.0,0.0,"",""
"SKU-PAN-0016","2022-01-23",122,1,5,5,732.0,"N",0.0,0.0,0.0,"",""
"SKU-SHI-0017","2022-01-23",77,2,5,5,462.0,"N",0.0,0.0,0.0,"",""
"SKU-PAN-0018","2022-01-23",114,3,7,7,488.6,"N",0.0,0.0,0.0,"",""
"SKU-CRO-0019","2022-01-23",52,4,9,9,173.3,"N",0.0,0.0,0.0,"",""
"SKU-PAN-0020","2022-01-23",85,1,6,6,425.0,"N",0.0,0.0,0.0,"",""
"SKU-PAN-0021","2022-01-23",80,2,5,5,480.0,"N",0.0,0.0,0.0,"",""
"SKU-PAN-0022","2022-01-23",106,0,0,0,999.0,"Y",0.0,0.0,0.0,"",""
"SKU-SHO-0023","2022-01-23",124,1,4,4,930.0,"N",0.0,0.0,0.0,"",""
"SKU-SHI-0024","2022-01-23",59,3,4,4,442.5,"N",0.0,0.0,0.0,"",""
"SKU-JAC-0025","2022-01-23",87,6,8,8,326.2,"N",0.0,0.0,0.0,"",""
"SKU-PAN-0026","2022-01-23",84,1,3,3,840.0,"N",0.0,0.0,0.0,"",""
"SKU-JAC-0027","2022-01-23",44,3,5,5,264.0,"N",0.0,0.0,0.0,"",""
"SKU-PAN-0028","2022-01-23",103,3,4,4,772.5,"N",0.0,0.0,0.0,"",""
"SKU-TSH-0029","2022-01-23",95,1,2,2,999.0,"N",0.0,0.0,0.0,"",""
"SKU-CRO-0030","2022-01-23",60,0,2,2,900.0,"N",0.0,0.0,0.0,"",""
"SKU-JAC-0031","2022-01-23",47,0,2,2,705.0,"N",0.0,0.0,0.0,"",""
"SKU-TSH-0032","2022-01-23",91,4,6,6,455.0,"N",0.0,0.0,0.0,"",""
"SKU-SHO-0033","2022-01-23",119,0,1,1,999.0,"N",0.0,0.0,0.0,"",""
"SKU-PAN-0034","2022-01-23",63,1,3,3,630.0,"N",0.0,0.0,0.0,"",""
"SKU-CRO-0035","2022-01-23",52,1,1,1,999.0,"N",0.0,0.0,0.0,"",""
"SKU-SHI-0036","2022-01-23",127,0,3,3,999.0,"N",0.0,0.0,0.0,"",""
"SKU-CRO-0037","2022-01-23",116,0,0,0,999.0,"Y",0.0,0.0,0.0,"",""
"SKU-CRO-0038","2022-01-23",45,0,2,2,675.0,"N",0.0,0.0,0.0,"",""
"SKU-SHO-0039","2022-01-23",112,1,3,3,999.0,"N",0.0,0.0,0.0,"",""
"SKU-SHO-0040","2022-01-23",125,2,2,2,999.0,"N",0.0,0.0,0.0,"",""
"SKU-TSH-0041","2022-01-23",128,0,1,1,999.0,"N",0.0,0.0,0.0,"",""
"SKU-CRO-0042","2022-01-23",124,1,1,1,999.0,"N",0.0,0.0,0.0,"",""
"SKU-CRO-0043","2022-01-23",58,1,3,3,580.0,"N",0.0,0.0,0.0,"",""
"SKU-JAC-0044","2022-01-23",106,1,2,2,999.0,"N",0.0,0.0,0.0,"",""
"SKU-SHI-0045","2022-01-23",108,0,2,2,999.0,"N",0.0,0.0,0.0,"",""
"SKU-JAC-0046","2022-01-23",128,1,2,2,999.0,"N",0.0,0.0,0.0,"",""
"SKU-PAN-0047","2022-01-23",102,0,1,1,999.0,"N",0.0,0.0,0.0,"",""
"SKU-CRO-0048","2022-01-23",53,0,2,2,795.0,"N",0.0,0.0,0.0,"",""
"SKU-TSH-0049","2022-01-23",124,0,2,2,999.0,"N",0.0,0.0,0.0,"",""
"SKU-SHO-0050","2022-01-23",120,0,3,3,999.0,"N",0.0,0.0,0.0,"",""
"SKU-SHI-0051","2022-01-23",72,0,2,2,999.0,"N",0.0,0.0,0.0,"",""
"SKU-SHI-0052","2022-01-23",78,0,0,0,999.0,"Y",0.0,0.0,0.0,"",""
"SKU-JAC-0053","2022-01-23",69,1,3,3,690.0,"N",0.0,0.0,0.0,"",""
"SKU-SHI-0054","2022-01-23",76,0,2,2,999.0,"N",0.0,0.0,0.0,"",""
"SKU-JAC-0055","2022-01-23",110,1,1,1,999.0,"N",0.0,0.0,0.0,"",""
"SKU-SHI-0001","2022-01-30",0,56,190,190,0.0,"N",0.0,0.0,0.0,"",""
"SKU-PAN-0002","2022-01-30",0,14,85,85,0.0,"N",0.0,0.0,0.0,"",""
"SKU-SHI-0003","2022-01-30",9,13,59,59,4.6,"N",0.0,0.0,0.0,"",""
"SKU-TSH-0004","2022-01-30",73,11,47,47,46.6,"N",0.0,0.0,0.0,"",""
"SKU-CRO-0005","2022-01-30",29,5,27,27,32.2,"N",0.0,0.0,0.0,"",""
"SKU-SHI-0006","2022-01-30",72,5,23,23,93.9,"N",0.0,0.0,0.0,"",""
"SKU-CRO-0007","2022-01-30",83,4,18,18,138.3,"N",0.0,0.0,0.0,"",""
"SKU-PAN-0008","2022-01-30",117,5,18,18,195.0,"N",0.0,0.0,0.0,"",""
"SKU-PAN-0009","2022-01-30",83,1,14,14,177.9,"N",0.0,0.0,0.0,"",""
"SKU-TSH-0010","2022-01-30",70,6,16,16,131.2,"N",0.0,0.0,0.0,"",""
"SKU-SHO-0011","2022-01-30",117,0,5,5,702.0,"N",0.0,0.0,0.0,"",""
"SKU-TSH-0012","2022-01-30",48,3,10,10,144.0,"N",0.0,0.0,0.0,"",""
"SKU-SHI-0013","2022-01-30",74,6,16,16,138.8,"N",0.0,0.0,0.0,"",""
"SKU-CRO-0014","2022-01-30",43,0,11,11,117.3,"N",0.0,0.0,0.0,"",""
"SKU-SHI-0015","2022-01-30",135,1,5,5,810.0,"N",0.0,0.0,0.0,"",""
"SKU-PAN-0016","2022-01-30",120,2,7,7,514.3,"N",0.0,0.0,0.0,"",""
"SKU-SHI-0017","2022-01-30",75,2,7,7,321.4,"N",0.0,0.0,0.0,"",""
"SKU-PAN-0018","2022-01-30",113,1,8,8,423.8,"N",0.0,0.0,0.0,"",""
"SKU-CRO-0019","2022-01-30",52,0,9,9,173.3,"N",0.0,0.0,0.0,"",""
"SKU-PAN-0020","2022-01-30",82,3,9,9,273.3,"N",0.0,0.0,0.0,"",""
"SKU-PAN-0021","2022-01-30",78,2,7,7,334.3,"N",0.0,0.0,0.0,"",""
"SKU-PAN-0022","2022-01-30",104,2,2,2,999.0,"N",0.0,0.0,0.0,"",""
"SKU-SHO-0023","2022-01-30",120,4,8,8,450.0,"N",0.0,0.0,0.0,"",""
"SKU-SHI-0024","2022-01-30",58,1,5,5,348.0,"N",0.0,0.0,0.0,"",""
"SKU-JAC-0025","2022-01-30",85,2,10,10,255.0,"N",0.0,0.0,0.0,"",""
"SKU-PAN-0026","2022-01-30",83,1,4,4,622.5,"N",0.0,0.0,0.0,"",""
"SKU-JAC-0027","2022-01-30",44,0,5,5,264.0,"N",0.0,0.0,0.0,"",""
"SKU-PAN-0028","2022-01-30",100,3,7,7,428.6,"N",0.0,0.0,0.0,"",""
"SKU-TSH-0029","2022-01-30",94,1,3,3,940.0,"N",0.0,0.0,0.0,"",""
"SKU-CRO-0030","2022-01-30",60,0,2,2,900.0,"N",0.0,0.0,0.0,"",""
"SKU-JAC-0031","2022-01-30",47,0,2,2,705.0,"N",0.0,0.0,0.0,"",""
"SKU-TSH-0032","2022-01-30",91,0,6,6,455.0,"N",0.0,0.0,0.0,"",""
"SKU-SHO-0033","2022-01-30",118,1,2,2,999.0,"N",0.0,0.0,0.0,"",""
"SKU-PAN-0034","2022-01-30",63,0,3,3,630.0,"N",0.0,0.0,0.0,"",""
"SKU-CRO-0035","2022-01-30",49,3,4,4,367.5,"N",0.0,0.0,0.0,"",""
"SKU-SHI-0036","2022-01-30",127,0,3,3,999.0,"N",0.0,0.0,0.0,"",""
"SKU-CRO-0037","2022-01-30",113,3,3,3,999.0,"N",0.0,0.0,0.0,"",""
"SKU-CRO-0038","2022-01-30",45,0,2,2,675.0,"N",0.0,0.0,0.0,"",""
"SKU-SHO-0039","2022-01-30",111,1,4,4,832.5,"N",0.0,0.0,0.0,"",""
"SKU-SHO-0040","2022-01-30",124,1,3,3,999.0,"N",0.0,0.0,0.0,"",""
"SKU-TSH-0041","2022-01-30",126,2,3,3,999.0,"N",0.0,0.0,0.0,"",""
"SKU-CRO-0042","2022-01-30",123,1,2,2,999.0,"N",0.0,0.0,0.0,"",""
"SKU-CRO-0043","2022-01-30",57,1,4,4,427.5,"N",0.0,0.0,0.0,"",""
"SKU-JAC-0044","2022-01-30",106,0,2,2,999.0,"N",0.0,0.0,0.0,"",""
"SKU-SHI-0045","2022-01-30",108,0,2,2,999.0,"N",0.0,0.0,0.0,"",""
"SKU-JAC-0046","2022-01-30",125,3,5,5,750.0,"N",0.0,0.0,0.0,"",""
"SKU-PAN-0047","2022-01-30",102,0,1,1,999.0,"N",0.0,0.0,0.0,"",""
"SKU-CRO-0048","2022-01-30",53,0,2,2,795.0,"N",0.0,0.0,0.0,"",""
"SKU-TSH-0049","2022-01-30",122,2,4,4,915.0,"N",0.0,0.0,0.0,"",""
"SKU-SHO-0050","2022-01-30",117,3,6,6,585.0,"N",0.0,0.0,0.0,"",""
"SKU-SHI-0051","2022-01-30",71,1,3,3,710.0,"N",0.0,0.0,0.0,"",""
"SKU-SHI-0052","2022-01-30",78,0,0,0,999.0,"Y",0.0,0.0,0.0,"",""
"SKU-JAC-0053","2022-01-30",69,0,3,3,690.0,"N",0.0,0.0,0.0,"",""
"SKU-SHI-0054","2022-01-30",75,1,3,3,750.0,"N",0.0,0.0,0.0,"",""
"SKU-JAC-0055","2022-01-30",110,0,1,1,999.0,"N",0.0,0.0,0.0,"",""
"SKU-SHI-0001","2022-02-06",0,31,194,221,0.0,"N",351.0,705.0,59.0,"2022-04-01","2022-04-06"
"SKU-PAN-0002","2022-02-06",0,17,82,102,0.0,"N",0.0,0.0,0.0,"",""
"SKU-SHI-0003","2022-02-06",0,18,64,77,0.0,"N",0.0,0.0,0.0,"",""
"SKU-TSH-0004","2022-02-06",66,7,45,54,44.0,"N",0.0,0.0,0.0,"",""
"SKU-CRO-0005","2022-02-06",25,4,24,31,31.2,"N",0.0,0.0,0.0,"",""
"SKU-SHI-0006","2022-02-06",67,5,24,28,83.8,"N",0.0,0.0,0.0,"",""
"SKU-CRO-0007","2022-02-06",79,4,20,22,118.5,"N",0.0,0.0,0.0,"",""
"SKU-PAN-0008","2022-02-06",110,7,19,25,173.7,"N",0.0,0.0,0.0,"",""
"SKU-PAN-0009","2022-02-06",78,5,14,19,167.1,"N",0.0,0.0,0.0,"",""
"SKU-TSH-0010","2022-02-06",64,6,19,22,101.1,"N",0.0,0.0,0.0,"",""
"SKU-SHO-0011","2022-02-06",112,5,10,10,336.0,"N",0.0,0.0,0.0,"",""
"SKU-TSH-0012","2022-02-06",45,3,12,13,112.5,"N",0.0,0.0,0.0,"",""
"SKU-SHI-0013","2022-02-06",73,1,17,17,128.8,"N",0.0,0.0,0.0,"",""
"SKU-CRO-0014","2022-02-06",40,3,11,14,109.1,"N",0.0,0.0,0.0,"",""
"SKU-SHI-0015","2022-02-06",135,0,3,5,999.0,"N",0.0,0.0,0.0,"",""
"SKU-PAN-0016","2022-02-06",117,3,10,10,351.0,"N",0.0,0.0,0.0,"",""
"SKU-SHI-0017","2022-02-06",72,3,7,10,308.6,"N",0.0,0.0,0.0,"",""
"SKU-PAN-0018","2022-02-06",113,0,7,8,484.3,"N",0.0,0.0,0.0,"",""
"SKU-CRO-0019","2022-02-06",52,0,6,9,260.0,"N",0.0,0.0,0.0,"",""
"SKU-PAN-0020","2022-02-06",79,3,10,12,237.0,"N",0.0,0.0,0.0,"",""
"SKU-PAN-0021","2022-02-06",77,1,7,8,330.0,"N",0.0,0.0,0.0,"",""
"SKU-PAN-0022","2022-02-06",104,0,2,2,999.0,"N",0.0,0.0,0.0,"",""
"SKU-SHO-0023","2022-02-06",117,3,10,11,351.0,"N",0.0,0.0,0.0,"",""
"SKU-SHI-0024","2022-02-06",58,0,4,5,435.0,"N",0.0,0.0,0.0,"",""
"SKU-JAC-0025","2022-02-06",85,0,9,10,283.3,"N",0.0,0.0,0.0,"",""
"SKU-PAN-0026","2022-02-06",82,1,5,5,492.0,"N",0.0,0.0,0.0,"",""
"SKU-JAC-0027","2022-02-06",43,1,5,6,258.0,"N",0.0,0.0,0.0,"",""
"SKU-PAN-0028","2022-02-06",100,0,7,7,428.6,"N",0.0,0.0,0.0,"",""
"SKU-TSH-0029","2022-02-06",94,0,3,3,940.0,"N",0.0,0.0,0.0,"",""
"SKU-CRO-0030","2022-02-06",60,0,2,2,900.0,"N",0.0,0.0,0.0,"",""
"SKU-JAC-0031","2022-02-06",46,1,3,3,460.0,"N",0.0,0.0,0.0,"",""
"SKU-TSH-0032","2022-02-06",91,0,5,6,546.0,"N",0.0,0.0,0.0,"",""
"SKU-SHO-0033","2022-02-06",116,2,3,4,999.0,"N",0.0,0.0,0.0,"",""
"SKU-PAN-0034","2022-02-06",63,0,2,3,945.0,"N",0.0,0.0,0.0,"",""
"SKU-CRO-0035","2022-02-06",45,4,8,8,168.8,"N",0.0,0.0,0.0,"",""
"SKU-SHI-0036","2022-02-06",127,0,2,3,999.0,"N",0.0,0.0,0.0,"",""
"SKU-CRO-0037","2022-02-06",113,0,3,3,999.0,"N",0.0,0.0,0.0,"",""
"SKU-CRO-0038","2022-02-06",45,0,1,2,999.0,"N",0.0,0.0,0.0,"",""
"SKU-SHO-0039","2022-02-06",110,1,4,5,825.0,"N",0.0,0.0,0.0,"",""
"SKU-SHO-0040","2022-02-06",124,0,3,3,999.0,"N",0.0,0.0,0.0,"",""
"SKU-TSH-0041","2022-02-06",126,0,2,3,999.0,"N",0.0,0.0,0.0,"",""
"SKU-CRO-0042","2022-02-06",123,0,2,2,999.0,"N",0.0,0.0,0.0,"",""
"SKU-CRO-0043","2022-02-06",57,0,2,4,855.0,"N",0.0,0.0,0.0,"",""
"SKU-JAC-0044","2022-02-06",105,1,3,3,999.0,"N",0.0,0.0,0.0,"",""
"SKU-SHI-0045","2022-02-06",107,1,1,3,999.0,"N",0.0,0.0,0.0,"",""
"SKU-JAC-0046","2022-02-06",125,0,5,5,750.0,"N",0.0,0.0,0.0,"",""
"SKU-PAN-0047","2022-02-06",101,1,1,2,999.0,"N",0.0,0.0,0.0,"",""
"SKU-CRO-0048","2022-02-06",52,1,1,3,999.0,"N",0.0,0.0,0.0,"",""
"SKU-TSH-0049","2022-02-06",121,1,4,5,907.5,"N",0.0,0.0,0.0,"",""
"SKU-SHO-0050","2022-02-06",117,0,4,6,877.5,"N",0.0,0.0,0.0,"",""
"SKU-SHI-0051","2022-02-06",70,1,3,4,700.0,"N",0.0,0.0,0.0,"",""
"SKU-SHI-0052","2022-02-06",77,1,1,1,999.0,"N",0.0,0.0,0.0,"",""
"SKU-JAC-0053","2022-02-06",69,0,1,3,999.0,"N",0.0,0.0,0.0,"",""
"SKU-SHI-0054","2022-02-06",75,0,3,3,750.0,"N",0.0,0.0,0.0,"",""
"SKU-JAC-0055","2022-02-06",110,0,1,1,999.0,"N",0.0,0.0,0.0,"",""
"SKU-SHI-0001","2022-02-13",0,35,191,256,0.0,"N",0.0,0.0,0.0,"",""
"SKU-PAN-0002","2022-02-13",0,18,84,120,0.0,"N",136.0,982.0,37.0,"2022-03-19","2022-03-22"
"SKU-SHI-0003","2022-02-13",0,6,54,83,0.0,"N",0.0,0.0,0.0,"",""
"SKU-TSH-0004","2022-02-13",63,3,35,57,54.0,"N",0.0,0.0,0.0,"",""
"SKU-CRO-0005","2022-02-13",20,5,25,36,24.0,"N",0.0,0.0,0.0,"",""
"SKU-SHI-0006","2022-02-13",62,5,21,33,88.6,"N",0.0,0.0,0.0,"",""
"SKU-CRO-0007","2022-02-13",74,5,21,27,105.7,"N",0.0,0.0,0.0,"",""
"SKU-PAN-0008","2022-02-13",105,5,23,30,137.0,"N",0.0,0.0,0.0,"",""
"SKU-PAN-0009","2022-02-13",74,4,13,23,170.8,"N",0.0,0.0,0.0,"",""
"SKU-TSH-0010","2022-02-13",58,6,21,28,82.9,"N",0.0,0.0,0.0,"",""
"SKU-SHO-0011","2022-02-13",109,3,12,13,272.5,"N",0.0,0.0,0.0,"",""
"SKU-TSH-0012","2022-02-13",43,2,12,15,107.5,"N",0.0,0.0,0.0,"",""
"SKU-SHI-0013","2022-02-13",73,0,13,17,168.5,"N",0.0,0.0,0.0,"",""
"SKU-CRO-0014","2022-02-13",37,3,11,17,100.9,"N",0.0,0.0,0.0,"",""
"SKU-SHI-0015","2022-02-13",131,4,6,9,655.0,"N",0.0,0.0,0.0,"",""
"SKU-PAN-0016","2022-02-13",115,2,11,12,313.6,"N",0.0,0.0,0.0,"",""
"SKU-SHI-0017","2022-02-13",71,1,8,11,266.2,"N",0.0,0.0,0.0,"",""
"SKU-PAN-0018","2022-02-13",112,1,5,9,672.0,"N",0.0,0.0,0.0,"",""
"SKU-CRO-0019","2022-02-13",51,1,7,10,218.6,"N",0.0,0.0,0.0,"",""
"SKU-PAN-0020","2022-02-13",79,0,9,12,263.3,"N",0.0,0.0,0.0,"",""
"SKU-PAN-0021","2022-02-13",75,2,8,10,281.2,"N",0.0,0.0,0.0,"",""
"SKU-PAN-0022","2022-02-13",102,2,4,4,765.0,"N",0.0,0.0,0.0,"",""
"SKU-SHO-0023","2022-02-13",116,1,9,12,386.7,"N",0.0,0.0,0.0,"",""
"SKU-SHI-0024","2022-02-13",55,3,7,8,235.7,"N",0.0,0.0,0.0,"",""
"SKU-JAC-0025","2022-02-13",81,4,13,14,186.9,"N",0.0,0.0,0.0,"",""
"SKU-PAN-0026","2022-02-13",81,1,4,6,607.5,"N",0.0,0.0,0.0,"",""
"SKU-JAC-0027","2022-02-13",42,1,5,7,252.0,"N",0.0,0.0,0.0,"",""
"SKU-PAN-0028","2022-02-13",99,1,7,8,424.3,"N",0.0,0.0,0.0,"",""
"SKU-TSH-0029","2022-02-13",93,1,4,4,697.5,"N",0.0,0.0,0.0,"",""
"SKU-CRO-0030","2022-02-13",58,2,4,4,435.0,"N",0.0,0.0,0.0,"",""
"SKU-JAC-0031","2022-02-13",45,1,2,4,675.0,"N",0.0,0.0,0.0,"",""
"SKU-TSH-0032","2022-02-13",91,0,5,6,546.0,"N",0.0,0.0,0.0,"",""
"SKU-SHO-0033","2022-02-13",116,0,3,4,999.0,"N",0.0,0.0,0.0,"",""
"SKU-PAN-0034","2022-02-13",63,0,1,3,999.0,"N",0.0,0.0,0.0,"",""
"SKU-CRO-0035","2022-02-13",45,0,8,8,168.8,"N",0.0,0.0,0.0,"",""
"SKU-SHI-0036","2022-02-13",124,3,3,6,999.0,"N",0.0,0.0,0.0,"",""
"SKU-CRO-0037","2022-02-13",112,1,4,4,840.0,"N",0.0,0.0,0.0,"",""
"SKU-CRO-0038","2022-02-13",44,1,2,3,660.0,"N",0.0,0.0,0.0,"",""
"SKU-SHO-0039","2022-02-13",110,0,3,5,999.0,"N",0.0,0.0,0.0,"",""
"SKU-SHO-0040","2022-02-13",124,0,3,3,999.0,"N",0.0,0.0,0.0,"",""
"SKU-TSH-0041","2022-02-13",125,1,3,4,999.0,"N",0.0,0.0,0.0,"",""
"SKU-CRO-0042","2022-02-13",122,1,3,3,999.0,"N",0.0,0.0,0.0,"",""
"SKU-CRO-0043","2022-02-13",57,0,2,4,855.0,"N",0.0,0.0,0.0,"",""
"SKU-JAC-0044","2022-02-13",105,0,2,3,999.0,"N",0.0,0.0,0.0,"",""
"SKU-SHI-0045","2022-02-13",107,0,1,3,999.0,"N",0.0,0.0,0.0,"",""
"SKU-JAC-0046","2022-02-13",125,0,4,5,937.5,"N",0.0,0.0,0.0,"",""
"SKU-PAN-0047","2022-02-13",101,0,1,2,999.0,"N",0.0,0.0,0.0,"",""
"SKU-CRO-0048","2022-02-13",51,1,2,4,765.0,"N",0.0,0.0,0.0,"",""
"SKU-TSH-0049","2022-02-13",121,0,3,5,999.0,"N",0.0,0.0,0.0,"",""
"SKU-SHO-0050","2022-02-13",113,4,8,10,423.8,"N",0.0,0.0,0.0,"",""
"SKU-SHI-0051","2022-02-13",69,1,3,5,690.0,"N",0.0,0.0,0.0,"",""
"SKU-SHI-0052","2022-02-13",77,0,1,1,999.0,"N",0.0,0.0,0.0,"",""
"SKU-JAC-0053","2022-02-13",69,0,1,3,999.0,"N",0.0,0.0,0.0,"",""
"SKU-SHI-0054","2022-02-13",75,0,1,3,999.0,"N",0.0,0.0,0.0,"",""
"SKU-JAC-0055","2022-02-13",110,0,1,1,999.0,"N",0.0,0.0,0.0,"",""
"SKU-SHI-0001","2022-02-20",0,28,164,284,0.0,"N",0.0,0.0,0.0,"",""
"SKU-PAN-0002","2022-02-20",0,17,71,137,0.0,"N",0.0,0.0,0.0,"",""
"SKU-SHI-0003","2022-02-20",0,6,50,89,0.0,"N",109.0,1004.0,54.0,"2022-04-13","2022-04-15"
"SKU-TSH-0004","2022-02-20",55,8,33,65,50.0,"N",0.0,0.0,0.0,"",""
"SKU-CRO-0005","2022-02-20",18,2,19,38,28.4,"N",0.0,0.0,0.0,"",""
"SKU-SHI-0006","2022-02-20",60,2,18,35,100.0,"N",0.0,0.0,0.0,"",""
"SKU-CRO-0007","2022-02-20",71,3,17,30,125.3,"N",0.0,0.0,0.0,"",""
"SKU-PAN-0008","2022-02-20",102,3,21,33,145.7,"N",0.0,0.0,0.0,"",""
"SKU-PAN-0009","2022-02-20",71,3,13,26,163.8,"N",0.0,0.0,0.0,"",""
"SKU-TSH-0010","2022-02-20",53,5,23,33,69.1,"N",0.0,0.0,0.0,"",""
"SKU-SHO-0011","2022-02-20",108,1,9,14,360.0,"N",0.0,0.0,0.0,"",""
"SKU-TSH-0012","2022-02-20",42,1,9,16,140.0,"N",0.0,0.0,0.0,"",""
"SKU-SHI-0013","2022-02-20",71,2,10,19,213.0,"N",0.0,0.0,0.0,"",""
"SKU-CRO-0014","2022-02-20",36,1,9,18,120.0,"N",0.0,0.0,0.0,"",""
"SKU-SHI-0015","2022-02-20",130,1,6,10,650.0,"N",0.0,0.0,0.0,"",""
"SKU-PAN-0016","2022-02-20",113,2,9,14,376.7,"N",0.0,0.0,0.0,"",""
"SKU-SHI-0017","2022-02-20",69,2,9,13,230.0,"N",0.0,0.0,0.0,"",""
"SKU-PAN-0018","2022-02-20",112,0,2,9,999.0,"N",0.0,0.0,0.0,"",""
"SKU-CRO-0019","2022-02-20",51,0,1,10,999.0,"N",0.0,0.0,0.0,"",""
"SKU-PAN-0020","2022-02-20",77,2,8,14,288.8,"N",0.0,0.0,0.0,"",""
"SKU-PAN-0021","2022-02-20",75,0,6,10,375.0,"N",0.0,0.0,0.0,"",""
"SKU-PAN-0022","2022-02-20",100,2,6,6,500.0,"N",0.0,0.0,0.0,"",""
"SKU-SHO-0023","2022-02-20",114,2,10,14,342.0,"N",0.0,0.0,0.0,"",""
"SKU-SHI-0024","2022-02-20",52,3,7,11,222.9,"N",0.0,0.0,0.0,"",""
"SKU-JAC-0025","2022-02-20",81,0,8,14,303.8,"N",0.0,0.0,0.0,"",""
"SKU-PAN-0026","2022-02-20",79,2,5,8,474.0,"N",0.0,0.0,0.0,"",""
"SKU-JAC-0027","2022-02-20",42,0,2,7,630.0,"N",0.0,0.0,0.0,"",""
"SKU-PAN-0028","2022-02-20",99,0,4,8,742.5,"N",0.0,0.0,0.0,"",""
"SKU-TSH-0029","2022-02-20",92,1,3,5,920.0,"N",0.0,0.0,0.0,"",""
"SKU-CRO-0030","2022-02-20",57,1,3,5,570.0,"N",0.0,0.0,0.0,"",""
"SKU-JAC-0031","2022-02-20",44,1,3,5,440.0,"N",0.0,0.0,0.0,"",""
"SKU-TSH-0032","2022-02-20",91,0,1,6,999.0,"N",0.0,0.0,0.0,"",""
"SKU-SHO-0033","2022-02-20",115,1,4,5,862.5,"N",0.0,0.0,0.0,"",""
"SKU-PAN-0034","2022-02-20",63,0,1,3,999.0,"N",0.0,0.0,0.0,"",""
"SKU-CRO-0035","2022-02-20",45,0,7,8,192.9,"N",0.0,0.0,0.0,"",""
"SKU-SHI-0036","2022-02-20",123,1,4,7,922.5,"N",0.0,0.0,0.0,"",""
"SKU-CRO-0037","2022-02-20",112,0,4,4,840.0,"N",0.0,0.0,0.0,"",""
"SKU-CRO-0038","2022-02-20",42,2,3,5,420.0,"N",0.0,0.0,0.0,"",""
"SKU-SHO-0039","2022-02-20",109,1,3,6,999.0,"N",0.0,0.0,0.0,"",""
"SKU-SHO-0040","2022-02-20",124,0,1,3,999.0,"N",0.0,0.0,0.0,"",""
"SKU-TSH-0041","2022-02-20",124,1,4,5,930.0,"N",0.0,0.0,0.0,"",""
"SKU-CRO-0042","2022-02-20",122,0,2,3,999.0,"N",0.0,0.0,0.0,"",""
"SKU-CRO-0043","2022-02-20",56,1,2,5,840.0,"N",0.0,0.0,0.0,"",""
"SKU-JAC-0044","2022-02-20",105,0,1,3,999.0,"N",0.0,0.0,0.0,"",""
"SKU-SHI-0045","2022-02-20",107,0,1,3,999.0,"N",0.0,0.0,0.0,"",""
"SKU-JAC-0046","2022-02-20",125,0,4,5,937.5,"N",0.0,0.0,0.0,"",""
"SKU-PAN-0047","2022-02-20",101,0,1,2,999.0,"N",0.0,0.0,0.0,"",""
"SKU-CRO-0048","2022-02-20",50,1,3,5,500.0,"N",0.0,0.0,0.0,"",""
"SKU-TSH-0049","2022-02-20",121,0,3,5,999.0,"N",0.0,0.0,0.0,"",""
"SKU-SHO-0050","2022-02-20",112,1,8,11,420.0,"N",0.0,0.0,0.0,"",""
"SKU-SHI-0051","2022-02-20",68,1,4,6,510.0,"N",0.0,0.0,0.0,"",""
"SKU-SHI-0052","2022-02-20",77,0,1,1,999.0,"N",0.0,0.0,0.0,"",""
"SKU-JAC-0053","2022-02-20",69,0,0,3,999.0,"N",0.0,0.0,0.0,"",""
"SKU-SHI-0054","2022-02-20",75,0,1,3,999.0,"N",0.0,0.0,0.0,"",""
"SKU-JAC-0055","2022-02-20",109,1,2,2,999.0,"N",0.0,0.0,0.0,"",""
"SKU-SHI-0001","2022-02-27",0,34,150,318,0.0,"N",0.0,0.0,0.0,"",""
"SKU-PAN-0002","2022-02-27",0,10,64,147,0.0,"N",0.0,0.0,0.0,"",""
"SKU-SHI-0003","2022-02-27",0,9,44,98,0.0,"N",0.0,0.0,0.0,"",""
"SKU-TSH-0004","2022-02-27",48,7,30,72,48.0,"N",0.0,0.0,0.0,"",""
"SKU-CRO-0005","2022-02-27",12,6,20,44,18.0,"N",0.0,0.0,0.0,"",""
"SKU-SHI-0006","2022-02-27",56,4,20,39,84.0,"N",0.0,0.0,0.0,"",""
"SKU-CRO-0007","2022-02-27",69,2,16,32,129.4,"N",0.0,0.0,0.0,"",""
"SKU-PAN-0008","2022-02-27",101,1,18,34,168.3,"N",0.0,0.0,0.0,"",""
"SKU-PAN-0009","2022-02-27",69,2,15,28,138.0,"N",0.0,0.0,0.0,"",""
"SKU-TSH-0010","2022-02-27",51,2,22,35,69.5,"N",0.0,0.0,0.0,"",""
"SKU-SHO-0011","2022-02-27",106,2,11,16,289.1,"N",0.0,0.0,0.0,"",""
"SKU-TSH-0012","2022-02-27",38,4,12,20,95.0,"N",0.0,0.0,0.0,"",""
"SKU-SHI-0013","2022-02-27",70,1,4,20,525.0,"N",0.0,0.0,0.0,"",""
"SKU-CRO-0014","2022-02-27",35,1,8,19,131.2,"N",0.0,0.0,0.0,"",""
"SKU-SHI-0015","2022-02-27",128,2,7,12,548.6,"N",0.0,0.0,0.0,"",""
"SKU-PAN-0016","2022-02-27",109,4,12,18,272.5,"N",0.0,0.0,0.0,"",""
"SKU-SHI-0017","2022-02-27",69,0,6,13,345.0,"N",0.0,0.0,0.0,"",""
"SKU-PAN-0018","2022-02-27",111,1,2,10,999.0,"N",0.0,0.0,0.0,"",""
"SKU-CRO-0019","2022-02-27",49,2,3,12,490.0,"N",0.0,0.0,0.0,"",""
"SKU-PAN-0020","2022-02-27",76,1,6,15,380.0,"N",0.0,0.0,0.0,"",""
"SKU-PAN-0021","2022-02-27",73,2,7,12,312.9,"N",0.0,0.0,0.0,"",""
"SKU-PAN-0022","2022-02-27",99,1,7,7,424.3,"N",0.0,0.0,0.0,"",""
"SKU-SHO-0023","2022-02-27",112,2,10,16,336.0,"N",0.0,0.0,0.0,"",""
"SKU-SHI-0024","2022-02-27",50,2,8,13,187.5,"N",0.0,0.0,0.0,"",""
"SKU-JAC-0025","2022-02-27",79,2,7,16,338.6,"N",0.0,0.0,0.0,"",""
"SKU-PAN-0026","2022-02-27",79,0,5,8,474.0,"N",0.0,0.0,0.0,"",""
"SKU-JAC-0027","2022-02-27",41,1,3,8,410.0,"N",0.0,0.0,0.0,"",""
"SKU-PAN-0028","2022-02-27",98,1,5,9,588.0,"N",0.0,0.0,0.0,"",""
"SKU-TSH-0029","2022-02-27",92,0,3,5,920.0,"N",0.0,0.0,0.0,"",""
"SKU-CRO-0030","2022-02-27",55,2,5,7,330.0,"N",0.0,0.0,0.0,"",""
"SKU-JAC-0031","2022-02-27",42,2,5,7,252.0,"N",0.0,0.0,0.0,"",""
"SKU-TSH-0032","2022-02-27",90,1,1,7,999.0,"N",0.0,0.0,0.0,"",""
"SKU-SHO-0033","2022-02-27",115,0,3,5,999.0,"N",0.0,0.0,0.0,"",""
"SKU-PAN-0034","2022-02-27",62,1,1,4,999.0,"N",0.0,0.0,0.0,"",""
"SKU-CRO-0035","2022-02-27",43,2,8,10,161.2,"N",0.0,0.0,0.0,"",""
"SKU-SHI-0036","2022-02-27",123,0,4,7,922.5,"N",0.0,0.0,0.0,"",""
"SKU-CRO-0037","2022-02-27",112,0,3,4,999.0,"N",0.0,0.0,0.0,"",""
"SKU-CRO-0038","2022-02-27",40,2,5,7,240.0,"N",0.0,0.0,0.0,"",""
"SKU-SHO-0039","2022-02-27",108,1,3,7,999.0,"N",0.0,0.0,0.0,"",""
"SKU-SHO-0040","2022-02-27",123,1,2,4,999.0,"N",0.0,0.0,0.0,"",""
"SKU-TSH-0041","2022-02-27",123,1,4,6,922.5,"N",0.0,0.0,0.0,"",""
"SKU-CRO-0042","2022-02-27",122,0,1,3,999.0,"N",0.0,0.0,0.0,"",""
"SKU-CRO-0043","2022-02-27",56,0,1,5,999.0,"N",0.0,0.0,0.0,"",""
"SKU-JAC-0044","2022-02-27",105,0,1,3,999.0,"N",0.0,0.0,0.0,"",""
"SKU-SHI-0045","2022-02-27",106,1,2,4,999.0,"N",0.0,0.0,0.0,"",""
"SKU-JAC-0046","2022-02-27",123,2,4,7,922.5,"N",0.0,0.0,0.0,"",""
"SKU-PAN-0047","2022-02-27",101,0,1,2,999.0,"N",0.0,0.0,0.0,"",""
"SKU-CRO-0048","2022-02-27",50,0,3,5,500.0,"N",0.0,0.0,0.0,"",""
"SKU-TSH-0049","2022-02-27",121,0,1,5,999.0,"N",0.0,0.0,0.0,"",""
"SKU-SHO-0050","2022-02-27",112,0,6,11,560.0,"N",0.0,0.0,0.0,"",""
"SKU-SHI-0051","2022-02-27",68,0,3,6,680.0,"N",0.0,0.0,0.0,"",""
"SKU-SHI-0052","2022-02-27",77,0,1,1,999.0,"N",0.0,0.0,0.0,"",""
"SKU-JAC-0053","2022-02-27",68,1,1,4,999.0,"N",0.0,0.0,0.0,"",""
"SKU-SHI-0054","2022-02-27",74,1,2,4,999.0,"N",0.0,0.0,0.0,"",""
"SKU-JAC-0055","2022-02-27",109,0,1,2,999.0,"N",0.0,0.0,0.0,"",""
"SKU-SHI-0001","2022-03-06",0,48,156,342,0.0,"N",262.0,705.0,46.0,"2022-04-18","2022-04-21"
"SKU-PAN-0002","2022-03-06",0,14,63,146,0.0,"N",0.0,0.0,0.0,"",""
"SKU-SHI-0003","2022-03-06",0,17,42,104,0.0,"N",0.0,0.0,0.0,"",""
"SKU-TSH-0004","2022-03-06",41,7,26,73,47.3,"N",0.0,0.0,0.0,"",""
"SKU-CRO-0005","2022-03-06",6,6,21,45,8.6,"N",48.0,846.0,39.0,"2022-04-11","2022-04-14"
"SKU-SHI-0006","2022-03-06",49,7,21,43,70.0,"N",0.0,0.0,0.0,"",""
"SKU-CRO-0007","2022-03-06",62,7,20,38,93.0,"N",0.0,0.0,0.0,"",""
"SKU-PAN-0008","2022-03-06",97,4,16,34,181.9,"N",0.0,0.0,0.0,"",""
"SKU-PAN-0009","2022-03-06",65,4,15,28,130.0,"N",0.0,0.0,0.0,"",""
"SKU-TSH-0010","2022-03-06",44,7,23,39,57.4,"N",0.0,0.0,0.0,"",""
"SKU-SHO-0011","2022-03-06",105,1,8,17,393.8,"N",0.0,0.0,0.0,"",""
"SKU-TSH-0012","2022-03-06",35,3,11,23,95.5,"N",0.0,0.0,0.0,"",""
"SKU-SHI-0013","2022-03-06",69,1,4,21,517.5,"N",0.0,0.0,0.0,"",""
"SKU-CRO-0014","2022-03-06",32,3,8,19,120.0,"N",0.0,0.0,0.0,"",""
"SKU-SHI-0015","2022-03-06",126,2,9,14,420.0,"N",0.0,0.0,0.0,"",""
"SKU-PAN-0016","2022-03-06",108,1,10,19,324.0,"N",0.0,0.0,0.0,"",""
"SKU-SHI-0017","2022-03-06",69,0,5,11,414.0,"N",0.0,0.0,0.0,"",""
"SKU-PAN-0018","2022-03-06",106,5,7,14,454.3,"N",0.0,0.0,0.0,"",""
"SKU-CRO-0019","2022-03-06",47,2,5,12,282.0,"N",0.0,0.0,0.0,"",""
"SKU-PAN-0020","2022-03-06",75,1,6,15,375.0,"N",0.0,0.0,0.0,"",""
"SKU-PAN-0021","2022-03-06",70,3,8,14,262.5,"N",0.0,0.0,0.0,"",""
"SKU-PAN-0022","2022-03-06",96,3,8,10,360.0,"N",0.0,0.0,0.0,"",""
"SKU-SHO-0023","2022-03-06",111,1,6,16,555.0,"N",0.0,0.0,0.0,"",""
"SKU-SHI-0024","2022-03-06",47,3,11,16,128.2,"N",0.0,0.0,0.0,"",""
"SKU-JAC-0025","2022-03-06",77,2,8,17,288.8,"N",0.0,0.0,0.0,"",""
"SKU-PAN-0026","2022-03-06",79,0,4,8,592.5,"N",0.0,0.0,0.0,"",""
"SKU-JAC-0027","2022-03-06",41,0,2,7,615.0,"N",0.0,0.0,0.0,"",""
"SKU-PAN-0028","2022-03-06",98,0,2,9,999.0,"N",0.0,0.0,0.0,"",""
"SKU-TSH-0029","2022-03-06",90,2,4,7,675.0,"N",0.0,0.0,0.0,"",""
"SKU-CRO-0030","2022-03-06",54,1,6,8,270.0,"N",0.0,0.0,0.0,"",""
"SKU-JAC-0031","2022-03-06",42,0,5,7,252.0,"N",0.0,0.0,0.0,"",""
"SKU-TSH-0032","2022-03-06",89,1,2,7,999.0,"N",0.0,0.0,0.0,"",""
"SKU-SHO-0033","2022-03-06",114,1,3,6,999.0,"N",0.0,0.0,0.0,"",""
"SKU-PAN-0034","2022-03-06",60,2,3,5,600.0,"N",0.0,0.0,0.0,"",""
"SKU-CRO-0035","2022-03-06",42,1,4,11,315.0,"N",0.0,0.0,0.0,"",""
"SKU-SHI-0036","2022-03-06",123,0,4,6,922.5,"N",0.0,0.0,0.0,"",""
"SKU-CRO-0037","2022-03-06",111,1,2,5,999.0,"N",0.0,0.0,0.0,"",""
"SKU-CRO-0038","2022-03-06",40,0,5,7,240.0,"N",0.0,0.0,0.0,"",""
"SKU-SHO-0039","2022-03-06",108,0,2,6,999.0,"N",0.0,0.0,0.0,"",""
"SKU-SHO-0040","2022-03-06",123,0,1,4,999.0,"N",0.0,0.0,0.0,"",""
"SKU-TSH-0041","2022-03-06",121,2,5,8,726.0,"N",0.0,0.0,0.0,"",""
"SKU-CRO-0042","2022-03-06",121,1,2,4,999.0,"N",0.0,0.0,0.0,"",""
"SKU-CRO-0043","2022-03-06",55,1,2,5,825.0,"N",0.0,0.0,0.0,"",""
"SKU-JAC-0044","2022-03-06",105,0,0,3,999.0,"N",0.0,0.0,0.0,"",""
"SKU-SHI-0045","2022-03-06",106,0,1,3,999.0,"N",0.0,0.0,0.0,"",""
"SKU-JAC-0046","2022-03-06",123,0,2,7,999.0,"N",0.0,0.0,0.0,"",""
"SKU-PAN-0047","2022-03-06",100,1,1,3,999.0,"N",0.0,0.0,0.0,"",""
"SKU-CRO-0048","2022-03-06",50,0,2,3,750.0,"N",0.0,0.0,0.0,"",""
"SKU-TSH-0049","2022-03-06",120,1,1,6,999.0,"N",0.0,0.0,0.0,"",""
"SKU-SHO-0050","2022-03-06",111,1,6,10,555.0,"N",0.0,0.0,0.0,"",""
"SKU-SHI-0051","2022-03-06",67,1,3,7,670.0,"N",0.0,0.0,0.0,"",""
"SKU-SHI-0052","2022-03-06",76,1,1,2,999.0,"N",0.0,0.0,0.0,"",""
"SKU-JAC-0053","2022-03-06",67,1,2,3,999.0,"N",0.0,0.0,0.0,"",""
"SKU-SHI-0054","2022-03-06",74,0,1,4,999.0,"N",0.0,0.0,0.0,"",""
"SKU-JAC-0055","2022-03-06",107,2,3,4,999.0,"N",0.0,0.0,0.0,"",""
"SKU-SHI-0001","2022-03-13",0,43,163,353,0.0,"N",0.0,0.0,0.0,"",""
"SKU-PAN-0002","2022-03-13",0,14,59,147,0.0,"N",98.0,982.0,51.0,"2022-04-30","2022-05-03"
"SKU-SHI-0003","2022-03-13",0,16,50,108,0.0,"N",0.0,0.0,0.0,"",""
"SKU-TSH-0004","2022-03-13",34,7,30,69,34.0,"N",0.0,0.0,0.0,"",""
"SKU-CRO-0005","2022-03-13",1,5,20,45,1.5,"N",0.0,0.0,0.0,"",""
"SKU-SHI-0006","2022-03-13",45,4,18,40,75.0,"N",0.0,0.0,0.0,"",""
"SKU-CRO-0007","2022-03-13",59,3,18,37,98.3,"N",0.0,0.0,0.0,"",""
"SKU-PAN-0008","2022-03-13",93,4,14,35,199.3,"N",0.0,0.0,0.0,"",""
"SKU-PAN-0009","2022-03-13",61,4,13,28,140.8,"N",0.0,0.0,0.0,"",""
"SKU-TSH-0010","2022-03-13",41,3,18,39,68.3,"N",0.0,0.0,0.0,"",""
"SKU-SHO-0011","2022-03-13",102,3,8,19,382.5,"N",0.0,0.0,0.0,"",""
"SKU-TSH-0012","2022-03-13",32,3,12,25,80.0,"N",0.0,0.0,0.0,"",""
"SKU-SHI-0013","2022-03-13",68,1,5,20,408.0,"N",0.0,0.0,0.0,"",""
"SKU-CRO-0014","2022-03-13",31,1,6,18,155.0,"N",0.0,0.0,0.0,"",""
"SKU-SHI-0015","2022-03-13",124,2,7,13,531.4,"N",0.0,0.0,0.0,"",""
"SKU-PAN-0016","2022-03-13",105,3,10,22,315.0,"N",0.0,0.0,0.0,"",""
"SKU-SHI-0017","2022-03-13",69,0,2,10,999.0,"N",0.0,0.0,0.0,"",""
"SKU-PAN-0018","2022-03-13",105,1,7,13,450.0,"N",0.0,0.0,0.0,"",""
"SKU-CRO-0019","2022-03-13",43,4,8,15,161.2,"N",0.0,0.0,0.0,"",""
"SKU-PAN-0020","2022-03-13",71,4,8,18,266.2,"N",0.0,0.0,0.0,"",""
"SKU-PAN-0021","2022-03-13",68,2,9,15,226.7,"N",0.0,0.0,0.0,"",""
"SKU-PAN-0022","2022-03-13",96,0,7,10,411.4,"N",0.0,0.0,0.0,"",""
"SKU-SHO-0023","2022-03-13",110,1,6,15,550.0,"N",0.0,0.0,0.0,"",""
"SKU-SHI-0024","2022-03-13",47,0,9,15,156.7,"N",0.0,0.0,0.0,"",""
"SKU-JAC-0025","2022-03-13",74,3,7,20,317.1,"N",0.0,0.0,0.0,"",""
"SKU-PAN-0026","2022-03-13",78,1,3,7,780.0,"N",0.0,0.0,0.0,"",""
"SKU-JAC-0027","2022-03-13",41,0,2,7,615.0,"N",0.0,0.0,0.0,"",""
"SKU-PAN-0028","2022-03-13",95,3,4,12,712.5,"N",0.0,0.0,0.0,"",""
"SKU-TSH-0029","2022-03-13",88,2,5,9,528.0,"N",0.0,0.0,0.0,"",""
"SKU-CRO-0030","2022-03-13",53,1,6,9,265.0,"N",0.0,0.0,0.0,"",""
"SKU-JAC-0031","2022-03-13",41,1,4,6,307.5,"N",0.0,0.0,0.0,"",""
"SKU-TSH-0032","2022-03-13",89,0,2,7,999.0,"N",0.0,0.0,0.0,"",""
"SKU-SHO-0033","2022-03-13",114,0,2,5,999.0,"N",0.0,0.0,0.0,"",""
"SKU-PAN-0034","2022-03-13",60,0,3,4,600.0,"N",0.0,0.0,0.0,"",""
"SKU-CRO-0035","2022-03-13",42,0,3,11,420.0,"N",0.0,0.0,0.0,"",""
"SKU-SHI-0036","2022-03-13",123,0,3,5,999.0,"N",0.0,0.0,0.0,"",""
"SKU-CRO-0037","2022-03-13",111,0,1,5,999.0,"N",0.0,0.0,0.0,"",""
"SKU-CRO-0038","2022-03-13",39,1,5,7,234.0,"N",0.0,0.0,0.0,"",""
"SKU-SHO-0039","2022-03-13",104,4,6,9,520.0,"N",0.0,0.0,0.0,"",""
"SKU-SHO-0040","2022-03-13",123,0,1,4,999.0,"N",0.0,0.0,0.0,"",""
"SKU-TSH-0041","2022-03-13",120,1,5,8,720.0,"N",0.0,0.0,0.0,"",""
"SKU-CRO-0042","2022-03-13",120,1,2,5,999.0,"N",0.0,0.0,0.0,"",""
"SKU-CRO-0043","2022-03-13",55,0,2,4,825.0,"N",0.0,0.0,0.0,"",""
"SKU-JAC-0044","2022-03-13",104,1,1,3,999.0,"N",0.0,0.0,0.0,"",""
"SKU-SHI-0045","2022-03-13",106,0,1,2,999.0,"N",0.0,0.0,0.0,"",""
"SKU-JAC-0046","2022-03-13",123,0,2,6,999.0,"N",0.0,0.0,0.0,"",""
"SKU-PAN-0047","2022-03-13",100,0,1,2,999.0,"N",0.0,0.0,0.0,"",""
"SKU-CRO-0048","2022-03-13",50,0,2,3,750.0,"N",0.0,0.0,0.0,"",""
"SKU-TSH-0049","2022-03-13",119,1,2,5,999.0,"N",0.0,0.0,0.0,"",""
"SKU-SHO-0050","2022-03-13",111,0,4,10,832.5,"N",0.0,0.0,0.0,"",""
"SKU-SHI-0051","2022-03-13",67,0,3,5,670.0,"N",0.0,0.0,0.0,"",""
"SKU-SHI-0052","2022-03-13",76,0,1,2,999.0,"N",0.0,0.0,0.0,"",""
"SKU-JAC-0053","2022-03-13",67,0,2,3,999.0,"N",0.0,0.0,0.0,"",""
"SKU-SHI-0054","2022-03-13",74,0,1,3,999.0,"N",0.0,0.0,0.0,"",""
"SKU-JAC-0055","2022-03-13",107,0,3,4,999.0,"N",0.0,0.0,0.0,"",""
"SKU-SHI-0001","2022-03-20",0,45,179,342,0.0,"N",0.0,0.0,0.0,"",""
"SKU-PAN-0002","2022-03-20",0,22,65,141,0.0,"N",0.0,0.0,0.0,"",""
"SKU-SHI-0003","2022-03-20",0,17,60,112,0.0,"N",106.0,1004.0,51.0,"2022-05-07","2022-05-10"
"SKU-TSH-0004","2022-03-20",22,12,36,69,18.3,"N",0.0,0.0,0.0,"",""
"SKU-CRO-0005","2022-03-20",0,7,26,44,0.0,"N",0.0,0.0,0.0,"",""
"SKU-SHI-0006","2022-03-20",38,7,23,40,49.6,"N",0.0,0.0,0.0,"",""
"SKU-CRO-0007","2022-03-20",57,2,15,33,114.0,"N",0.0,0.0,0.0,"",""
"SKU-PAN-0008","2022-03-20",91,2,13,33,210.0,"N",0.0,0.0,0.0,"",""
"SKU-PAN-0009","2022-03-20",59,2,12,28,147.5,"N",0.0,0.0,0.0,"",""
"SKU-TSH-0010","2022-03-20",36,5,18,42,60.0,"N",0.0,0.0,0.0,"",""
"SKU-SHO-0011","2022-03-20",97,5,11,21,264.5,"N",0.0,0.0,0.0,"",""
"SKU-TSH-0012","2022-03-20",29,3,13,23,66.9,"N",0.0,0.0,0.0,"",""
"SKU-SHI-0013","2022-03-20",61,7,10,21,183.0,"N",0.0,0.0,0.0,"",""
"SKU-CRO-0014","2022-03-20",26,5,10,19,78.0,"N",0.0,0.0,0.0,"",""
"SKU-SHI-0015","2022-03-20",121,3,9,15,403.3,"N",0.0,0.0,0.0,"",""
"SKU-PAN-0016","2022-03-20",104,1,9,18,346.7,"N",0.0,0.0,0.0,"",""
"SKU-SHI-0017","2022-03-20",62,7,9,17,206.7,"N",0.0,0.0,0.0,"",""
"SKU-PAN-0018","2022-03-20",103,2,9,14,343.3,"N",0.0,0.0,0.0,"",""
"SKU-CRO-0019","2022-03-20",42,1,9,12,140.0,"N",0.0,0.0,0.0,"",""
"SKU-PAN-0020","2022-03-20",70,1,8,15,262.5,"N",0.0,0.0,0.0,"",""
"SKU-PAN-0021","2022-03-20",66,2,9,15,220.0,"N",0.0,0.0,0.0,"",""
"SKU-PAN-0022","2022-03-20",95,1,6,11,475.0,"N",0.0,0.0,0.0,"",""
"SKU-SHO-0023","2022-03-20",108,2,7,16,462.9,"N",0.0,0.0,0.0,"",""
"SKU-SHI-0024","2022-03-20",45,2,7,15,192.9,"N",0.0,0.0,0.0,"",""
"SKU-JAC-0025","2022-03-20",71,3,10,19,213.0,"N",0.0,0.0,0.0,"",""
"SKU-PAN-0026","2022-03-20",78,0,2,6,999.0,"N",0.0,0.0,0.0,"",""
"SKU-JAC-0027","2022-03-20",40,1,2,5,600.0,"N",0.0,0.0,0.0,"",""
"SKU-PAN-0028","2022-03-20",90,5,9,15,300.0,"N",0.0,0.0,0.0,"",""
"SKU-TSH-0029","2022-03-20",87,1,5,9,522.0,"N",0.0,0.0,0.0,"",""
"SKU-CRO-0030","2022-03-20",53,0,4,7,397.5,"N",0.0,0.0,0.0,"",""
"SKU-JAC-0031","2022-03-20",41,0,3,6,410.0,"N",0.0,0.0,0.0,"",""
"SKU-TSH-0032","2022-03-20",89,0,2,3,999.0,"N",0.0,0.0,0.0,"",""
"SKU-SHO-0033","2022-03-20",113,1,2,6,999.0,"N",0.0,0.0,0.0,"",""
"SKU-PAN-0034","2022-03-20",59,1,4,5,442.5,"N",0.0,0.0,0.0,"",""
"SKU-CRO-0035","2022-03-20",42,0,3,11,420.0,"N",0.0,0.0,0.0,"",""
"SKU-SHI-0036","2022-03-20",122,1,1,5,999.0,"N",0.0,0.0,0.0,"",""
"SKU-CRO-0037","2022-03-20",111,0,1,5,999.0,"N",0.0,0.0,0.0,"",""
"SKU-CRO-0038","2022-03-20",35,4,8,10,131.2,"N",0.0,0.0,0.0,"",""
"SKU-SHO-0039","2022-03-20",102,2,8,10,382.5,"N",0.0,0.0,0.0,"",""
"SKU-SHO-0040","2022-03-20",121,2,3,5,999.0,"N",0.0,0.0,0.0,"",""
"SKU-TSH-0041","2022-03-20",120,0,4,8,900.0,"N",0.0,0.0,0.0,"",""
"SKU-CRO-0042","2022-03-20",120,0,2,4,999.0,"N",0.0,0.0,0.0,"",""
"SKU-CRO-0043","2022-03-20",53,2,3,5,530.0,"N",0.0,0.0,0.0,"",""
"SKU-JAC-0044","2022-03-20",104,0,1,3,999.0,"N",0.0,0.0,0.0,"",""
"SKU-SHI-0045","2022-03-20",104,2,3,4,999.0,"N",0.0,0.0,0.0,"",""
"SKU-JAC-0046","2022-03-20",123,0,2,6,999.0,"N",0.0,0.0,0.0,"",""
"SKU-PAN-0047","2022-03-20",100,0,1,2,999.0,"N",0.0,0.0,0.0,"",""
"SKU-CRO-0048","2022-03-20",50,0,1,3,999.0,"N",0.0,0.0,0.0,"",""
"SKU-TSH-0049","2022-03-20",117,2,4,7,877.5,"N",0.0,0.0,0.0,"",""
"SKU-SHO-0050","2022-03-20",111,0,1,9,999.0,"N",0.0,0.0,0.0,"",""
"SKU-SHI-0051","2022-03-20",66,1,2,6,990.0,"N",0.0,0.0,0.0,"",""
"SKU-SHI-0052","2022-03-20",76,0,1,2,999.0,"N",0.0,0.0,0.0,"",""
"SKU-JAC-0053","2022-03-20",67,0,2,3,999.0,"N",0.0,0.0,0.0,"",""
"SKU-SHI-0054","2022-03-20",74,0,1,2,999.0,"N",0.0,0.0,0.0,"",""
"SKU-JAC-0055","2022-03-20",107,0,2,4,999.0,"N",0.0,0.0,0.0,"",""
"SKU-SHI-0001","2022-03-27",0,46,190,346,0.0,"N",0.0,0.0,0.0,"",""
"SKU-PAN-0002","2022-03-27",0,20,70,138,0.0,"N",0.0,0.0,0.0,"",""
"SKU-SHI-0003","2022-03-27",0,12,64,110,0.0,"N",0.0,0.0,0.0,"",""
"SKU-TSH-0004","2022-03-27",16,6,36,65,13.3,"N",100.0,539.0,45.0,"2022-05-10","2022-05-11"
"SKU-CRO-0005","2022-03-27",0,7,27,46,0.0,"N",0.0,0.0,0.0,"",""
"SKU-SHI-0006","2022-03-27",33,5,23,43,43.0,"N",0.0,0.0,0.0,"",""
"SKU-CRO-0007","2022-03-27",54,3,16,32,101.2,"N",0.0,0.0,0.0,"",""
"SKU-PAN-0008","2022-03-27",88,3,13,33,203.1,"N",0.0,0.0,0.0,"",""
"SKU-PAN-0009","2022-03-27",55,4,14,29,117.9,"N",0.0,0.0,0.0,"",""
"SKU-TSH-0010","2022-03-27",34,2,17,40,60.0,"N",0.0,0.0,0.0,"",""
"SKU-SHO-0011","2022-03-27",94,3,12,23,235.0,"N",0.0,0.0,0.0,"",""
"SKU-TSH-0012","2022-03-27",25,4,15,25,50.0,"N",0.0,0.0,0.0,"",""
"SKU-SHI-0013","2022-03-27",56,5,14,21,120.0,"N",0.0,0.0,0.0,"",""
"SKU-CRO-0014","2022-03-27",22,4,13,21,50.8,"N",0.0,0.0,0.0,"",""
"SKU-SHI-0015","2022-03-27",120,1,9,15,400.0,"N",0.0,0.0,0.0,"",""
"SKU-PAN-0016","2022-03-27",101,3,9,20,336.7,"N",0.0,0.0,0.0,"",""
"SKU-SHI-0017","2022-03-27",61,1,8,15,228.8,"N",0.0,0.0,0.0,"",""
"SKU-PAN-0018","2022-03-27",103,0,8,11,386.2,"N",0.0,0.0,0.0,"",""
"SKU-CRO-0019","2022-03-27",42,0,8,10,157.5,"N",0.0,0.0,0.0,"",""
"SKU-PAN-0020","2022-03-27",69,1,8,15,258.8,"N",0.0,0.0,0.0,"",""
"SKU-PAN-0021","2022-03-27",64,2,10,16,192.0,"N",0.0,0.0,0.0,"",""
"SKU-PAN-0022","2022-03-27",94,1,5,12,564.0,"N",0.0,0.0,0.0,"",""
"SKU-SHO-0023","2022-03-27",107,1,5,16,642.0,"N",0.0,0.0,0.0,"",""
"SKU-SHI-0024","2022-03-27",43,2,8,16,161.2,"N",0.0,0.0,0.0,"",""
"SKU-JAC-0025","2022-03-27",70,1,10,16,210.0,"N",0.0,0.0,0.0,"",""
"SKU-PAN-0026","2022-03-27",76,2,3,8,760.0,"N",0.0,0.0,0.0,"",""
"SKU-JAC-0027","2022-03-27",40,0,1,4,999.0,"N",0.0,0.0,0.0,"",""
"SKU-PAN-0028","2022-03-27",89,1,9,14,296.7,"N",0.0,0.0,0.0,"",""
"SKU-TSH-0029","2022-03-27",86,1,6,9,430.0,"N",0.0,0.0,0.0,"",""
"SKU-CRO-0030","2022-03-27",50,3,6,10,250.0,"N",0.0,0.0,0.0,"",""
"SKU-JAC-0031","2022-03-27",40,1,3,7,400.0,"N",0.0,0.0,0.0,"",""
"SKU-TSH-0032","2022-03-27",89,0,1,2,999.0,"N",0.0,0.0,0.0,"",""
"SKU-SHO-0033","2022-03-27",112,1,3,6,999.0,"N",0.0,0.0,0.0,"",""
"SKU-PAN-0034","2022-03-27",58,1,4,5,435.0,"N",0.0,0.0,0.0,"",""
"SKU-CRO-0035","2022-03-27",42,0,1,9,999.0,"N",0.0,0.0,0.0,"",""
"SKU-SHI-0036","2022-03-27",122,0,1,5,999.0,"N",0.0,0.0,0.0,"",""
"SKU-CRO-0037","2022-03-27",111,0,1,4,999.0,"N",0.0,0.0,0.0,"",""
"SKU-CRO-0038","2022-03-27",34,1,7,11,145.7,"N",0.0,0.0,0.0,"",""
"SKU-SHO-0039","2022-03-27",102,0,6,9,510.0,"N",0.0,0.0,0.0,"",""
"SKU-SHO-0040","2022-03-27",121,0,3,4,999.0,"N",0.0,0.0,0.0,"",""
"SKU-TSH-0041","2022-03-27",118,2,5,9,708.0,"N",0.0,0.0,0.0,"",""
"SKU-CRO-0042","2022-03-27",120,0,2,4,999.0,"N",0.0,0.0,0.0,"",""
"SKU-CRO-0043","2022-03-27",53,0,3,5,530.0,"N",0.0,0.0,0.0,"",""
"SKU-JAC-0044","2022-03-27",104,0,1,2,999.0,"N",0.0,0.0,0.0,"",""
"SKU-SHI-0045","2022-03-27",104,0,2,4,999.0,"N",0.0,0.0,0.0,"",""
"SKU-JAC-0046","2022-03-27",120,3,3,7,999.0,"N",0.0,0.0,0.0,"",""
"SKU-PAN-0047","2022-03-27",100,0,1,2,999.0,"N",0.0,0.0,0.0,"",""
"SKU-CRO-0048","2022-03-27",50,0,0,3,999.0,"N",0.0,0.0,0.0,"",""
"SKU-TSH-0049","2022-03-27",116,1,5,6,696.0,"N",0.0,0.0,0.0,"",""
"SKU-SHO-0050","2022-03-27",110,1,2,9,999.0,"N",0.0,0.0,0.0,"",""
"SKU-SHI-0051","2022-03-27",66,0,2,5,990.0,"N",0.0,0.0,0.0,"",""
"SKU-SHI-0052","2022-03-27",75,1,2,3,999.0,"N",0.0,0.0,0.0,"",""
"SKU-JAC-0053","2022-03-27",67,0,1,2,999.0,"N",0.0,0.0,0.0,"",""
"SKU-SHI-0054","2022-03-27",74,0,1,2,999.0,"N",0.0,0.0,0.0,"",""
"SKU-JAC-0055","2022-03-27",106,1,3,4,999.0,"N",0.0,0.0,0.0,"",""
"SKU-SHI-0001","2022-04-03",0,40,185,341,0.0,"N",314.0,705.0,40.0,"2022-05-08","2022-05-13"
"SKU-PAN-0002","2022-04-03",0,12,75,133,0.0,"N",0.0,0.0,0.0,"",""
"SKU-SHI-0003","2022-04-03",0,19,70,109,0.0,"N",0.0,0.0,0.0,"",""
"SKU-TSH-0004","2022-04-03",4,12,42,65,2.9,"N",0.0,0.0,0.0,"",""
"SKU-CRO-0005","2022-04-03",0,5,27,46,0.0,"N",50.0,846.0,57.0,"2022-05-27","2022-05-30"
"SKU-SHI-0006","2022-04-03",28,5,23,43,36.5,"N",0.0,0.0,0.0,"",""
"SKU-CRO-0007","2022-04-03",51,3,13,31,117.7,"N",0.0,0.0,0.0,"",""
"SKU-PAN-0008","2022-04-03",87,1,12,28,217.5,"N",0.0,0.0,0.0,"",""
"SKU-PAN-0009","2022-04-03",51,4,15,31,102.0,"N",0.0,0.0,0.0,"",""
"SKU-TSH-0010","2022-04-03",31,3,15,39,62.0,"N",0.0,0.0,0.0,"",""
"SKU-SHO-0011","2022-04-03",94,0,11,21,256.4,"N",0.0,0.0,0.0,"",""
"SKU-TSH-0012","2022-04-03",25,0,10,22,75.0,"N",0.0,0.0,0.0,"",""
"SKU-SHI-0013","2022-04-03",55,1,14,19,117.9,"N",0.0,0.0,0.0,"",""
"SKU-CRO-0014","2022-04-03",18,4,15,25,36.0,"N",0.0,0.0,0.0,"",""
"SKU-SHI-0015","2022-04-03",118,2,9,17,393.3,"N",0.0,0.0,0.0,"",""
"SKU-PAN-0016","2022-04-03",100,1,8,19,375.0,"N",0.0,0.0,0.0,"",""
"SKU-SHI-0017","2022-04-03",59,2,10,15,177.0,"N",0.0,0.0,0.0,"",""
"SKU-PAN-0018","2022-04-03",103,0,6,10,515.0,"N",0.0,0.0,0.0,"",""
"SKU-CRO-0019","2022-04-03",40,2,8,12,150.0,"N",0.0,0.0,0.0,"",""
"SKU-PAN-0020","2022-04-03",68,1,8,13,255.0,"N",0.0,0.0,0.0,"",""
"SKU-PAN-0021","2022-04-03",63,1,7,15,270.0,"N",0.0,0.0,0.0,"",""
"SKU-PAN-0022","2022-04-03",94,0,3,10,940.0,"N",0.0,0.0,0.0,"",""
"SKU-SHO-0023","2022-04-03",103,4,8,15,386.2,"N",0.0,0.0,0.0,"",""
"SKU-SHI-0024","2022-04-03",43,0,4,15,322.5,"N",0.0,0.0,0.0,"",""
"SKU-JAC-0025","2022-04-03",66,4,13,19,152.3,"N",0.0,0.0,0.0,"",""
"SKU-PAN-0026","2022-04-03",76,0,3,7,760.0,"N",0.0,0.0,0.0,"",""
"SKU-JAC-0027","2022-04-03",39,1,2,5,585.0,"N",0.0,0.0,0.0,"",""
"SKU-PAN-0028","2022-04-03",87,2,11,13,237.3,"N",0.0,0.0,0.0,"",""
"SKU-TSH-0029","2022-04-03",86,0,4,8,645.0,"N",0.0,0.0,0.0,"",""
"SKU-CRO-0030","2022-04-03",50,0,4,10,375.0,"N",0.0,0.0,0.0,"",""
"SKU-JAC-0031","2022-04-03",39,1,3,8,390.0,"N",0.0,0.0,0.0,"",""
"SKU-TSH-0032","2022-04-03",89,0,1,2,999.0,"N",0.0,0.0,0.0,"",""
"SKU-SHO-0033","2022-04-03",110,2,4,8,825.0,"N",0.0,0.0,0.0,"",""
"SKU-PAN-0034","2022-04-03",57,1,4,6,427.5,"N",0.0,0.0,0.0,"",""
"SKU-CRO-0035","2022-04-03",41,1,1,6,999.0,"N",0.0,0.0,0.0,"",""
"SKU-SHI-0036","2022-04-03",121,1,2,6,999.0,"N",0.0,0.0,0.0,"",""
"SKU-CRO-0037","2022-04-03",110,1,1,3,999.0,"N",0.0,0.0,0.0,"",""
"SKU-CRO-0038","2022-04-03",34,0,6,11,170.0,"N",0.0,0.0,0.0,"",""
"SKU-SHO-0039","2022-04-03",102,0,6,8,510.0,"N",0.0,0.0,0.0,"",""
"SKU-SHO-0040","2022-04-03",120,1,3,4,999.0,"N",0.0,0.0,0.0,"",""
"SKU-TSH-0041","2022-04-03",118,0,4,8,885.0,"N",0.0,0.0,0.0,"",""
"SKU-CRO-0042","2022-04-03",119,1,3,4,999.0,"N",0.0,0.0,0.0,"",""
"SKU-CRO-0043","2022-04-03",53,0,2,4,795.0,"N",0.0,0.0,0.0,"",""
"SKU-JAC-0044","2022-04-03",104,0,1,2,999.0,"N",0.0,0.0,0.0,"",""
"SKU-SHI-0045","2022-04-03",104,0,2,3,999.0,"N",0.0,0.0,0.0,"",""
"SKU-JAC-0046","2022-04-03",119,1,4,6,892.5,"N",0.0,0.0,0.0,"",""
"SKU-PAN-0047","2022-04-03",98,2,2,4,999.0,"N",0.0,0.0,0.0,"",""
"SKU-CRO-0048","2022-04-03",50,0,0,3,999.0,"N",0.0,0.0,0.0,"",""
"SKU-TSH-0049","2022-04-03",116,0,5,6,696.0,"N",0.0,0.0,0.0,"",""
"SKU-SHO-0050","2022-04-03",110,0,1,7,999.0,"N",0.0,0.0,0.0,"",""
"SKU-SHI-0051","2022-04-03",66,0,1,4,999.0,"N",0.0,0.0,0.0,"",""
"SKU-SHI-0052","2022-04-03",74,1,2,4,999.0,"N",0.0,0.0,0.0,"",""
"SKU-JAC-0053","2022-04-03",67,0,1,2,999.0,"N",0.0,0.0,0.0,"",""
"SKU-SHI-0054","2022-04-03",74,0,0,1,999.0,"N",0.0,0.0,0.0,"",""
"SKU-JAC-0055","2022-04-03",106,0,3,4,999.0,"N",0.0,0.0,0.0,"",""
"SKU-SHI-0001","2022-04-10",0,44,190,344,0.0,"N",0.0,0.0,0.0,"",""
"SKU-PAN-0002","2022-04-10",0,22,80,141,0.0,"N",167.0,982.0,49.0,"2022-05-29","2022-05-29"
"SKU-SHI-0003","2022-04-10",0,20,70,119,0.0,"N",0.0,0.0,0.0,"",""
"SKU-TSH-0004","2022-04-10",0,12,46,73,0.0,"N",0.0,0.0,0.0,"",""
"SKU-CRO-0005","2022-04-10",0,14,33,56,0.0,"N",0.0,0.0,0.0,"",""
"SKU-SHI-0006","2022-04-10",26,2,21,38,37.1,"N",0.0,0.0,0.0,"",""
"SKU-CRO-0007","2022-04-10",43,8,17,34,75.9,"N",0.0,0.0,0.0,"",""
"SKU-PAN-0008","2022-04-10",84,3,10,24,252.0,"N",0.0,0.0,0.0,"",""
"SKU-PAN-0009","2022-04-10",46,5,17,31,81.2,"N",0.0,0.0,0.0,"",""
"SKU-TSH-0010","2022-04-10",25,6,17,35,44.1,"N",0.0,0.0,0.0,"",""
"SKU-SHO-0011","2022-04-10",88,6,14,22,188.6,"N",0.0,0.0,0.0,"",""
"SKU-TSH-0012","2022-04-10",23,2,10,21,69.0,"N",0.0,0.0,0.0,"",""
"SKU-SHI-0013","2022-04-10",55,0,14,18,117.9,"N",0.0,0.0,0.0,"",""
"SKU-CRO-0014","2022-04-10",14,4,17,23,24.7,"N",0.0,0.0,0.0,"",""
"SKU-SHI-0015","2022-04-10",116,2,9,17,386.7,"N",0.0,0.0,0.0,"",""
"SKU-PAN-0016","2022-04-10",95,5,11,20,259.1,"N",0.0,0.0,0.0,"",""
"SKU-SHI-0017","2022-04-10",57,2,12,15,142.5,"N",0.0,0.0,0.0,"",""
"SKU-PAN-0018","2022-04-10",101,2,4,12,757.5,"N",0.0,0.0,0.0,"",""
"SKU-CRO-0019","2022-04-10",40,0,5,11,240.0,"N",0.0,0.0,0.0,"",""
"SKU-PAN-0020","2022-04-10",63,5,11,16,171.8,"N",0.0,0.0,0.0,"",""
"SKU-PAN-0021","2022-04-10",63,0,5,14,378.0,"N",0.0,0.0,0.0,"",""
"SKU-PAN-0022","2022-04-10",92,2,4,11,690.0,"N",0.0,0.0,0.0,"",""
"SKU-SHO-0023","2022-04-10",101,2,9,15,336.7,"N",0.0,0.0,0.0,"",""
"SKU-SHI-0024","2022-04-10",43,0,4,14,322.5,"N",0.0,0.0,0.0,"",""
"SKU-JAC-0025","2022-04-10",64,2,12,19,160.0,"N",0.0,0.0,0.0,"",""
"SKU-PAN-0026","2022-04-10",76,0,2,6,999.0,"N",0.0,0.0,0.0,"",""
"SKU-JAC-0027","2022-04-10",37,2,4,6,277.5,"N",0.0,0.0,0.0,"",""
"SKU-PAN-0028","2022-04-10",85,2,11,14,231.8,"N",0.0,0.0,0.0,"",""
"SKU-TSH-0029","2022-04-10",86,0,2,7,999.0,"N",0.0,0.0,0.0,"",""
"SKU-CRO-0030","2022-04-10",49,1,4,11,367.5,"N",0.0,0.0,0.0,"",""
"SKU-JAC-0031","2022-04-10",39,0,2,6,585.0,"N",0.0,0.0,0.0,"",""
"SKU-TSH-0032","2022-04-10",87,2,2,4,999.0,"N",0.0,0.0,0.0,"",""
"SKU-SHO-0033","2022-04-10",109,1,5,7,654.0,"N",0.0,0.0,0.0,"",""
"SKU-PAN-0034","2022-04-10",57,0,3,6,570.0,"N",0.0,0.0,0.0,"",""
"SKU-CRO-0035","2022-04-10",41,0,1,4,999.0,"N",0.0,0.0,0.0,"",""
"SKU-SHI-0036","2022-04-10",120,1,3,6,999.0,"N",0.0,0.0,0.0,"",""
"SKU-CRO-0037","2022-04-10",109,1,2,4,999.0,"N",0.0,0.0,0.0,"",""
"SKU-CRO-0038","2022-04-10",34,0,5,10,204.0,"N",0.0,0.0,0.0,"",""
"SKU-SHO-0039","2022-04-10",102,0,2,8,999.0,"N",0.0,0.0,0.0,"",""
"SKU-SHO-0040","2022-04-10",119,1,4,5,892.5,"N",0.0,0.0,0.0,"",""
"SKU-TSH-0041","2022-04-10",117,1,3,8,999.0,"N",0.0,0.0,0.0,"",""
"SKU-CRO-0042","2022-04-10",118,1,2,4,999.0,"N",0.0,0.0,0.0,"",""
"SKU-CRO-0043","2022-04-10",53,0,2,4,795.0,"N",0.0,0.0,0.0,"",""
"SKU-JAC-0044","2022-04-10",103,1,1,2,999.0,"N",0.0,0.0,0.0,"",""
"SKU-SHI-0045","2022-04-10",104,0,2,3,999.0,"N",0.0,0.0,0.0,"",""
"SKU-JAC-0046","2022-04-10",119,0,4,6,892.5,"N",0.0,0.0,0.0,"",""
"SKU-PAN-0047","2022-04-10",97,1,3,4,970.0,"N",0.0,0.0,0.0,"",""
"SKU-CRO-0048","2022-04-10",50,0,0,2,999.0,"N",0.0,0.0,0.0,"",""
"SKU-TSH-0049","2022-04-10",116,0,3,5,999.0,"N",0.0,0.0,0.0,"",""
"SKU-SHO-0050","2022-04-10",109,1,2,6,999.0,"N",0.0,0.0,0.0,"",""
"SKU-SHI-0051","2022-04-10",65,1,2,5,975.0,"N",0.0,0.0,0.0,"",""
"SKU-SHI-0052","2022-04-10",73,1,3,4,730.0,"N",0.0,0.0,0.0,"",""
"SKU-JAC-0053","2022-04-10",65,2,2,4,975.0,"N",0.0,0.0,0.0,"",""
"SKU-SHI-0054","2022-04-10",74,0,0,1,999.0,"N",0.0,0.0,0.0,"",""
"SKU-JAC-0055","2022-04-10",106,0,1,4,999.0,"N",0.0,0.0,0.0,"",""
"SKU-SHI-0001","2022-04-17",0,43,182,358,0.0,"N",0.0,0.0,0.0,"",""
"SKU-PAN-0002","2022-04-17",0,18,78,141,0.0,"N",0.0,0.0,0.0,"",""
"SKU-SHI-0003","2022-04-17",0,18,73,130,0.0,"N",144.0,1004.0,52.0,"2022-06-08","2022-06-08"
"SKU-TSH-0004","2022-04-17",0,9,41,76,0.0,"N",0.0,0.0,0.0,"",""
"SKU-CRO-0005","2022-04-17",0,9,37,61,0.0,"N",0.0,0.0,0.0,"",""
"SKU-SHI-0006","2022-04-17",15,11,25,47,18.0,"N",0.0,0.0,0.0,"",""
"SKU-CRO-0007","2022-04-17",39,4,19,35,61.6,"N",0.0,0.0,0.0,"",""
"SKU-PAN-0008","2022-04-17",81,3,11,23,220.9,"N",0.0,0.0,0.0,"",""
"SKU-PAN-0009","2022-04-17",44,2,15,28,88.0,"N",0.0,0.0,0.0,"",""
"SKU-TSH-0010","2022-04-17",22,3,16,35,41.2,"N",0.0,0.0,0.0,"",""
"SKU-SHO-0011","2022-04-17",86,2,11,22,234.5,"N",0.0,0.0,0.0,"",""
"SKU-TSH-0012","2022-04-17",19,4,11,24,51.8,"N",0.0,0.0,0.0,"",""
"SKU-SHI-0013","2022-04-17",54,1,9,19,180.0,"N",0.0,0.0,0.0,"",""
"SKU-CRO-0014","2022-04-17",14,0,14,23,30.0,"N",0.0,0.0,0.0,"",""
"SKU-SHI-0015","2022-04-17",113,3,10,18,339.0,"N",0.0,0.0,0.0,"",""
"SKU-PAN-0016","2022-04-17",92,3,13,22,212.3,"N",0.0,0.0,0.0,"",""
"SKU-SHI-0017","2022-04-17",56,1,8,15,210.0,"N",0.0,0.0,0.0,"",""
"SKU-PAN-0018","2022-04-17",100,1,4,12,750.0,"N",0.0,0.0,0.0,"",""
"SKU-CRO-0019","2022-04-17",38,2,4,13,285.0,"N",0.0,0.0,0.0,"",""
"SKU-PAN-0020","2022-04-17",60,3,10,18,180.0,"N",0.0,0.0,0.0,"",""
"SKU-PAN-0021","2022-04-17",63,0,3,12,630.0,"N",0.0,0.0,0.0,"",""
"SKU-PAN-0022","2022-04-17",90,2,5,11,540.0,"N",0.0,0.0,0.0,"",""
"SKU-SHO-0023","2022-04-17",98,3,12,18,245.0,"N",0.0,0.0,0.0,"",""
"SKU-SHI-0024","2022-04-17",41,2,4,13,307.5,"N",0.0,0.0,0.0,"",""
"SKU-JAC-0025","2022-04-17",64,0,7,17,274.3,"N",0.0,0.0,0.0,"",""
"SKU-PAN-0026","2022-04-17",75,1,3,5,750.0,"N",0.0,0.0,0.0,"",""
"SKU-JAC-0027","2022-04-17",36,1,4,6,270.0,"N",0.0,0.0,0.0,"",""
"SKU-PAN-0028","2022-04-17",84,1,6,15,420.0,"N",0.0,0.0,0.0,"",""
"SKU-TSH-0029","2022-04-17",83,3,4,9,622.5,"N",0.0,0.0,0.0,"",""
"SKU-CRO-0030","2022-04-17",47,2,6,11,235.0,"N",0.0,0.0,0.0,"",""
"SKU-JAC-0031","2022-04-17",37,2,4,7,277.5,"N",0.0,0.0,0.0,"",""
"SKU-TSH-0032","2022-04-17",87,0,2,4,999.0,"N",0.0,0.0,0.0,"",""
"SKU-SHO-0033","2022-04-17",109,0,4,6,817.5,"N",0.0,0.0,0.0,"",""
"SKU-PAN-0034","2022-04-17",56,1,3,7,560.0,"N",0.0,0.0,0.0,"",""
"SKU-CRO-0035","2022-04-17",38,3,4,7,285.0,"N",0.0,0.0,0.0,"",""
"SKU-SHI-0036","2022-04-17",119,1,4,5,892.5,"N",0.0,0.0,0.0,"",""
"SKU-CRO-0037","2022-04-17",107,2,4,5,802.5,"N",0.0,0.0,0.0,"",""
"SKU-CRO-0038","2022-04-17",33,1,2,10,495.0,"N",0.0,0.0,0.0,"",""
"SKU-SHO-0039","2022-04-17",102,0,1,8,999.0,"N",0.0,0.0,0.0,"",""
"SKU-SHO-0040","2022-04-17",118,1,3,6,999.0,"N",0.0,0.0,0.0,"",""
"SKU-TSH-0041","2022-04-17",117,0,3,7,999.0,"N",0.0,0.0,0.0,"",""
"SKU-CRO-0042","2022-04-17",118,0,2,4,999.0,"N",0.0,0.0,0.0,"",""
"SKU-CRO-0043","2022-04-17",51,2,3,5,510.0,"N",0.0,0.0,0.0,"",""
"SKU-JAC-0044","2022-04-17",102,1,2,3,999.0,"N",0.0,0.0,0.0,"",""
"SKU-SHI-0045","2022-04-17",102,2,2,5,999.0,"N",0.0,0.0,0.0,"",""
"SKU-JAC-0046","2022-04-17",119,0,4,6,892.5,"N",0.0,0.0,0.0,"",""
"SKU-PAN-0047","2022-04-17",97,0,3,4,970.0,"N",0.0,0.0,0.0,"",""
"SKU-CRO-0048","2022-04-17",48,2,2,3,720.0,"N",0.0,0.0,0.0,"",""
"SKU-TSH-0049","2022-04-17",114,2,3,7,999.0,"N",0.0,0.0,0.0,"",""
"SKU-SHO-0050","2022-04-17",108,1,3,5,999.0,"N",0.0,0.0,0.0,"",""
"SKU-SHI-0051","2022-04-17",64,1,2,5,960.0,"N",0.0,0.0,0.0,"",""
"SKU-SHI-0052","2022-04-17",73,0,3,4,730.0,"N",0.0,0.0,0.0,"",""
"SKU-JAC-0053","2022-04-17",64,1,3,5,640.0,"N",0.0,0.0,0.0,"",""
"SKU-SHI-0054","2022-04-17",72,2,2,3,999.0,"N",0.0,0.0,0.0,"",""
"SKU-JAC-0055","2022-04-17",105,1,2,5,999.0,"N",0.0,0.0,0.0,"",""
"SKU-SHI-0001","2022-04-24",0,56,194,382,0.0,"N",0.0,0.0,0.0,"",""
"SKU-PAN-0002","2022-04-24",0,19,82,144,0.0,"N",0.0,0.0,0.0,"",""
"SKU-SHI-0003","2022-04-24",0,6,67,131,0.0,"N",0.0,0.0,0.0,"",""
"SKU-TSH-0004","2022-04-24",0,9,43,80,0.0,"N",116.0,539.0,49.0,"2022-06-11","2022-06-12"
"SKU-CRO-0005","2022-04-24",0,4,36,61,0.0,"N",0.0,0.0,0.0,"",""
"SKU-SHI-0006","2022-04-24",10,5,25,47,12.0,"N",82.0,1097.0,53.0,"2022-06-14","2022-06-16"
"SKU-CRO-0007","2022-04-24",34,5,20,36,51.0,"N",0.0,0.0,0.0,"",""
"SKU-PAN-0008","2022-04-24",73,8,16,29,136.9,"N",0.0,0.0,0.0,"",""
"SKU-PAN-0009","2022-04-24",40,4,15,30,80.0,"N",0.0,0.0,0.0,"",""
"SKU-TSH-0010","2022-04-24",19,3,16,32,35.6,"N",0.0,0.0,0.0,"",""
"SKU-SHO-0011","2022-04-24",82,4,12,25,205.0,"N",0.0,0.0,0.0,"",""
"SKU-TSH-0012","2022-04-24",15,4,12,26,37.5,"N",0.0,0.0,0.0,"",""
"SKU-SHI-0013","2022-04-24",52,2,6,19,260.0,"N",0.0,0.0,0.0,"",""
"SKU-CRO-0014","2022-04-24",13,1,11,23,35.5,"N",0.0,0.0,0.0,"",""
"SKU-SHI-0015","2022-04-24",113,0,7,16,484.3,"N",0.0,0.0,0.0,"",""
"SKU-PAN-0016","2022-04-24",90,2,13,22,207.7,"N",0.0,0.0,0.0,"",""
"SKU-SHI-0017","2022-04-24",54,2,7,15,231.4,"N",0.0,0.0,0.0,"",""
"SKU-PAN-0018","2022-04-24",98,2,5,14,588.0,"N",0.0,0.0,0.0,"",""
"SKU-CRO-0019","2022-04-24",36,2,6,14,180.0,"N",0.0,0.0,0.0,"",""
"SKU-PAN-0020","2022-04-24",59,1,11,18,160.9,"N",0.0,0.0,0.0,"",""
"SKU-PAN-0021","2022-04-24",62,1,2,13,930.0,"N",0.0,0.0,0.0,"",""
"SKU-PAN-0022","2022-04-24",88,2,7,11,377.1,"N",0.0,0.0,0.0,"",""
"SKU-SHO-0023","2022-04-24",93,5,14,20,199.3,"N",0.0,0.0,0.0,"",""
"SKU-SHI-0024","2022-04-24",40,1,4,11,300.0,"N",0.0,0.0,0.0,"",""
"SKU-JAC-0025","2022-04-24",61,3,10,19,183.0,"N",0.0,0.0,0.0,"",""
"SKU-PAN-0026","2022-04-24",74,1,3,5,740.0,"N",0.0,0.0,0.0,"",""
"SKU-JAC-0027","2022-04-24",35,1,5,6,210.0,"N",0.0,0.0,0.0,"",""
"SKU-PAN-0028","2022-04-24",83,1,7,15,355.7,"N",0.0,0.0,0.0,"",""
"SKU-TSH-0029","2022-04-24",82,1,5,10,492.0,"N",0.0,0.0,0.0,"",""
"SKU-CRO-0030","2022-04-24",45,2,5,11,270.0,"N",0.0,0.0,0.0,"",""
"SKU-JAC-0031","2022-04-24",35,2,5,8,210.0,"N",0.0,0.0,0.0,"",""
"SKU-TSH-0032","2022-04-24",86,1,3,5,860.0,"N",0.0,0.0,0.0,"",""
"SKU-SHO-0033","2022-04-24",107,2,5,8,642.0,"N",0.0,0.0,0.0,"",""
"SKU-PAN-0034","2022-04-24",56,0,3,7,560.0,"N",0.0,0.0,0.0,"",""
"SKU-CRO-0035","2022-04-24",37,1,5,7,222.0,"N",0.0,0.0,0.0,"",""
"SKU-SHI-0036","2022-04-24",117,2,5,6,702.0,"N",0.0,0.0,0.0,"",""
"SKU-CRO-0037","2022-04-24",106,1,5,6,636.0,"N",0.0,0.0,0.0,"",""
"SKU-CRO-0038","2022-04-24",32,1,3,10,320.0,"N",0.0,0.0,0.0,"",""
"SKU-SHO-0039","2022-04-24",102,0,0,7,999.0,"N",0.0,0.0,0.0,"",""
"SKU-SHO-0040","2022-04-24",117,1,4,7,877.5,"N",0.0,0.0,0.0,"",""
"SKU-TSH-0041","2022-04-24",116,1,3,7,999.0,"N",0.0,0.0,0.0,"",""
"SKU-CRO-0042","2022-04-24",117,1,3,5,999.0,"N",0.0,0.0,0.0,"",""
"SKU-CRO-0043","2022-04-24",51,0,2,5,765.0,"N",0.0,0.0,0.0,"",""
"SKU-JAC-0044","2022-04-24",101,1,3,4,999.0,"N",0.0,0.0,0.0,"",""
"SKU-SHI-0045","2022-04-24",102,0,2,4,999.0,"N",0.0,0.0,0.0,"",""
"SKU-JAC-0046","2022-04-24",118,1,3,6,999.0,"N",0.0,0.0,0.0,"",""
"SKU-PAN-0047","2022-04-24",97,0,3,4,970.0,"N",0.0,0.0,0.0,"",""
"SKU-CRO-0048","2022-04-24",48,0,2,2,720.0,"N",0.0,0.0,0.0,"",""
"SKU-TSH-0049","2022-04-24",114,0,3,7,999.0,"N",0.0,0.0,0.0,"",""
"SKU-SHO-0050","2022-04-24",107,1,3,5,999.0,"N",0.0,0.0,0.0,"",""
"SKU-SHI-0051","2022-04-24",64,0,2,4,960.0,"N",0.0,0.0,0.0,"",""
"SKU-SHI-0052","2022-04-24",72,1,3,5,720.0,"N",0.0,0.0,0.0,"",""
"SKU-JAC-0053","2022-04-24",64,0,3,4,640.0,"N",0.0,0.0,0.0,"",""
"SKU-SHI-0054","2022-04-24",72,0,2,3,999.0,"N",0.0,0.0,0.0,"",""
"SKU-JAC-0055","2022-04-24",105,0,1,4,999.0,"N",0.0,0.0,0.0,"",""
"SKU-SHI-0001","2022-05-01",0,52,211,399,0.0,"N",360.0,705.0,51.0,"2022-06-19","2022-06-21"
"SKU-PAN-0002","2022-05-01",0,18,79,154,0.0,"N",0.0,0.0,0.0,"",""
"SKU-SHI-0003","2022-05-01",0,10,61,128,0.0,"N",0.0,0.0,0.0,"",""
"SKU-TSH-0004","2022-05-01",0,9,44,82,0.0,"N",0.0,0.0,0.0,"",""
"SKU-CRO-0005","2022-05-01",0,6,35,62,0.0,"N",92.0,846.0,45.0,"2022-06-15","2022-06-15"
"SKU-SHI-0006","2022-05-01",6,4,23,48,7.8,"N",0.0,0.0,0.0,"",""
"SKU-CRO-0007","2022-05-01",32,2,20,32,48.0,"N",0.0,0.0,0.0,"",""
"SKU-PAN-0008","2022-05-01",66,7,21,33,94.3,"N",0.0,0.0,0.0,"",""
"SKU-PAN-0009","2022-05-01",36,4,18,30,60.0,"N",0.0,0.0,0.0,"",""
"SKU-TSH-0010","2022-05-01",14,5,18,33,23.3,"N",0.0,0.0,0.0,"",""
"SKU-SHO-0011","2022-05-01",77,5,17,28,135.9,"N",0.0,0.0,0.0,"",""
"SKU-TSH-0012","2022-05-01",11,4,14,26,23.6,"N",0.0,0.0,0.0,"",""
"SKU-SHI-0013","2022-05-01",50,2,5,19,300.0,"N",0.0,0.0,0.0,"",""
"SKU-CRO-0014","2022-05-01",11,2,8,23,41.2,"N",0.0,0.0,0.0,"",""
"SKU-SHI-0015","2022-05-01",111,2,7,17,475.7,"N",0.0,0.0,0.0,"",""
"SKU-PAN-0016","2022-05-01",88,2,12,20,220.0,"N",0.0,0.0,0.0,"",""
"SKU-SHI-0017","2022-05-01",53,1,7,16,227.1,"N",0.0,0.0,0.0,"",""
"SKU-PAN-0018","2022-05-01",96,2,7,13,411.4,"N",0.0,0.0,0.0,"",""
"SKU-CRO-0019","2022-05-01",34,2,6,14,170.0,"N",0.0,0.0,0.0,"",""
"SKU-PAN-0020","2022-05-01",59,0,9,17,196.7,"N",0.0,0.0,0.0,"",""
"SKU-PAN-0021","2022-05-01",57,5,6,13,285.0,"N",0.0,0.0,0.0,"",""
"SKU-PAN-0022","2022-05-01",86,2,8,13,322.5,"N",0.0,0.0,0.0,"",""
"SKU-SHO-0023","2022-05-01",91,2,15,21,182.0,"N",0.0,0.0,0.0,"",""
"SKU-SHI-0024","2022-05-01",37,3,6,10,185.0,"N",0.0,0.0,0.0,"",""
"SKU-JAC-0025","2022-05-01",60,1,6,19,300.0,"N",0.0,0.0,0.0,"",""
"SKU-PAN-0026","2022-05-01",72,2,4,7,540.0,"N",0.0,0.0,0.0,"",""
"SKU-JAC-0027","2022-05-01",34,1,6,7,170.0,"N",0.0,0.0,0.0,"",""
"SKU-PAN-0028","2022-05-01",79,4,8,19,296.2,"N",0.0,0.0,0.0,"",""
"SKU-TSH-0029","2022-05-01",82,0,4,9,615.0,"N",0.0,0.0,0.0,"",""
"SKU-CRO-0030","2022-05-01",45,0,5,9,270.0,"N",0.0,0.0,0.0,"",""
"SKU-JAC-0031","2022-05-01",34,1,5,8,204.0,"N",0.0,0.0,0.0,"",""
"SKU-TSH-0032","2022-05-01",85,1,4,5,637.5,"N",0.0,0.0,0.0,"",""
"SKU-SHO-0033","2022-05-01",105,2,6,9,525.0,"N",0.0,0.0,0.0,"",""
"SKU-PAN-0034","2022-05-01",56,0,2,6,840.0,"N",0.0,0.0,0.0,"",""
"SKU-CRO-0035","2022-05-01",37,0,5,5,222.0,"N",0.0,0.0,0.0,"",""
"SKU-SHI-0036","2022-05-01",116,1,6,7,580.0,"N",0.0,0.0,0.0,"",""
"SKU-CRO-0037","2022-05-01",106,0,4,6,795.0,"N",0.0,0.0,0.0,"",""
"SKU-CRO-0038","2022-05-01",32,0,2,8,480.0,"N",0.0,0.0,0.0,"",""
"SKU-SHO-0039","2022-05-01",102,0,0,6,999.0,"N",0.0,0.0,0.0,"",""
"SKU-SHO-0040","2022-05-01",116,1,4,7,870.0,"N",0.0,0.0,0.0,"",""
"SKU-TSH-0041","2022-05-01",116,0,2,7,999.0,"N",0.0,0.0,0.0,"",""
"SKU-CRO-0042","2022-05-01",115,2,4,7,862.5,"N",0.0,0.0,0.0,"",""
"SKU-CRO-0043","2022-05-01",50,1,3,5,500.0,"N",0.0,0.0,0.0,"",""
"SKU-JAC-0044","2022-05-01",101,0,3,4,999.0,"N",0.0,0.0,0.0,"",""
"SKU-SHI-0045","2022-05-01",101,1,3,5,999.0,"N",0.0,0.0,0.0,"",""
"SKU-JAC-0046","2022-05-01",118,0,2,5,999.0,"N",0.0,0.0,0.0,"",""
"SKU-PAN-0047","2022-05-01",96,1,2,4,999.0,"N",0.0,0.0,0.0,"",""
"SKU-CRO-0048","2022-05-01",47,1,3,3,470.0,"N",0.0,0.0,0.0,"",""
"SKU-TSH-0049","2022-05-01",114,0,2,7,999.0,"N",0.0,0.0,0.0,"",""
"SKU-SHO-0050","2022-05-01",107,0,3,5,999.0,"N",0.0,0.0,0.0,"",""
"SKU-SHI-0051","2022-05-01",64,0,2,3,960.0,"N",0.0,0.0,0.0,"",""
"SKU-SHI-0052","2022-05-01",72,0,2,4,999.0,"N",0.0,0.0,0.0,"",""
"SKU-JAC-0053","2022-05-01",64,0,3,4,640.0,"N",0.0,0.0,0.0,"",""
"SKU-SHI-0054","2022-05-01",72,0,2,2,999.0,"N",0.0,0.0,0.0,"",""
"SKU-JAC-0055","2022-05-01",105,0,1,4,999.0,"N",0.0,0.0,0.0,"",""
"SKU-SHI-0001","2022-05-08",0,34,200,384,0.0,"N",0.0,0.0,0.0,"",""
"SKU-PAN-0002","2022-05-08",0,19,81,158,0.0,"N",166.0,982.0,46.0,"2022-06-20","2022-06-23"
"SKU-SHI-0003","2022-05-08",0,9,51,118,0.0,"N",0.0,0.0,0.0,"",""
"SKU-TSH-0004","2022-05-08",0,7,40,81,0.0,"N",0.0,0.0,0.0,"",""
"SKU-CRO-0005","2022-05-08",0,9,32,63,0.0,"N",0.0,0.0,0.0,"",""
"SKU-SHI-0006","2022-05-08",3,3,23,45,3.9,"N",0.0,0.0,0.0,"",""
"SKU-CRO-0007","2022-05-08",28,4,18,33,46.7,"N",0.0,0.0,0.0,"",""
"SKU-PAN-0008","2022-05-08",59,7,27,35,65.6,"N",0.0,0.0,0.0,"",""
"SKU-PAN-0009","2022-05-08",33,3,16,30,61.9,"N",0.0,0.0,0.0,"",""
"SKU-TSH-0010","2022-05-08",12,2,15,31,24.0,"N",0.0,0.0,0.0,"",""
"SKU-SHO-0011","2022-05-08",76,1,14,28,162.9,"N",0.0,0.0,0.0,"",""
"SKU-TSH-0012","2022-05-08",8,3,16,27,15.0,"N",68.0,715.0,49.0,"2022-06-24","2022-06-26"
"SKU-SHI-0013","2022-05-08",49,1,6,20,245.0,"N",0.0,0.0,0.0,"",""
"SKU-CRO-0014","2022-05-08",9,2,7,23,38.6,"N",0.0,0.0,0.0,"",""
"SKU-SHI-0015","2022-05-08",109,2,7,16,467.1,"N",0.0,0.0,0.0,"",""
"SKU-PAN-0016","2022-05-08",84,4,11,23,229.1,"N",0.0,0.0,0.0,"",""
"SKU-SHI-0017","2022-05-08",51,2,7,18,218.6,"N",0.0,0.0,0.0,"",""
"SKU-PAN-0018","2022-05-08",96,0,5,9,576.0,"N",0.0,0.0,0.0,"",""
"SKU-CRO-0019","2022-05-08",33,1,7,14,141.4,"N",0.0,0.0,0.0,"",""
"SKU-PAN-0020","2022-05-08",59,0,5,16,354.0,"N",0.0,0.0,0.0,"",""
"SKU-PAN-0021","2022-05-08",57,0,6,11,285.0,"N",0.0,0.0,0.0,"",""
"SKU-PAN-0022","2022-05-08",84,2,8,12,315.0,"N",0.0,0.0,0.0,"",""
"SKU-SHO-0023","2022-05-08",89,2,12,22,222.5,"N",0.0,0.0,0.0,"",""
"SKU-SHI-0024","2022-05-08",35,2,8,12,131.2,"N",0.0,0.0,0.0,"",""
"SKU-JAC-0025","2022-05-08",59,1,7,17,252.9,"N",0.0,0.0,0.0,"",""
"SKU-PAN-0026","2022-05-08",72,0,4,7,540.0,"N",0.0,0.0,0.0,"",""
"SKU-JAC-0027","2022-05-08",34,0,5,7,204.0,"N",0.0,0.0,0.0,"",""
"SKU-PAN-0028","2022-05-08",77,2,8,20,288.8,"N",0.0,0.0,0.0,"",""
"SKU-TSH-0029","2022-05-08",82,0,4,6,615.0,"N",0.0,0.0,0.0,"",""
"SKU-CRO-0030","2022-05-08",44,1,5,10,264.0,"N",0.0,0.0,0.0,"",""
"SKU-JAC-0031","2022-05-08",34,0,5,8,204.0,"N",0.0,0.0,0.0,"",""
"SKU-TSH-0032","2022-05-08",84,1,3,5,840.0,"N",0.0,0.0,0.0,"",""
"SKU-SHO-0033","2022-05-08",105,0,4,9,787.5,"N",0.0,0.0,0.0,"",""
"SKU-PAN-0034","2022-05-08",56,0,1,4,999.0,"N",0.0,0.0,0.0,"",""
"SKU-CRO-0035","2022-05-08",36,1,5,6,216.0,"N",0.0,0.0,0.0,"",""
"SKU-SHI-0036","2022-05-08",116,0,4,7,870.0,"N",0.0,0.0,0.0,"",""
"SKU-CRO-0037","2022-05-08",106,0,3,5,999.0,"N",0.0,0.0,0.0,"",""
"SKU-CRO-0038","2022-05-08",32,0,2,7,480.0,"N",0.0,0.0,0.0,"",""
"SKU-SHO-0039","2022-05-08",101,1,1,6,999.0,"N",0.0,0.0,0.0,"",""
"SKU-SHO-0040","2022-05-08",115,1,4,8,862.5,"N",0.0,0.0,0.0,"",""
"SKU-TSH-0041","2022-05-08",115,1,2,5,999.0,"N",0.0,0.0,0.0,"",""
"SKU-CRO-0042","2022-05-08",112,3,6,8,560.0,"N",0.0,0.0,0.0,"",""
"SKU-CRO-0043","2022-05-08",49,1,4,6,367.5,"N",0.0,0.0,0.0,"",""
"SKU-JAC-0044","2022-05-08",100,1,3,4,999.0,"N",0.0,0.0,0.0,"",""
"SKU-SHI-0045","2022-05-08",98,3,6,8,490.0,"N",0.0,0.0,0.0,"",""
"SKU-JAC-0046","2022-05-08",118,0,1,5,999.0,"N",0.0,0.0,0.0,"",""
"SKU-PAN-0047","2022-05-08",96,0,1,4,999.0,"N",0.0,0.0,0.0,"",""
"SKU-CRO-0048","2022-05-08",47,0,3,3,470.0,"N",0.0,0.0,0.0,"",""
"SKU-TSH-0049","2022-05-08",114,0,2,5,999.0,"N",0.0,0.0,0.0,"",""
"SKU-SHO-0050","2022-05-08",107,0,2,4,999.0,"N",0.0,0.0,0.0,"",""
"SKU-SHI-0051","2022-05-08",64,0,1,3,999.0,"N",0.0,0.0,0.0,"",""
"SKU-SHI-0052","2022-05-08",72,0,1,4,999.0,"N",0.0,0.0,0.0,"",""
"SKU-JAC-0053","2022-05-08",64,0,2,3,960.0,"N",0.0,0.0,0.0,"",""
"SKU-SHI-0054","2022-05-08",72,0,2,2,999.0,"N",0.0,0.0,0.0,"",""
"SKU-JAC-0055","2022-05-08",105,0,1,2,999.0,"N",0.0,0.0,0.0,"",""
"SKU-SHI-0001","2022-05-15",0,28,178,364,0.0,"N",0.0,0.0,0.0,"",""
"SKU-PAN-0002","2022-05-15",0,13,73,152,0.0,"N",0.0,0.0,0.0,"",""
"SKU-SHI-0003","2022-05-15",0,6,38,107,0.0,"N",81.0,1004.0,28.0,"2022-06-12","2022-06-12"
"SKU-TSH-0004","2022-05-15",0,11,38,82,0.0,"N",0.0,0.0,0.0,"",""
"SKU-CRO-0005","2022-05-15",0,4,26,64,0.0,"N",0.0,0.0,0.0,"",""
"SKU-SHI-0006","2022-05-15",0,7,24,48,0.0,"N",0.0,0.0,0.0,"",""
"SKU-CRO-0007","2022-05-15",23,5,18,36,38.3,"N",0.0,0.0,0.0,"",""
"SKU-PAN-0008","2022-05-15",54,5,28,39,57.9,"N",0.0,0.0,0.0,"",""
"SKU-PAN-0009","2022-05-15",28,5,17,33,49.4,"N",0.0,0.0,0.0,"",""
"SKU-TSH-0010","2022-05-15",9,3,13,30,20.8,"N",0.0,0.0,0.0,"",""
"SKU-SHO-0011","2022-05-15",75,1,13,23,173.1,"N",0.0,0.0,0.0,"",""
"SKU-TSH-0012","2022-05-15",5,3,14,25,10.7,"N",0.0,0.0,0.0,"",""
"SKU-SHI-0013","2022-05-15",47,2,8,20,176.2,"N",0.0,0.0,0.0,"",""
"SKU-CRO-0014","2022-05-15",6,3,8,24,22.5,"N",0.0,0.0,0.0,"",""
"SKU-SHI-0015","2022-05-15",109,0,5,15,654.0,"N",0.0,0.0,0.0,"",""
"SKU-PAN-0016","2022-05-15",81,3,12,24,202.5,"N",0.0,0.0,0.0,"",""
"SKU-SHI-0017","2022-05-15",48,3,8,19,180.0,"N",0.0,0.0,0.0,"",""
"SKU-PAN-0018","2022-05-15",95,1,5,10,570.0,"N",0.0,0.0,0.0,"",""
"SKU-CRO-0019","2022-05-15",31,2,7,11,132.9,"N",0.0,0.0,0.0,"",""
"SKU-PAN-0020","2022-05-15",58,1,2,13,870.0,"N",0.0,0.0,0.0,"",""
"SKU-PAN-0021","2022-05-15",57,0,6,10,285.0,"N",0.0,0.0,0.0,"",""
"SKU-PAN-0022","2022-05-15",83,1,9,12,276.7,"N",0.0,0.0,0.0,"",""
"SKU-SHO-0023","2022-05-15",86,3,13,24,198.5,"N",0.0,0.0,0.0,"",""
"SKU-SHI-0024","2022-05-15",35,0,7,10,150.0,"N",0.0,0.0,0.0,"",""
"SKU-JAC-0025","2022-05-15",59,0,5,13,354.0,"N",0.0,0.0,0.0,"",""
"SKU-PAN-0026","2022-05-15",71,1,5,7,426.0,"N",0.0,0.0,0.0,"",""
"SKU-JAC-0027","2022-05-15",33,1,3,7,330.0,"N",0.0,0.0,0.0,"",""
"SKU-PAN-0028","2022-05-15",77,0,8,14,288.8,"N",0.0,0.0,0.0,"",""
"SKU-TSH-0029","2022-05-15",82,0,1,6,999.0,"N",0.0,0.0,0.0,"",""
"SKU-CRO-0030","2022-05-15",44,0,4,9,330.0,"N",0.0,0.0,0.0,"",""
"SKU-JAC-0031","2022-05-15",34,0,4,7,255.0,"N",0.0,0.0,0.0,"",""
"SKU-TSH-0032","2022-05-15",84,0,3,5,840.0,"N",0.0,0.0,0.0,"",""
"SKU-SHO-0033","2022-05-15",105,0,4,8,787.5,"N",0.0,0.0,0.0,"",""
"SKU-PAN-0034","2022-05-15",56,0,0,3,999.0,"N",0.0,0.0,0.0,"",""
"SKU-CRO-0035","2022-05-15",36,0,2,6,540.0,"N",0.0,0.0,0.0,"",""
"SKU-SHI-0036","2022-05-15",116,0,4,7,870.0,"N",0.0,0.0,0.0,"",""
"SKU-CRO-0037","2022-05-15",105,1,2,6,999.0,"N",0.0,0.0,0.0,"",""
"SKU-CRO-0038","2022-05-15",28,4,5,9,168.0,"N",0.0,0.0,0.0,"",""
"SKU-SHO-0039","2022-05-15",100,1,2,4,999.0,"N",0.0,0.0,0.0,"",""
"SKU-SHO-0040","2022-05-15",114,1,4,7,855.0,"N",0.0,0.0,0.0,"",""
"SKU-TSH-0041","2022-05-15",115,0,2,5,999.0,"N",0.0,0.0,0.0,"",""
"SKU-CRO-0042","2022-05-15",111,1,7,9,475.7,"N",0.0,0.0,0.0,"",""
"SKU-CRO-0043","2022-05-15",49,0,3,5,490.0,"N",0.0,0.0,0.0,"",""
"SKU-JAC-0044","2022-05-15",100,0,2,4,999.0,"N",0.0,0.0,0.0,"",""
"SKU-SHI-0045","2022-05-15",98,0,4,7,735.0,"N",0.0,0.0,0.0,"",""
"SKU-JAC-0046","2022-05-15",118,0,1,5,999.0,"N",0.0,0.0,0.0,"",""
"SKU-PAN-0047","2022-05-15",96,0,1,4,999.0,"N",0.0,0.0,0.0,"",""
"SKU-CRO-0048","2022-05-15",46,1,3,4,460.0,"N",0.0,0.0,0.0,"",""
"SKU-TSH-0049","2022-05-15",114,0,0,3,999.0,"N",0.0,0.0,0.0,"",""
"SKU-SHO-0050","2022-05-15",107,0,2,4,999.0,"N",0.0,0.0,0.0,"",""
"SKU-SHI-0051","2022-05-15",62,2,2,4,930.0,"N",0.0,0.0,0.0,"",""
"SKU-SHI-0052","2022-05-15",72,0,1,4,999.0,"N",0.0,0.0,0.0,"",""
"SKU-JAC-0053","2022-05-15",64,0,0,3,999.0,"N",0.0,0.0,0.0,"",""
"SKU-SHI-0054","2022-05-15",71,1,1,3,999.0,"N",0.0,0.0,0.0,"",""
"SKU-JAC-0055","2022-05-15",104,1,1,3,999.0,"N",0.0,0.0,0.0,"",""
"SKU-SHI-0001","2022-05-22",0,52,185,373,0.0,"N",0.0,0.0,0.0,"",""
"SKU-PAN-0002","2022-05-22",0,20,76,155,0.0,"N",0.0,0.0,0.0,"",""
"SKU-SHI-0003","2022-05-22",0,19,47,116,0.0,"N",0.0,0.0,0.0,"",""
"SKU-TSH-0004","2022-05-22",0,6,34,77,0.0,"N",72.0,539.0,49.0,"2022-07-10","2022-07-10"
"SKU-CRO-0005","2022-05-22",0,2,23,58,0.0,"N",0.0,0.0,0.0,"",""
"SKU-SHI-0006","2022-05-22",0,4,18,43,0.0,"N",75.0,1097.0,50.0,"2022-07-06","2022-07-11"
"SKU-CRO-0007","2022-05-22",19,4,19,36,30.0,"N",0.0,0.0,0.0,"",""
"SKU-PAN-0008","2022-05-22",51,3,25,39,61.2,"N",0.0,0.0,0.0,"",""
"SKU-PAN-0009","2022-05-22",24,4,16,32,45.0,"N",0.0,0.0,0.0,"",""
"SKU-TSH-0010","2022-05-22",6,3,15,29,12.0,"N",80.0,782.0,43.0,"2022-07-01","2022-07-04"
"SKU-SHO-0011","2022-05-22",70,5,12,24,175.0,"N",0.0,0.0,0.0,"",""
"SKU-TSH-0012","2022-05-22",2,3,14,25,4.3,"N",0.0,0.0,0.0,"",""
"SKU-SHI-0013","2022-05-22",41,6,11,20,111.8,"N",0.0,0.0,0.0,"",""
"SKU-CRO-0014","2022-05-22",5,1,8,19,18.8,"N",0.0,0.0,0.0,"",""
"SKU-SHI-0015","2022-05-22",104,5,9,16,346.7,"N",0.0,0.0,0.0,"",""
"SKU-PAN-0016","2022-05-22",79,2,11,25,215.5,"N",0.0,0.0,0.0,"",""
"SKU-SHI-0017","2022-05-22",45,3,10,16,135.0,"N",0.0,0.0,0.0,"",""
"SKU-PAN-0018","2022-05-22",94,1,5,9,564.0,"N",0.0,0.0,0.0,"",""
"SKU-CRO-0019","2022-05-22",27,4,10,15,81.0,"N",0.0,0.0,0.0,"",""
"SKU-PAN-0020","2022-05-22",57,1,2,13,855.0,"N",0.0,0.0,0.0,"",""
"SKU-PAN-0021","2022-05-22",55,2,8,9,206.2,"N",0.0,0.0,0.0,"",""
"SKU-PAN-0022","2022-05-22",80,3,9,15,266.7,"N",0.0,0.0,0.0,"",""
"SKU-SHO-0023","2022-05-22",86,0,7,21,368.6,"N",0.0,0.0,0.0,"",""
"SKU-SHI-0024","2022-05-22",34,1,6,10,170.0,"N",0.0,0.0,0.0,"",""
"SKU-JAC-0025","2022-05-22",58,1,3,13,580.0,"N",0.0,0.0,0.0,"",""
"SKU-PAN-0026","2022-05-22",70,1,4,7,525.0,"N",0.0,0.0,0.0,"",""
"SKU-JAC-0027","2022-05-22",31,2,4,9,232.5,"N",0.0,0.0,0.0,"",""
"SKU-PAN-0028","2022-05-22",74,3,9,16,246.7,"N",0.0,0.0,0.0,"",""
"SKU-TSH-0029","2022-05-22",81,1,2,6,999.0,"N",0.0,0.0,0.0,"",""
"SKU-CRO-0030","2022-05-22",44,0,2,7,660.0,"N",0.0,0.0,0.0,"",""
"SKU-JAC-0031","2022-05-22",34,0,2,6,510.0,"N",0.0,0.0,0.0,"",""
"SKU-TSH-0032","2022-05-22",84,0,2,5,999.0,"N",0.0,0.0,0.0,"",""
"SKU-SHO-0033","2022-05-22",104,1,3,9,999.0,"N",0.0,0.0,0.0,"",""
"SKU-PAN-0034","2022-05-22",54,2,2,5,810.0,"N",0.0,0.0,0.0,"",""
"SKU-CRO-0035","2022-05-22",36,0,1,6,999.0,"N",0.0,0.0,0.0,"",""
"SKU-SHI-0036","2022-05-22",114,2,3,8,999.0,"N",0.0,0.0,0.0,"",""
"SKU-CRO-0037","2022-05-22",105,0,1,6,999.0,"N",0.0,0.0,0.0,"",""
"SKU-CRO-0038","2022-05-22",27,1,5,8,162.0,"N",0.0,0.0,0.0,"",""
"SKU-SHO-0039","2022-05-22",99,1,3,3,990.0,"N",0.0,0.0,0.0,"",""
"SKU-SHO-0040","2022-05-22",113,1,4,8,847.5,"N",0.0,0.0,0.0,"",""
"SKU-TSH-0041","2022-05-22",115,0,1,4,999.0,"N",0.0,0.0,0.0,"",""
"SKU-CRO-0042","2022-05-22",110,1,8,10,412.5,"N",0.0,0.0,0.0,"",""
"SKU-CRO-0043","2022-05-22",49,0,2,4,735.0,"N",0.0,0.0,0.0,"",""
"SKU-JAC-0044","2022-05-22",99,1,2,5,999.0,"N",0.0,0.0,0.0,"",""
"SKU-SHI-0045","2022-05-22",98,0,4,6,735.0,"N",0.0,0.0,0.0,"",""
"SKU-JAC-0046","2022-05-22",117,1,1,5,999.0,"N",0.0,0.0,0.0,"",""
"SKU-PAN-0047","2022-05-22",95,1,2,5,999.0,"N",0.0,0.0,0.0,"",""
"SKU-CRO-0048","2022-05-22",46,0,2,4,690.0,"N",0.0,0.0,0.0,"",""
"SKU-TSH-0049","2022-05-22",113,1,1,4,999.0,"N",0.0,0.0,0.0,"",""
"SKU-SHO-0050","2022-05-22",105,2,3,5,999.0,"N",0.0,0.0,0.0,"",""
"SKU-SHI-0051","2022-05-22",61,1,3,5,610.0,"N",0.0,0.0,0.0,"",""
"SKU-SHI-0052","2022-05-22",72,0,0,4,999.0,"N",0.0,0.0,0.0,"",""
"SKU-JAC-0053","2022-05-22",64,0,0,3,999.0,"N",0.0,0.0,0.0,"",""
"SKU-SHI-0054","2022-05-22",71,0,1,3,999.0,"N",0.0,0.0,0.0,"",""
"SKU-JAC-0055","2022-05-22",104,0,1,2,999.0,"N",0.0,0.0,0.0,"",""
"SKU-SHI-0001","2022-05-29",0,36,166,369,0.0,"N",280.0,705.0,43.0,"2022-07-11","2022-07-11"
"SKU-PAN-0002","2022-05-29",0,19,74,154,0.0,"N",0.0,0.0,0.0,"",""
"SKU-SHI-0003","2022-05-29",0,15,50,115,0.0,"N",0.0,0.0,0.0,"",""
"SKU-TSH-0004","2022-05-29",0,1,29,71,0.0,"N",0.0,0.0,0.0,"",""
"SKU-CRO-0005","2022-05-29",0,4,20,54,0.0,"N",45.0,846.0,46.0,"2022-07-12","2022-07-14"
"SKU-SHI-0006","2022-05-29",0,9,23,48,0.0,"N",0.0,0.0,0.0,"",""
"SKU-CRO-0007","2022-05-29",14,5,18,38,23.3,"N",0.0,0.0,0.0,"",""
"SKU-PAN-0008","2022-05-29",48,3,20,40,72.0,"N",0.0,0.0,0.0,"",""
"SKU-PAN-0009","2022-05-29",23,1,15,31,46.0,"N",0.0,0.0,0.0,"",""
"SKU-TSH-0010","2022-05-29",3,3,12,29,7.5,"N",0.0,0.0,0.0,"",""
"SKU-SHO-0011","2022-05-29",67,3,11,27,182.7,"N",0.0,0.0,0.0,"",""
"SKU-TSH-0012","2022-05-29",1,1,11,24,2.7,"N",0.0,0.0,0.0,"",""
"SKU-SHI-0013","2022-05-29",38,3,12,18,95.0,"N",0.0,0.0,0.0,"",""
"SKU-CRO-0014","2022-05-29",4,1,7,17,17.1,"N",58.0,756.0,57.0,"2022-07-20","2022-07-25"
"SKU-SHI-0015","2022-05-29",102,2,10,17,306.0,"N",0.0,0.0,0.0,"",""
"SKU-PAN-0016","2022-05-29",78,1,11,23,212.7,"N",0.0,0.0,0.0,"",""
"SKU-SHI-0017","2022-05-29",43,2,10,18,129.0,"N",0.0,0.0,0.0,"",""
"SKU-PAN-0018","2022-05-29",89,5,7,14,381.4,"N",0.0,0.0,0.0,"",""
"SKU-CRO-0019","2022-05-29",25,2,9,16,83.3,"N",0.0,0.0,0.0,"",""
"SKU-PAN-0020","2022-05-29",57,0,2,12,855.0,"N",0.0,0.0,0.0,"",""
"SKU-PAN-0021","2022-05-29",55,0,4,9,412.5,"N",0.0,0.0,0.0,"",""
"SKU-PAN-0022","2022-05-29",78,2,8,16,292.5,"N",0.0,0.0,0.0,"",""
"SKU-SHO-0023","2022-05-29",85,1,6,21,425.0,"N",0.0,0.0,0.0,"",""
"SKU-SHI-0024","2022-05-29",34,0,4,9,255.0,"N",0.0,0.0,0.0,"",""
"SKU-JAC-0025","2022-05-29",58,0,2,9,870.0,"N",0.0,0.0,0.0,"",""
"SKU-PAN-0026","2022-05-29",69,1,4,7,517.5,"N",0.0,0.0,0.0,"",""
"SKU-JAC-0027","2022-05-29",30,1,4,10,225.0,"N",0.0,0.0,0.0,"",""
"SKU-PAN-0028","2022-05-29",72,2,9,16,240.0,"N",0.0,0.0,0.0,"",""
"SKU-TSH-0029","2022-05-29",80,1,2,6,999.0,"N",0.0,0.0,0.0,"",""
"SKU-CRO-0030","2022-05-29",42,2,3,8,420.0,"N",0.0,0.0,0.0,"",""
"SKU-JAC-0031","2022-05-29",33,1,1,6,990.0,"N",0.0,0.0,0.0,"",""
"SKU-TSH-0032","2022-05-29",84,0,1,5,999.0,"N",0.0,0.0,0.0,"",""
"SKU-SHO-0033","2022-05-29",103,1,2,8,999.0,"N",0.0,0.0,0.0,"",""
"SKU-PAN-0034","2022-05-29",54,0,2,4,810.0,"N",0.0,0.0,0.0,"",""
"SKU-CRO-0035","2022-05-29",34,2,3,8,340.0,"N",0.0,0.0,0.0,"",""
"SKU-SHI-0036","2022-05-29",113,1,4,9,847.5,"N",0.0,0.0,0.0,"",""
"SKU-CRO-0037","2022-05-29",105,0,1,5,999.0,"N",0.0,0.0,0.0,"",""
"SKU-CRO-0038","2022-05-29",25,2,7,9,107.1,"N",0.0,0.0,0.0,"",""
"SKU-SHO-0039","2022-05-29",98,1,4,4,735.0,"N",0.0,0.0,0.0,"",""
"SKU-SHO-0040","2022-05-29",113,0,4,7,847.5,"N",0.0,0.0,0.0,"",""
"SKU-TSH-0041","2022-05-29",114,1,2,4,999.0,"N",0.0,0.0,0.0,"",""
"SKU-CRO-0042","2022-05-29",110,0,6,10,550.0,"N",0.0,0.0,0.0,"",""
"SKU-CRO-0043","2022-05-29",49,0,1,4,999.0,"N",0.0,0.0,0.0,"",""
"SKU-JAC-0044","2022-05-29",99,0,2,5,999.0,"N",0.0,0.0,0.0,"",""
"SKU-SHI-0045","2022-05-29",98,0,3,6,980.0,"N",0.0,0.0,0.0,"",""
"SKU-JAC-0046","2022-05-29",117,0,1,3,999.0,"N",0.0,0.0,0.0,"",""
"SKU-PAN-0047","2022-05-29",95,0,1,3,999.0,"N",0.0,0.0,0.0,"",""
"SKU-CRO-0048","2022-05-29",46,0,2,4,690.0,"N",0.0,0.0,0.0,"",""
"SKU-TSH-0049","2022-05-29",113,0,1,3,999.0,"N",0.0,0.0,0.0,"",""
"SKU-SHO-0050","2022-05-29",104,1,3,6,999.0,"N",0.0,0.0,0.0,"",""
"SKU-SHI-0051","2022-05-29",60,1,4,6,450.0,"N",0.0,0.0,0.0,"",""
"SKU-SHI-0052","2022-05-29",70,2,2,5,999.0,"N",0.0,0.0,0.0,"",""
"SKU-JAC-0053","2022-05-29",64,0,0,3,999.0,"N",0.0,0.0,0.0,"",""
"SKU-SHI-0054","2022-05-29",71,0,1,3,999.0,"N",0.0,0.0,0.0,"",""
"SKU-JAC-0055","2022-05-29",104,0,1,2,999.0,"N",0.0,0.0,0.0,"",""
"SKU-SHI-0001","2022-06-05",0,34,156,367,0.0,"N",0.0,0.0,0.0,"",""
"SKU-PAN-0002","2022-06-05",0,16,74,156,0.0,"N",140.0,982.0,41.0,"2022-07-14","2022-07-16"
"SKU-SHI-0003","2022-06-05",0,11,57,107,0.0,"N",0.0,0.0,0.0,"",""
"SKU-TSH-0004","2022-06-05",0,3,23,62,0.0,"N",0.0,0.0,0.0,"",""
"SKU-CRO-0005","2022-06-05",0,2,16,48,0.0,"N",0.0,0.0,0.0,"",""
"SKU-SHI-0006","2022-06-05",0,5,26,49,0.0,"N",0.0,0.0,0.0,"",""
"SKU-CRO-0007","2022-06-05",10,4,18,37,16.7,"N",59.0,818.0,42.0,"2022-07-16","2022-07-17"
"SKU-PAN-0008","2022-06-05",42,6,20,44,63.0,"N",0.0,0.0,0.0,"",""
"SKU-PAN-0009","2022-06-05",22,1,12,28,55.0,"N",0.0,0.0,0.0,"",""
"SKU-TSH-0010","2022-06-05",0,5,15,31,0.0,"N",0.0,0.0,0.0,"",""
"SKU-SHO-0011","2022-06-05",64,3,13,27,147.7,"N",0.0,0.0,0.0,"",""
"SKU-TSH-0012","2022-06-05",0,1,8,24,0.0,"N",40.0,715.0,44.0,"2022-07-18","2022-07-19"
"SKU-SHI-0013","2022-06-05",34,4,15,21,68.0,"N",0.0,0.0,0.0,"",""
"SKU-CRO-0014","2022-06-05",3,1,6,13,15.0,"N",0.0,0.0,0.0,"",""
"SKU-SHI-0015","2022-06-05",102,0,8,16,382.5,"N",0.0,0.0,0.0,"",""
"SKU-PAN-0016","2022-06-05",76,2,10,19,228.0,"N",0.0,0.0,0.0,"",""
"SKU-SHI-0017","2022-06-05",40,3,13,18,92.3,"N",0.0,0.0,0.0,"",""
"SKU-PAN-0018","2022-06-05",86,3,10,15,258.0,"N",0.0,0.0,0.0,"",""
"SKU-CRO-0019","2022-06-05",24,1,9,16,80.0,"N",0.0,0.0,0.0,"",""
"SKU-PAN-0020","2022-06-05",57,0,2,8,855.0,"N",0.0,0.0,0.0,"",""
"SKU-PAN-0021","2022-06-05",54,1,3,9,540.0,"N",0.0,0.0,0.0,"",""
"SKU-PAN-0022","2022-06-05",76,2,8,17,285.0,"N",0.0,0.0,0.0,"",""
"SKU-SHO-0023","2022-06-05",84,1,5,18,504.0,"N",0.0,0.0,0.0,"",""
"SKU-SHI-0024","2022-06-05",32,2,3,11,320.0,"N",0.0,0.0,0.0,"",""
"SKU-JAC-0025","2022-06-05",56,2,4,10,420.0,"N",0.0,0.0,0.0,"",""
"SKU-PAN-0026","2022-06-05",68,1,4,8,510.0,"N",0.0,0.0,0.0,"",""
"SKU-JAC-0027","2022-06-05",29,1,5,10,174.0,"N",0.0,0.0,0.0,"",""
"SKU-PAN-0028","2022-06-05",72,0,5,13,432.0,"N",0.0,0.0,0.0,"",""
"SKU-TSH-0029","2022-06-05",79,1,3,7,790.0,"N",0.0,0.0,0.0,"",""
"SKU-CRO-0030","2022-06-05",41,1,3,9,410.0,"N",0.0,0.0,0.0,"",""
"SKU-JAC-0031","2022-06-05",30,3,4,9,225.0,"N",0.0,0.0,0.0,"",""
"SKU-TSH-0032","2022-06-05",84,0,0,4,999.0,"N",0.0,0.0,0.0,"",""
"SKU-SHO-0033","2022-06-05",103,0,2,7,999.0,"N",0.0,0.0,0.0,"",""
"SKU-PAN-0034","2022-06-05",53,1,3,4,530.0,"N",0.0,0.0,0.0,"",""
"SKU-CRO-0035","2022-06-05",33,1,3,8,330.0,"N",0.0,0.0,0.0,"",""
"SKU-SHI-0036","2022-06-05",112,1,4,8,840.0,"N",0.0,0.0,0.0,"",""
"SKU-CRO-0037","2022-06-05",104,1,2,6,999.0,"N",0.0,0.0,0.0,"",""
"SKU-CRO-0038","2022-06-05",24,1,8,10,90.0,"N",0.0,0.0,0.0,"",""
"SKU-SHO-0039","2022-06-05",98,0,3,4,980.0,"N",0.0,0.0,0.0,"",""
"SKU-SHO-0040","2022-06-05",112,1,3,8,999.0,"N",0.0,0.0,0.0,"",""
"SKU-TSH-0041","2022-06-05",114,0,1,3,999.0,"N",0.0,0.0,0.0,"",""
"SKU-CRO-0042","2022-06-05",110,0,4,8,825.0,"N",0.0,0.0,0.0,"",""
"SKU-CRO-0043","2022-06-05",48,1,1,5,999.0,"N",0.0,0.0,0.0,"",""
"SKU-JAC-0044","2022-06-05",99,0,1,4,999.0,"N",0.0,0.0,0.0,"",""
"SKU-SHI-0045","2022-06-05",96,2,3,8,960.0,"N",0.0,0.0,0.0,"",""
"SKU-JAC-0046","2022-06-05",117,0,1,2,999.0,"N",0.0,0.0,0.0,"",""
"SKU-PAN-0047","2022-06-05",95,0,1,3,999.0,"N",0.0,0.0,0.0,"",""
"SKU-CRO-0048","2022-06-05",45,1,2,5,675.0,"N",0.0,0.0,0.0,"",""
"SKU-TSH-0049","2022-06-05",113,0,1,3,999.0,"N",0.0,0.0,0.0,"",""
"SKU-SHO-0050","2022-06-05",103,1,4,6,772.5,"N",0.0,0.0,0.0,"",""
"SKU-SHI-0051","2022-06-05",60,0,4,5,450.0,"N",0.0,0.0,0.0,"",""
"SKU-SHI-0052","2022-06-05",70,0,2,3,999.0,"N",0.0,0.0,0.0,"",""
"SKU-JAC-0053","2022-06-05",64,0,0,3,999.0,"N",0.0,0.0,0.0,"",""
"SKU-SHI-0054","2022-06-05",71,0,1,3,999.0,"N",0.0,0.0,0.0,"",""
"SKU-JAC-0055","2022-06-05",104,0,1,2,999.0,"N",0.0,0.0,0.0,"",""
"SKU-SHI-0001","2022-06-12",0,25,157,346,0.0,"N",0.0,0.0,0.0,"",""
"SKU-PAN-0002","2022-06-12",0,12,69,146,0.0,"N",0.0,0.0,0.0,"",""
"SKU-SHI-0003","2022-06-12",0,14,60,104,0.0,"N",141.0,1004.0,53.0,"2022-07-30","2022-08-04"
"SKU-TSH-0004","2022-06-12",0,7,22,57,0.0,"N",0.0,0.0,0.0,"",""
"SKU-CRO-0005","2022-06-12",0,6,17,43,0.0,"N",0.0,0.0,0.0,"",""
"SKU-SHI-0006","2022-06-12",0,4,25,50,0.0,"N",0.0,0.0,0.0,"",""
"SKU-CRO-0007","2022-06-12",6,4,19,35,9.5,"N",0.0,0.0,0.0,"",""
"SKU-PAN-0008","2022-06-12",40,2,15,43,80.0,"N",0.0,0.0,0.0,"",""
"SKU-PAN-0009","2022-06-12",20,2,9,26,66.7,"N",0.0,0.0,0.0,"",""
"SKU-TSH-0010","2022-06-12",0,1,12,27,0.0,"N",0.0,0.0,0.0,"",""
"SKU-SHO-0011","2022-06-12",60,4,16,28,112.5,"N",0.0,0.0,0.0,"",""
"SKU-TSH-0012","2022-06-12",0,1,6,23,0.0,"N",0.0,0.0,0.0,"",""
"SKU-SHI-0013","2022-06-12",32,2,16,23,60.0,"N",0.0,0.0,0.0,"",""
"SKU-CRO-0014","2022-06-12",1,2,5,13,6.0,"N",0.0,0.0,0.0,"",""
"SKU-SHI-0015","2022-06-12",99,3,10,16,297.0,"N",0.0,0.0,0.0,"",""
"SKU-PAN-0016","2022-06-12",74,2,7,21,317.1,"N",0.0,0.0,0.0,"",""
"SKU-SHI-0017","2022-06-12",39,1,10,18,117.0,"N",0.0,0.0,0.0,"",""
"SKU-PAN-0018","2022-06-12",85,1,11,16,231.8,"N",0.0,0.0,0.0,"",""
"SKU-CRO-0019","2022-06-12",23,1,10,16,69.0,"N",0.0,0.0,0.0,"",""
"SKU-PAN-0020","2022-06-12",57,0,1,6,999.0,"N",0.0,0.0,0.0,"",""
"SKU-PAN-0021","2022-06-12",53,1,4,10,397.5,"N",0.0,0.0,0.0,"",""
"SKU-PAN-0022","2022-06-12",75,1,8,17,281.2,"N",0.0,0.0,0.0,"",""
"SKU-SHO-0023","2022-06-12",82,2,5,18,492.0,"N",0.0,0.0,0.0,"",""
"SKU-SHI-0024","2022-06-12",31,1,4,11,232.5,"N",0.0,0.0,0.0,"",""
"SKU-JAC-0025","2022-06-12",56,0,3,8,560.0,"N",0.0,0.0,0.0,"",""
"SKU-PAN-0026","2022-06-12",68,0,3,8,680.0,"N",0.0,0.0,0.0,"",""
"SKU-JAC-0027","2022-06-12",29,0,5,8,174.0,"N",0.0,0.0,0.0,"",""
"SKU-PAN-0028","2022-06-12",72,0,5,13,432.0,"N",0.0,0.0,0.0,"",""
"SKU-TSH-0029","2022-06-12",79,0,3,6,790.0,"N",0.0,0.0,0.0,"",""
"SKU-CRO-0030","2022-06-12",40,1,4,8,300.0,"N",0.0,0.0,0.0,"",""
"SKU-JAC-0031","2022-06-12",30,0,4,8,225.0,"N",0.0,0.0,0.0,"",""
"SKU-TSH-0032","2022-06-12",83,1,1,4,999.0,"N",0.0,0.0,0.0,"",""
"SKU-SHO-0033","2022-06-12",103,0,2,6,999.0,"N",0.0,0.0,0.0,"",""
"SKU-PAN-0034","2022-06-12",53,0,3,3,530.0,"N",0.0,0.0,0.0,"",""
"SKU-CRO-0035","2022-06-12",33,0,3,7,330.0,"N",0.0,0.0,0.0,"",""
"SKU-SHI-0036","2022-06-12",112,0,4,8,840.0,"N",0.0,0.0,0.0,"",""
"SKU-CRO-0037","2022-06-12",104,0,2,5,999.0,"N",0.0,0.0,0.0,"",""
"SKU-CRO-0038","2022-06-12",24,0,5,10,144.0,"N",0.0,0.0,0.0,"",""
"SKU-SHO-0039","2022-06-12",98,0,2,4,999.0,"N",0.0,0.0,0.0,"",""
"SKU-SHO-0040","2022-06-12",112,0,2,6,999.0,"N",0.0,0.0,0.0,"",""
"SKU-TSH-0041","2022-06-12",114,0,1,3,999.0,"N",0.0,0.0,0.0,"",""
"SKU-CRO-0042","2022-06-12",110,0,1,8,999.0,"N",0.0,0.0,0.0,"",""
"SKU-CRO-0043","2022-06-12",47,1,2,6,705.0,"N",0.0,0.0,0.0,"",""
"SKU-JAC-0044","2022-06-12",98,1,2,4,999.0,"N",0.0,0.0,0.0,"",""
"SKU-SHI-0045","2022-06-12",96,0,2,6,999.0,"N",0.0,0.0,0.0,"",""
"SKU-JAC-0046","2022-06-12",117,0,1,2,999.0,"N",0.0,0.0,0.0,"",""
"SKU-PAN-0047","2022-06-12",92,3,4,5,690.0,"N",0.0,0.0,0.0,"",""
"SKU-CRO-0048","2022-06-12",44,1,3,5,440.0,"N",0.0,0.0,0.0,"",""
"SKU-TSH-0049","2022-06-12",113,0,1,2,999.0,"N",0.0,0.0,0.0,"",""
"SKU-SHO-0050","2022-06-12",103,0,4,6,772.5,"N",0.0,0.0,0.0,"",""
"SKU-SHI-0051","2022-06-12",58,2,5,6,348.0,"N",0.0,0.0,0.0,"",""
"SKU-SHI-0052","2022-06-12",70,0,2,3,999.0,"N",0.0,0.0,0.0,"",""
"SKU-JAC-0053","2022-06-12",64,0,0,1,999.0,"N",0.0,0.0,0.0,"",""
"SKU-SHI-0054","2022-06-12",69,2,2,4,999.0,"N",0.0,0.0,0.0,"",""
"SKU-JAC-0055","2022-06-12",104,0,0,1,999.0,"N",0.0,0.0,0.0,"",""
"SKU-SHI-0001","2022-06-19",0,33,140,328,0.0,"N",0.0,0.0,0.0,"",""
"SKU-PAN-0002","2022-06-19",0,15,68,144,0.0,"N",0.0,0.0,0.0,"",""
"SKU-SHI-0003","2022-06-19",0,10,57,98,0.0,"N",0.0,0.0,0.0,"",""
"SKU-TSH-0004","2022-06-19",0,5,17,53,0.0,"N",40.0,539.0,39.0,"2022-07-28","2022-07-28"
"SKU-CRO-0005","2022-06-19",0,1,14,37,0.0,"N",0.0,0.0,0.0,"",""
"SKU-SHI-0006","2022-06-19",0,3,22,41,0.0,"N",54.0,1097.0,47.0,"2022-08-02","2022-08-05"
"SKU-CRO-0007","2022-06-19",3,3,17,36,5.3,"N",0.0,0.0,0.0,"",""
"SKU-PAN-0008","2022-06-19",40,0,12,38,100.0,"N",0.0,0.0,0.0,"",""
"SKU-PAN-0009","2022-06-19",17,3,9,26,56.7,"N",0.0,0.0,0.0,"",""
"SKU-TSH-0010","2022-06-19",0,3,14,28,0.0,"N",54.0,782.0,39.0,"2022-07-26","2022-07-28"
"SKU-SHO-0011","2022-06-19",57,3,16,25,106.9,"N",0.0,0.0,0.0,"",""
"SKU-TSH-0012","2022-06-19",0,1,4,20,0.0,"N",0.0,0.0,0.0,"",""
"SKU-SHI-0013","2022-06-19",28,4,13,26,64.6,"N",0.0,0.0,0.0,"",""
"SKU-CRO-0014","2022-06-19",0,3,7,15,0.0,"N",0.0,0.0,0.0,"",""
"SKU-SHI-0015","2022-06-19",97,2,10,16,291.0,"N",0.0,0.0,0.0,"",""
"SKU-PAN-0016","2022-06-19",73,1,6,18,365.0,"N",0.0,0.0,0.0,"",""
"SKU-SHI-0017","2022-06-19",38,1,9,17,126.7,"N",0.0,0.0,0.0,"",""
"SKU-PAN-0018","2022-06-19",85,0,10,14,255.0,"N",0.0,0.0,0.0,"",""
"SKU-CRO-0019","2022-06-19",21,2,7,16,90.0,"N",0.0,0.0,0.0,"",""
"SKU-PAN-0020","2022-06-19",55,2,2,5,825.0,"N",0.0,0.0,0.0,"",""
"SKU-PAN-0021","2022-06-19",53,0,2,10,795.0,"N",0.0,0.0,0.0,"",""
"SKU-PAN-0022","2022-06-19",73,2,8,16,273.8,"N",0.0,0.0,0.0,"",""
"SKU-SHO-0023","2022-06-19",81,1,5,14,486.0,"N",0.0,0.0,0.0,"",""
"SKU-SHI-0024","2022-06-19",30,1,4,10,225.0,"N",0.0,0.0,0.0,"",""
"SKU-JAC-0025","2022-06-19",56,0,3,5,560.0,"N",0.0,0.0,0.0,"",""
"SKU-PAN-0026","2022-06-19",67,1,3,7,670.0,"N",0.0,0.0,0.0,"",""
"SKU-JAC-0027","2022-06-19",28,1,4,7,210.0,"N",0.0,0.0,0.0,"",""
"SKU-PAN-0028","2022-06-19",71,1,5,12,426.0,"N",0.0,0.0,0.0,"",""
"SKU-TSH-0029","2022-06-19",78,1,3,5,780.0,"N",0.0,0.0,0.0,"",""
"SKU-CRO-0030","2022-06-19",37,3,7,9,158.6,"N",0.0,0.0,0.0,"",""
"SKU-JAC-0031","2022-06-19",30,0,4,7,225.0,"N",0.0,0.0,0.0,"",""
"SKU-TSH-0032","2022-06-19",80,3,4,7,600.0,"N",0.0,0.0,0.0,"",""
"SKU-SHO-0033","2022-06-19",103,0,1,4,999.0,"N",0.0,0.0,0.0,"",""
"SKU-PAN-0034","2022-06-19",53,0,1,3,999.0,"N",0.0,0.0,0.0,"",""
"SKU-CRO-0035","2022-06-19",31,2,5,7,186.0,"N",0.0,0.0,0.0,"",""
"SKU-SHI-0036","2022-06-19",112,0,2,5,999.0,"N",0.0,0.0,0.0,"",""
"SKU-CRO-0037","2022-06-19",103,1,2,4,999.0,"N",0.0,0.0,0.0,"",""
"SKU-CRO-0038","2022-06-19",24,0,3,9,240.0,"N",0.0,0.0,0.0,"",""
"SKU-SHO-0039","2022-06-19",98,0,2,4,999.0,"N",0.0,0.0,0.0,"",""
"SKU-SHO-0040","2022-06-19",111,1,2,6,999.0,"N",0.0,0.0,0.0,"",""
"SKU-TSH-0041","2022-06-19",114,0,1,3,999.0,"N",0.0,0.0,0.0,"",""
"SKU-CRO-0042","2022-06-19",110,0,0,8,999.0,"N",0.0,0.0,0.0,"",""
"SKU-CRO-0043","2022-06-19",47,0,2,4,705.0,"N",0.0,0.0,0.0,"",""
"SKU-JAC-0044","2022-06-19",98,0,1,3,999.0,"N",0.0,0.0,0.0,"",""
"SKU-SHI-0045","2022-06-19",95,1,3,7,950.0,"N",0.0,0.0,0.0,"",""
"SKU-JAC-0046","2022-06-19",116,1,1,3,999.0,"N",0.0,0.0,0.0,"",""
"SKU-PAN-0047","2022-06-19",92,0,3,5,920.0,"N",0.0,0.0,0.0,"",""
"SKU-CRO-0048","2022-06-19",44,0,2,4,660.0,"N",0.0,0.0,0.0,"",""
"SKU-TSH-0049","2022-06-19",113,0,0,1,999.0,"N",0.0,0.0,0.0,"",""
"SKU-SHO-0050","2022-06-19",103,0,3,5,999.0,"N",0.0,0.0,0.0,"",""
"SKU-SHI-0051","2022-06-19",56,2,5,8,336.0,"N",0.0,0.0,0.0,"",""
"SKU-SHI-0052","2022-06-19",68,2,4,4,510.0,"N",0.0,0.0,0.0,"",""
"SKU-JAC-0053","2022-06-19",63,1,1,1,999.0,"N",0.0,0.0,0.0,"",""
"SKU-SHI-0054","2022-06-19",68,1,3,4,680.0,"N",0.0,0.0,0.0,"",""
"SKU-JAC-0055","2022-06-19",104,0,0,1,999.0,"N",0.0,0.0,0.0,"",""
"SKU-SHI-0001","2022-06-26",0,31,136,301,0.0,"N",223.0,705.0,33.0,"2022-07-27","2022-07-29"
"SKU-PAN-0002","2022-06-26",0,19,66,140,0.0,"N",0.0,0.0,0.0,"",""
"SKU-SHI-0003","2022-06-26",0,6,45,95,0.0,"N",0.0,0.0,0.0,"",""
"SKU-TSH-0004","2022-06-26",0,5,21,51,0.0,"N",0.0,0.0,0.0,"",""
"SKU-CRO-0005","2022-06-26",0,6,16,35,0.0,"N",59.0,846.0,55.0,"2022-08-20","2022-08-20"
"SKU-SHI-0006","2022-06-26",0,4,19,41,0.0,"N",0.0,0.0,0.0,"",""
"SKU-CRO-0007","2022-06-26",0,5,17,34,0.0,"N",0.0,0.0,0.0,"",""
"SKU-PAN-0008","2022-06-26",35,5,15,36,70.0,"N",0.0,0.0,0.0,"",""
"SKU-PAN-0009","2022-06-26",15,2,9,24,50.0,"N",0.0,0.0,0.0,"",""
"SKU-TSH-0010","2022-06-26",0,2,12,26,0.0,"N",0.0,0.0,0.0,"",""
"SKU-SHO-0011","2022-06-26",53,4,14,25,113.6,"N",0.0,0.0,0.0,"",""
"SKU-TSH-0012","2022-06-26",0,2,6,18,0.0,"N",0.0,0.0,0.0,"",""
"SKU-SHI-0013","2022-06-26",24,4,15,27,48.0,"N",0.0,0.0,0.0,"",""
"SKU-CRO-0014","2022-06-26",0,1,7,15,0.0,"N",46.0,756.0,33.0,"2022-07-24","2022-07-29"
"SKU-SHI-0015","2022-06-26",95,2,7,18,407.1,"N",0.0,0.0,0.0,"",""
"SKU-PAN-0016","2022-06-26",69,4,10,20,207.0,"N",0.0,0.0,0.0,"",""
"SKU-SHI-0017","2022-06-26",38,0,7,15,162.9,"N",0.0,0.0,0.0,"",""
"SKU-PAN-0018","2022-06-26",83,2,8,13,311.2,"N",0.0,0.0,0.0,"",""
"SKU-CRO-0019","2022-06-26",20,1,5,15,120.0,"N",0.0,0.0,0.0,"",""
"SKU-PAN-0020","2022-06-26",51,4,6,8,255.0,"N",0.0,0.0,0.0,"",""
"SKU-PAN-0021","2022-06-26",53,0,2,7,795.0,"N",0.0,0.0,0.0,"",""
"SKU-PAN-0022","2022-06-26",73,0,5,14,438.0,"N",0.0,0.0,0.0,"",""
"SKU-SHO-0023","2022-06-26",80,1,6,12,400.0,"N",0.0,0.0,0.0,"",""
"SKU-SHI-0024","2022-06-26",30,0,4,9,225.0,"N",0.0,0.0,0.0,"",""
"SKU-JAC-0025","2022-06-26",56,0,2,5,840.0,"N",0.0,0.0,0.0,"",""
"SKU-PAN-0026","2022-06-26",65,2,4,8,487.5,"N",0.0,0.0,0.0,"",""
"SKU-JAC-0027","2022-06-26",27,1,3,8,270.0,"N",0.0,0.0,0.0,"",""
"SKU-PAN-0028","2022-06-26",70,1,2,12,999.0,"N",0.0,0.0,0.0,"",""
"SKU-TSH-0029","2022-06-26",78,0,2,4,999.0,"N",0.0,0.0,0.0,"",""
"SKU-CRO-0030","2022-06-26",36,1,6,9,180.0,"N",0.0,0.0,0.0,"",""
"SKU-JAC-0031","2022-06-26",30,0,4,5,225.0,"N",0.0,0.0,0.0,"",""
"SKU-TSH-0032","2022-06-26",79,1,5,6,474.0,"N",0.0,0.0,0.0,"",""
"SKU-SHO-0033","2022-06-26",103,0,1,3,999.0,"N",0.0,0.0,0.0,"",""
"SKU-PAN-0034","2022-06-26",53,0,1,3,999.0,"N",0.0,0.0,0.0,"",""
"SKU-CRO-0035","2022-06-26",31,0,5,6,186.0,"N",0.0,0.0,0.0,"",""
"SKU-SHI-0036","2022-06-26",111,1,3,6,999.0,"N",0.0,0.0,0.0,"",""
"SKU-CRO-0037","2022-06-26",102,1,3,4,999.0,"N",0.0,0.0,0.0,"",""
"SKU-CRO-0038","2022-06-26",23,1,3,9,230.0,"N",0.0,0.0,0.0,"",""
"SKU-SHO-0039","2022-06-26",94,4,4,8,705.0,"N",0.0,0.0,0.0,"",""
"SKU-SHO-0040","2022-06-26",110,1,3,7,999.0,"N",0.0,0.0,0.0,"",""
"SKU-TSH-0041","2022-06-26",113,1,1,3,999.0,"N",0.0,0.0,0.0,"",""
"SKU-CRO-0042","2022-06-26",108,2,2,8,999.0,"N",0.0,0.0,0.0,"",""
"SKU-CRO-0043","2022-06-26",47,0,2,4,705.0,"N",0.0,0.0,0.0,"",""
"SKU-JAC-0044","2022-06-26",98,0,1,3,999.0,"N",0.0,0.0,0.0,"",""
"SKU-SHI-0045","2022-06-26",95,0,3,6,950.0,"N",0.0,0.0,0.0,"",""
"SKU-JAC-0046","2022-06-26",116,0,1,2,999.0,"N",0.0,0.0,0.0,"",""
"SKU-PAN-0047","2022-06-26",92,0,3,4,920.0,"N",0.0,0.0,0.0,"",""
"SKU-CRO-0048","2022-06-26",43,1,3,5,430.0,"N",0.0,0.0,0.0,"",""
"SKU-TSH-0049","2022-06-26",113,0,0,1,999.0,"N",0.0,0.0,0.0,"",""
"SKU-SHO-0050","2022-06-26",102,1,2,5,999.0,"N",0.0,0.0,0.0,"",""
"SKU-SHI-0051","2022-06-26",55,1,5,9,330.0,"N",0.0,0.0,0.0,"",""
"SKU-SHI-0052","2022-06-26",65,3,6,7,325.0,"N",0.0,0.0,0.0,"",""
"SKU-JAC-0053","2022-06-26",63,0,1,1,999.0,"N",0.0,0.0,0.0,"",""
"SKU-SHI-0054","2022-06-26",68,0,3,4,680.0,"N",0.0,0.0,0.0,"",""
"SKU-JAC-0055","2022-06-26",104,0,0,1,999.0,"N",0.0,0.0,0.0,"",""
"SKU-SHI-0001","2022-07-03",0,45,145,297,0.0,"N",0.0,0.0,0.0,"",""
"SKU-PAN-0002","2022-07-03",0,14,63,141,0.0,"N",120.0,982.0,38.0,"2022-08-05","2022-08-10"
"SKU-SHI-0003","2022-07-03",0,12,44,100,0.0,"N",0.0,0.0,0.0,"",""
"SKU-TSH-0004","2022-07-03",0,3,21,44,0.0,"N",0.0,0.0,0.0,"",""
"SKU-CRO-0005","2022-07-03",0,3,16,34,0.0,"N",0.0,0.0,0.0,"",""
"SKU-SHI-0006","2022-07-03",0,7,21,45,0.0,"N",0.0,0.0,0.0,"",""
"SKU-CRO-0007","2022-07-03",0,1,14,34,0.0,"N",74.0,818.0,57.0,"2022-08-28","2022-08-29"
"SKU-PAN-0008","2022-07-03",31,4,13,32,71.5,"N",0.0,0.0,0.0,"",""
"SKU-PAN-0009","2022-07-03",12,3,11,23,32.7,"N",0.0,0.0,0.0,"",""
"SKU-TSH-0010","2022-07-03",0,1,9,22,0.0,"N",0.0,0.0,0.0,"",""
"SKU-SHO-0011","2022-07-03",51,2,13,26,117.7,"N",0.0,0.0,0.0,"",""
"SKU-TSH-0012","2022-07-03",0,1,5,14,0.0,"N",40.0,715.0,45.0,"2022-08-15","2022-08-17"
"SKU-SHI-0013","2022-07-03",23,1,11,26,62.7,"N",0.0,0.0,0.0,"",""
"SKU-CRO-0014","2022-07-03",0,1,7,14,0.0,"N",0.0,0.0,0.0,"",""
"SKU-SHI-0015","2022-07-03",94,1,8,16,352.5,"N",0.0,0.0,0.0,"",""
"SKU-PAN-0016","2022-07-03",69,0,7,17,295.7,"N",0.0,0.0,0.0,"",""
"SKU-SHI-0017","2022-07-03",38,0,2,15,570.0,"N",0.0,0.0,0.0,"",""
"SKU-PAN-0018","2022-07-03",82,1,4,14,615.0,"N",0.0,0.0,0.0,"",""
"SKU-CRO-0019","2022-07-03",18,2,6,16,90.0,"N",0.0,0.0,0.0,"",""
"SKU-PAN-0020","2022-07-03",48,3,9,11,160.0,"N",0.0,0.0,0.0,"",""
"SKU-PAN-0021","2022-07-03",53,0,2,4,795.0,"N",0.0,0.0,0.0,"",""
"SKU-PAN-0022","2022-07-03",72,1,4,13,540.0,"N",0.0,0.0,0.0,"",""
"SKU-SHO-0023","2022-07-03",79,1,6,11,395.0,"N",0.0,0.0,0.0,"",""
"SKU-SHI-0024","2022-07-03",28,2,4,8,210.0,"N",0.0,0.0,0.0,"",""
"SKU-JAC-0025","2022-07-03",55,1,2,5,825.0,"N",0.0,0.0,0.0,"",""
"SKU-PAN-0026","2022-07-03",64,1,4,8,480.0,"N",0.0,0.0,0.0,"",""
"SKU-JAC-0027","2022-07-03",27,0,2,7,405.0,"N",0.0,0.0,0.0,"",""
"SKU-PAN-0028","2022-07-03",69,1,3,8,690.0,"N",0.0,0.0,0.0,"",""
"SKU-TSH-0029","2022-07-03",77,1,3,5,770.0,"N",0.0,0.0,0.0,"",""
"SKU-CRO-0030","2022-07-03",35,1,6,9,175.0,"N",0.0,0.0,0.0,"",""
"SKU-JAC-0031","2022-07-03",29,1,2,5,435.0,"N",0.0,0.0,0.0,"",""
"SKU-TSH-0032","2022-07-03",77,2,7,8,330.0,"N",0.0,0.0,0.0,"",""
"SKU-SHO-0033","2022-07-03",102,1,1,3,999.0,"N",0.0,0.0,0.0,"",""
"SKU-PAN-0034","2022-07-03",51,2,2,5,765.0,"N",0.0,0.0,0.0,"",""
"SKU-CRO-0035","2022-07-03",31,0,2,5,465.0,"N",0.0,0.0,0.0,"",""
"SKU-SHI-0036","2022-07-03",108,3,4,8,810.0,"N",0.0,0.0,0.0,"",""
"SKU-CRO-0037","2022-07-03",102,0,2,4,999.0,"N",0.0,0.0,0.0,"",""
"SKU-CRO-0038","2022-07-03",22,1,3,10,220.0,"N",0.0,0.0,0.0,"",""
"SKU-SHO-0039","2022-07-03",92,2,6,9,460.0,"N",0.0,0.0,0.0,"",""
"SKU-SHO-0040","2022-07-03",108,2,4,8,810.0,"N",0.0,0.0,0.0,"",""
"SKU-TSH-0041","2022-07-03",112,1,2,3,999.0,"N",0.0,0.0,0.0,"",""
"SKU-CRO-0042","2022-07-03",108,0,2,6,999.0,"N",0.0,0.0,0.0,"",""
"SKU-CRO-0043","2022-07-03",47,0,1,3,999.0,"N",0.0,0.0,0.0,"",""
"SKU-JAC-0044","2022-07-03",98,0,1,2,999.0,"N",0.0,0.0,0.0,"",""
"SKU-SHI-0045","2022-07-03",94,1,3,5,940.0,"N",0.0,0.0,0.0,"",""
"SKU-JAC-0046","2022-07-03",116,0,1,2,999.0,"N",0.0,0.0,0.0,"",""
"SKU-PAN-0047","2022-07-03",90,2,5,6,540.0,"N",0.0,0.0,0.0,"",""
"SKU-CRO-0048","2022-07-03",42,1,3,5,420.0,"N",0.0,0.0,0.0,"",""
"SKU-TSH-0049","2022-07-03",113,0,0,1,999.0,"N",0.0,0.0,0.0,"",""
"SKU-SHO-0050","2022-07-03",102,0,1,5,999.0,"N",0.0,0.0,0.0,"",""
"SKU-SHI-0051","2022-07-03",54,1,6,10,270.0,"N",0.0,0.0,0.0,"",""
"SKU-SHI-0052","2022-07-03",64,1,6,8,320.0,"N",0.0,0.0,0.0,"",""
"SKU-JAC-0053","2022-07-03",63,0,1,1,999.0,"N",0.0,0.0,0.0,"",""
"SKU-SHI-0054","2022-07-03",68,0,3,4,680.0,"N",0.0,0.0,0.0,"",""
"SKU-JAC-0055","2022-07-03",104,0,0,1,999.0,"N",0.0,0.0,0.0,"",""
"SKU-SHI-0001","2022-07-10",0,34,151,306,0.0,"N",0.0,0.0,0.0,"",""
"SKU-PAN-0002","2022-07-10",0,15,69,138,0.0,"N",0.0,0.0,0.0,"",""
"SKU-SHI-0003","2022-07-10",0,9,39,100,0.0,"N",76.0,1004.0,36.0,"2022-08-13","2022-08-15"
"SKU-TSH-0004","2022-07-10",0,6,20,44,0.0,"N",0.0,0.0,0.0,"",""
"SKU-CRO-0005","2022-07-10",0,9,20,36,0.0,"N",0.0,0.0,0.0,"",""
"SKU-SHI-0006","2022-07-10",0,5,19,46,0.0,"N",0.0,0.0,0.0,"",""
"SKU-CRO-0007","2022-07-10",0,5,15,35,0.0,"N",0.0,0.0,0.0,"",""
"SKU-PAN-0008","2022-07-10",28,3,12,29,70.0,"N",0.0,0.0,0.0,"",""
"SKU-PAN-0009","2022-07-10",9,3,12,22,22.5,"N",0.0,0.0,0.0,"",""
"SKU-TSH-0010","2022-07-10",0,2,8,21,0.0,"N",0.0,0.0,0.0,"",""
"SKU-SHO-0011","2022-07-10",49,2,14,27,105.0,"N",0.0,0.0,0.0,"",""
"SKU-TSH-0012","2022-07-10",0,1,5,12,0.0,"N",0.0,0.0,0.0,"",""
"SKU-SHI-0013","2022-07-10",22,1,12,27,55.0,"N",0.0,0.0,0.0,"",""
"SKU-CRO-0014","2022-07-10",0,4,9,17,0.0,"N",0.0,0.0,0.0,"",""
"SKU-SHI-0015","2022-07-10",93,1,7,16,398.6,"N",0.0,0.0,0.0,"",""
"SKU-PAN-0016","2022-07-10",67,2,7,15,287.1,"N",0.0,0.0,0.0,"",""
"SKU-SHI-0017","2022-07-10",34,4,5,17,204.0,"N",0.0,0.0,0.0,"",""
"SKU-PAN-0018","2022-07-10",82,0,4,14,615.0,"N",0.0,0.0,0.0,"",""
"SKU-CRO-0019","2022-07-10",15,3,8,18,56.2,"N",0.0,0.0,0.0,"",""
"SKU-PAN-0020","2022-07-10",48,0,9,10,160.0,"N",0.0,0.0,0.0,"",""
"SKU-PAN-0021","2022-07-10",53,0,0,4,999.0,"N",0.0,0.0,0.0,"",""
"SKU-PAN-0022","2022-07-10",71,1,5,12,426.0,"N",0.0,0.0,0.0,"",""
"SKU-SHO-0023","2022-07-10",79,0,3,9,790.0,"N",0.0,0.0,0.0,"",""
"SKU-SHI-0024","2022-07-10",27,1,4,8,202.5,"N",0.0,0.0,0.0,"",""
"SKU-JAC-0025","2022-07-10",54,1,2,5,810.0,"N",0.0,0.0,0.0,"",""
"SKU-PAN-0026","2022-07-10",63,1,5,9,378.0,"N",0.0,0.0,0.0,"",""
"SKU-JAC-0027","2022-07-10",24,3,5,10,144.0,"N",0.0,0.0,0.0,"",""
"SKU-PAN-0028","2022-07-10",69,0,3,8,690.0,"N",0.0,0.0,0.0,"",""
"SKU-TSH-0029","2022-07-10",76,1,3,6,760.0,"N",0.0,0.0,0.0,"",""
"SKU-CRO-0030","2022-07-10",34,1,6,10,170.0,"N",0.0,0.0,0.0,"",""
"SKU-JAC-0031","2022-07-10",29,0,1,5,870.0,"N",0.0,0.0,0.0,"",""
"SKU-TSH-0032","2022-07-10",75,2,9,9,250.0,"N",0.0,0.0,0.0,"",""
"SKU-SHO-0033","2022-07-10",101,1,2,4,999.0,"N",0.0,0.0,0.0,"",""
"SKU-PAN-0034","2022-07-10",51,0,2,5,765.0,"N",0.0,0.0,0.0,"",""
"SKU-CRO-0035","2022-07-10",30,1,3,6,300.0,"N",0.0,0.0,0.0,"",""
"SKU-SHI-0036","2022-07-10",107,1,5,9,642.0,"N",0.0,0.0,0.0,"",""
"SKU-CRO-0037","2022-07-10",102,0,2,4,999.0,"N",0.0,0.0,0.0,"",""
"SKU-CRO-0038","2022-07-10",21,1,3,10,210.0,"N",0.0,0.0,0.0,"",""
"SKU-SHO-0039","2022-07-10",92,0,6,9,460.0,"N",0.0,0.0,0.0,"",""
"SKU-SHO-0040","2022-07-10",108,0,4,7,810.0,"N",0.0,0.0,0.0,"",""
"SKU-TSH-0041","2022-07-10",111,1,3,4,999.0,"N",0.0,0.0,0.0,"",""
"SKU-CRO-0042","2022-07-10",108,0,2,3,999.0,"N",0.0,0.0,0.0,"",""
"SKU-CRO-0043","2022-07-10",45,2,2,4,675.0,"N",0.0,0.0,0.0,"",""
"SKU-JAC-0044","2022-07-10",98,0,1,2,999.0,"N",0.0,0.0,0.0,"",""
"SKU-SHI-0045","2022-07-10",93,1,3,5,930.0,"N",0.0,0.0,0.0,"",""
"SKU-JAC-0046","2022-07-10",116,0,1,2,999.0,"N",0.0,0.0,0.0,"",""
"SKU-PAN-0047","2022-07-10",90,0,4,6,675.0,"N",0.0,0.0,0.0,"",""
"SKU-CRO-0048","2022-07-10",42,0,2,5,630.0,"N",0.0,0.0,0.0,"",""
"SKU-TSH-0049","2022-07-10",112,1,1,2,999.0,"N",0.0,0.0,0.0,"",""
"SKU-SHO-0050","2022-07-10",101,1,2,6,999.0,"N",0.0,0.0,0.0,"",""
"SKU-SHI-0051","2022-07-10",53,1,7,11,227.1,"N",0.0,0.0,0.0,"",""
"SKU-SHI-0052","2022-07-10",64,0,6,8,320.0,"N",0.0,0.0,0.0,"",""
"SKU-JAC-0053","2022-07-10",63,0,1,1,999.0,"N",0.0,0.0,0.0,"",""
"SKU-SHI-0054","2022-07-10",67,1,3,4,670.0,"N",0.0,0.0,0.0,"",""
"SKU-JAC-0055","2022-07-10",104,0,0,0,999.0,"Y",0.0,0.0,0.0,"",""
"SKU-SHI-0001","2022-07-17",0,36,157,310,0.0,"N",0.0,0.0,0.0,"",""
"SKU-PAN-0002","2022-07-17",0,15,64,133,0.0,"N",0.0,0.0,0.0,"",""
"SKU-SHI-0003","2022-07-17",0,9,41,97,0.0,"N",0.0,0.0,0.0,"",""
"SKU-TSH-0004","2022-07-17",0,7,23,41,0.0,"N",52.0,539.0,41.0,"2022-08-22","2022-08-27"
"SKU-CRO-0005","2022-07-17",0,4,23,36,0.0,"N",0.0,0.0,0.0,"",""
"SKU-SHI-0006","2022-07-17",0,4,22,43,0.0,"N",44.0,1097.0,33.0,"2022-08-18","2022-08-19"
"SKU-CRO-0007","2022-07-17",0,4,16,33,0.0,"N",0.0,0.0,0.0,"",""
"SKU-PAN-0008","2022-07-17",26,2,14,28,55.7,"N",0.0,0.0,0.0,"",""
"SKU-PAN-0009","2022-07-17",6,3,11,21,16.4,"N",40.0,1008.0,54.0,"2022-09-09","2022-09-09"
"SKU-TSH-0010","2022-07-17",0,2,8,21,0.0,"N",64.0,782.0,33.0,"2022-08-14","2022-08-19"
"SKU-SHO-0011","2022-07-17",49,0,10,25,147.0,"N",0.0,0.0,0.0,"",""
"SKU-TSH-0012","2022-07-17",0,5,9,14,0.0,"N",0.0,0.0,0.0,"",""
"SKU-SHI-0013","2022-07-17",22,0,7,22,94.3,"N",0.0,0.0,0.0,"",""
"SKU-CRO-0014","2022-07-17",0,2,9,15,0.0,"N",0.0,0.0,0.0,"",""
"SKU-SHI-0015","2022-07-17",93,0,5,15,558.0,"N",0.0,0.0,0.0,"",""
"SKU-PAN-0016","2022-07-17",65,2,9,15,216.7,"N",0.0,0.0,0.0,"",""
"SKU-SHI-0017","2022-07-17",32,2,6,16,160.0,"N",0.0,0.0,0.0,"",""
"SKU-PAN-0018","2022-07-17",82,0,3,13,820.0,"N",0.0,0.0,0.0,"",""
"SKU-CRO-0019","2022-07-17",14,1,7,15,60.0,"N",0.0,0.0,0.0,"",""
"SKU-PAN-0020","2022-07-17",47,1,8,10,176.2,"N",0.0,0.0,0.0,"",""
"SKU-PAN-0021","2022-07-17",51,2,2,4,765.0,"N",0.0,0.0,0.0,"",""
"SKU-PAN-0022","2022-07-17",71,0,2,12,999.0,"N",0.0,0.0,0.0,"",""
"SKU-SHO-0023","2022-07-17",78,1,4,8,585.0,"N",0.0,0.0,0.0,"",""
"SKU-SHI-0024","2022-07-17",23,4,7,11,98.6,"N",0.0,0.0,0.0,"",""
"SKU-JAC-0025","2022-07-17",54,0,2,5,810.0,"N",0.0,0.0,0.0,"",""
"SKU-PAN-0026","2022-07-17",62,1,6,9,310.0,"N",0.0,0.0,0.0,"",""
"SKU-JAC-0027","2022-07-17",24,0,5,8,144.0,"N",0.0,0.0,0.0,"",""
"SKU-PAN-0028","2022-07-17",69,0,3,8,690.0,"N",0.0,0.0,0.0,"",""
"SKU-TSH-0029","2022-07-17",75,1,4,6,562.5,"N",0.0,0.0,0.0,"",""
"SKU-CRO-0030","2022-07-17",33,1,4,11,247.5,"N",0.0,0.0,0.0,"",""
"SKU-JAC-0031","2022-07-17",27,2,3,7,270.0,"N",0.0,0.0,0.0,"",""
"SKU-TSH-0032","2022-07-17",74,1,7,10,317.1,"N",0.0,0.0,0.0,"",""
"SKU-SHO-0033","2022-07-17",101,0,2,3,999.0,"N",0.0,0.0,0.0,"",""
"SKU-PAN-0034","2022-07-17",51,0,2,4,765.0,"N",0.0,0.0,0.0,"",""
"SKU-CRO-0035","2022-07-17",29,1,2,7,435.0,"N",0.0,0.0,0.0,"",""
"SKU-SHI-0036","2022-07-17",106,1,6,9,530.0,"N",0.0,0.0,0.0,"",""
"SKU-CRO-0037","2022-07-17",101,1,2,4,999.0,"N",0.0,0.0,0.0,"",""
"SKU-CRO-0038","2022-07-17",21,0,3,7,210.0,"N",0.0,0.0,0.0,"",""
"SKU-SHO-0039","2022-07-17",90,2,8,10,337.5,"N",0.0,0.0,0.0,"",""
"SKU-SHO-0040","2022-07-17",107,1,4,7,802.5,"N",0.0,0.0,0.0,"",""
"SKU-TSH-0041","2022-07-17",111,0,3,4,999.0,"N",0.0,0.0,0.0,"",""
"SKU-CRO-0042","2022-07-17",108,0,2,3,999.0,"N",0.0,0.0,0.0,"",""
"SKU-CRO-0043","2022-07-17",43,2,4,6,322.5,"N",0.0,0.0,0.0,"",""
"SKU-JAC-0044","2022-07-17",98,0,0,1,999.0,"N",0.0,0.0,0.0,"",""
"SKU-SHI-0045","2022-07-17",93,0,2,5,999.0,"N",0.0,0.0,0.0,"",""
"SKU-JAC-0046","2022-07-17",116,0,0,2,999.0,"N",0.0,0.0,0.0,"",""
"SKU-PAN-0047","2022-07-17",90,0,2,6,999.0,"N",0.0,0.0,0.0,"",""
"SKU-CRO-0048","2022-07-17",42,0,2,4,630.0,"N",0.0,0.0,0.0,"",""
"SKU-TSH-0049","2022-07-17",111,1,2,2,999.0,"N",0.0,0.0,0.0,"",""
"SKU-SHO-0050","2022-07-17",100,1,3,6,999.0,"N",0.0,0.0,0.0,"",""
"SKU-SHI-0051","2022-07-17",53,0,3,8,530.0,"N",0.0,0.0,0.0,"",""
"SKU-SHI-0052","2022-07-17",64,0,4,8,480.0,"N",0.0,0.0,0.0,"",""
"SKU-JAC-0053","2022-07-17",61,2,3,3,610.0,"N",0.0,0.0,0.0,"",""
"SKU-SHI-0054","2022-07-17",67,0,2,4,999.0,"N",0.0,0.0,0.0,"",""
"SKU-JAC-0055","2022-07-17",104,0,0,0,999.0,"Y",0.0,0.0,0.0,"",""
"SKU-SHI-0001","2022-07-24",0,36,158,296,0.0,"N",256.0,705.0,42.0,"2022-08-30","2022-09-04"
"SKU-PAN-0002","2022-07-24",0,13,66,128,0.0,"N",0.0,0.0,0.0,"",""
"SKU-SHI-0003","2022-07-24",0,14,46,97,0.0,"N",0.0,0.0,0.0,"",""
"SKU-TSH-0004","2022-07-24",0,11,28,48,0.0,"N",0.0,0.0,0.0,"",""
"SKU-CRO-0005","2022-07-24",0,9,28,41,0.0,"N",75.0,846.0,46.0,"2022-09-03","2022-09-08"
"SKU-SHI-0006","2022-07-24",0,8,24,45,0.0,"N",0.0,0.0,0.0,"",""
"SKU-CRO-0007","2022-07-24",0,5,15,34,0.0,"N",0.0,0.0,0.0,"",""
"SKU-PAN-0008","2022-07-24",21,5,14,29,45.0,"N",0.0,0.0,0.0,"",""
"SKU-PAN-0009","2022-07-24",3,3,13,21,6.9,"N",0.0,0.0,0.0,"",""
"SKU-TSH-0010","2022-07-24",0,5,10,23,0.0,"N",0.0,0.0,0.0,"",""
"SKU-SHO-0011","2022-07-24",46,3,9,22,153.3,"N",0.0,0.0,0.0,"",""
"SKU-TSH-0012","2022-07-24",0,1,9,14,0.0,"N",0.0,0.0,0.0,"",""
"SKU-SHI-0013","2022-07-24",20,2,7,20,85.7,"N",0.0,0.0,0.0,"",""
"SKU-CRO-0014","2022-07-24",0,5,12,19,0.0,"N",78.0,756.0,37.0,"2022-08-28","2022-08-30"
"SKU-SHI-0015","2022-07-24",91,2,4,12,682.5,"N",0.0,0.0,0.0,"",""
"SKU-PAN-0016","2022-07-24",64,1,7,15,274.3,"N",0.0,0.0,0.0,"",""
"SKU-SHI-0017","2022-07-24",31,1,7,14,132.9,"N",0.0,0.0,0.0,"",""
"SKU-PAN-0018","2022-07-24",82,0,2,11,999.0,"N",0.0,0.0,0.0,"",""
"SKU-CRO-0019","2022-07-24",12,2,8,13,45.0,"N",0.0,0.0,0.0,"",""
"SKU-PAN-0020","2022-07-24",45,2,6,12,225.0,"N",0.0,0.0,0.0,"",""
"SKU-PAN-0021","2022-07-24",51,0,2,4,765.0,"N",0.0,0.0,0.0,"",""
"SKU-PAN-0022","2022-07-24",71,0,2,8,999.0,"N",0.0,0.0,0.0,"",""
"SKU-SHO-0023","2022-07-24",77,1,4,9,577.5,"N",0.0,0.0,0.0,"",""
"SKU-SHI-0024","2022-07-24",21,2,9,13,70.0,"N",0.0,0.0,0.0,"",""
"SKU-JAC-0025","2022-07-24",53,1,3,5,530.0,"N",0.0,0.0,0.0,"",""
"SKU-PAN-0026","2022-07-24",62,0,5,7,372.0,"N",0.0,0.0,0.0,"",""
"SKU-JAC-0027","2022-07-24",23,1,5,7,138.0,"N",0.0,0.0,0.0,"",""
"SKU-PAN-0028","2022-07-24",68,1,2,6,999.0,"N",0.0,0.0,0.0,"",""
"SKU-TSH-0029","2022-07-24",73,2,5,7,438.0,"N",0.0,0.0,0.0,"",""
"SKU-CRO-0030","2022-07-24",32,1,4,11,240.0,"N",0.0,0.0,0.0,"",""
"SKU-JAC-0031","2022-07-24",26,1,4,8,195.0,"N",0.0,0.0,0.0,"",""
"SKU-TSH-0032","2022-07-24",73,1,7,11,312.9,"N",0.0,0.0,0.0,"",""
"SKU-SHO-0033","2022-07-24",98,3,5,6,588.0,"N",0.0,0.0,0.0,"",""
"SKU-PAN-0034","2022-07-24",51,0,2,3,765.0,"N",0.0,0.0,0.0,"",""
"SKU-CRO-0035","2022-07-24",29,0,2,7,435.0,"N",0.0,0.0,0.0,"",""
"SKU-SHI-0036","2022-07-24",105,1,6,9,525.0,"N",0.0,0.0,0.0,"",""
"SKU-CRO-0037","2022-07-24",98,3,4,7,735.0,"N",0.0,0.0,0.0,"",""
"SKU-CRO-0038","2022-07-24",21,0,2,5,315.0,"N",0.0,0.0,0.0,"",""
"SKU-SHO-0039","2022-07-24",90,0,6,8,450.0,"N",0.0,0.0,0.0,"",""
"SKU-SHO-0040","2022-07-24",106,1,5,7,636.0,"N",0.0,0.0,0.0,"",""
"SKU-TSH-0041","2022-07-24",109,2,4,6,817.5,"N",0.0,0.0,0.0,"",""
"SKU-CRO-0042","2022-07-24",108,0,2,2,999.0,"N",0.0,0.0,0.0,"",""
"SKU-CRO-0043","2022-07-24",43,0,4,6,322.5,"N",0.0,0.0,0.0,"",""
"SKU-JAC-0044","2022-07-24",98,0,0,1,999.0,"N",0.0,0.0,0.0,"",""
"SKU-SHI-0045","2022-07-24",92,1,3,6,920.0,"N",0.0,0.0,0.0,"",""
"SKU-JAC-0046","2022-07-24",116,0,0,1,999.0,"N",0.0,0.0,0.0,"",""
"SKU-PAN-0047","2022-07-24",90,0,2,5,999.0,"N",0.0,0.0,0.0,"",""
"SKU-CRO-0048","2022-07-24",42,0,1,4,999.0,"N",0.0,0.0,0.0,"",""
"SKU-TSH-0049","2022-07-24",110,1,3,3,999.0,"N",0.0,0.0,0.0,"",""
"SKU-SHO-0050","2022-07-24",99,1,4,5,742.5,"N",0.0,0.0,0.0,"",""
"SKU-SHI-0051","2022-07-24",52,1,3,8,520.0,"N",0.0,0.0,0.0,"",""
"SKU-SHI-0052","2022-07-24",64,0,3,7,640.0,"N",0.0,0.0,0.0,"",""
"SKU-JAC-0053","2022-07-24",61,0,2,3,915.0,"N",0.0,0.0,0.0,"",""
"SKU-SHI-0054","2022-07-24",67,0,1,4,999.0,"N",0.0,0.0,0.0,"",""
"SKU-JAC-0055","2022-07-24",104,0,0,0,999.0,"Y",0.0,0.0,0.0,"",""
"SKU-SHI-0001","2022-07-31",0,35,158,296,0.0,"N",0.0,0.0,0.0,"",""
"SKU-PAN-0002","2022-07-31",0,25,73,135,0.0,"N",125.0,982.0,57.0,"2022-09-24","2022-09-26"
"SKU-SHI-0003","2022-07-31",0,8,45,89,0.0,"N",0.0,0.0,0.0,"",""
"SKU-TSH-0004","2022-07-31",0,11,36,56,0.0,"N",0.0,0.0,0.0,"",""
"SKU-CRO-0005","2022-07-31",0,6,29,45,0.0,"N",0.0,0.0,0.0,"",""
"SKU-SHI-0006","2022-07-31",0,9,28,48,0.0,"N",0.0,0.0,0.0,"",""
"SKU-CRO-0007","2022-07-31",0,4,19,34,0.0,"N",80.0,818.0,50.0,"2022-09-19","2022-09-19"
"SKU-PAN-0008","2022-07-31",17,4,15,27,34.0,"N",0.0,0.0,0.0,"",""
"SKU-PAN-0009","2022-07-31",3,0,10,20,9.0,"N",0.0,0.0,0.0,"",""
"SKU-TSH-0010","2022-07-31",0,5,14,26,0.0,"N",0.0,0.0,0.0,"",""
"SKU-SHO-0011","2022-07-31",43,3,9,23,143.3,"N",0.0,0.0,0.0,"",""
"SKU-TSH-0012","2022-07-31",0,0,7,13,0.0,"N",70.0,715.0,58.0,"2022-09-24","2022-09-27"
"SKU-SHI-0013","2022-07-31",18,2,6,17,90.0,"N",0.0,0.0,0.0,"",""
"SKU-CRO-0014","2022-07-31",0,0,11,19,0.0,"N",0.0,0.0,0.0,"",""
"SKU-SHI-0015","2022-07-31",88,3,7,14,377.1,"N",0.0,0.0,0.0,"",""
"SKU-PAN-0016","2022-07-31",61,3,8,15,228.8,"N",0.0,0.0,0.0,"",""
"SKU-SHI-0017","2022-07-31",30,1,8,12,112.5,"N",0.0,0.0,0.0,"",""
"SKU-PAN-0018","2022-07-31",80,2,2,7,999.0,"N",0.0,0.0,0.0,"",""
"SKU-CRO-0019","2022-07-31",11,1,7,13,47.1,"N",0.0,0.0,0.0,"",""
"SKU-PAN-0020","2022-07-31",43,2,8,14,161.2,"N",0.0,0.0,0.0,"",""
"SKU-PAN-0021","2022-07-31",49,2,4,6,367.5,"N",0.0,0.0,0.0,"",""
"SKU-PAN-0022","2022-07-31",71,0,2,5,999.0,"N",0.0,0.0,0.0,"",""
"SKU-SHO-0023","2022-07-31",77,0,2,8,999.0,"N",0.0,0.0,0.0,"",""
"SKU-SHI-0024","2022-07-31",21,0,7,13,90.0,"N",0.0,0.0,0.0,"",""
"SKU-JAC-0025","2022-07-31",52,1,3,6,520.0,"N",0.0,0.0,0.0,"",""
"SKU-PAN-0026","2022-07-31",61,1,3,7,610.0,"N",0.0,0.0,0.0,"",""
"SKU-JAC-0027","2022-07-31",22,1,5,8,132.0,"N",0.0,0.0,0.0,"",""
"SKU-PAN-0028","2022-07-31",67,1,3,5,670.0,"N",0.0,0.0,0.0,"",""
"SKU-TSH-0029","2022-07-31",73,0,4,7,547.5,"N",0.0,0.0,0.0,"",""
"SKU-CRO-0030","2022-07-31",29,3,6,12,145.0,"N",0.0,0.0,0.0,"",""
"SKU-JAC-0031","2022-07-31",24,2,5,9,144.0,"N",0.0,0.0,0.0,"",""
"SKU-TSH-0032","2022-07-31",73,0,5,11,438.0,"N",0.0,0.0,0.0,"",""
"SKU-SHO-0033","2022-07-31",96,2,6,7,480.0,"N",0.0,0.0,0.0,"",""
"SKU-PAN-0034","2022-07-31",51,0,1,3,999.0,"N",0.0,0.0,0.0,"",""
"SKU-CRO-0035","2022-07-31",29,0,2,4,435.0,"N",0.0,0.0,0.0,"",""
"SKU-SHI-0036","2022-07-31",105,0,3,7,999.0,"N",0.0,0.0,0.0,"",""
"SKU-CRO-0037","2022-07-31",98,0,4,6,735.0,"N",0.0,0.0,0.0,"",""
"SKU-CRO-0038","2022-07-31",21,0,1,4,630.0,"N",0.0,0.0,0.0,"",""
"SKU-SHO-0039","2022-07-31",90,0,2,8,999.0,"N",0.0,0.0,0.0,"",""
"SKU-SHO-0040","2022-07-31",106,0,2,6,999.0,"N",0.0,0.0,0.0,"",""
"SKU-TSH-0041","2022-07-31",107,2,5,7,642.0,"N",0.0,0.0,0.0,"",""
"SKU-CRO-0042","2022-07-31",107,1,1,3,999.0,"N",0.0,0.0,0.0,"",""
"SKU-CRO-0043","2022-07-31",42,1,5,6,252.0,"N",0.0,0.0,0.0,"",""
"SKU-JAC-0044","2022-07-31",98,0,0,1,999.0,"N",0.0,0.0,0.0,"",""
"SKU-SHI-0045","2022-07-31",92,0,2,5,999.0,"N",0.0,0.0,0.0,"",""
"SKU-JAC-0046","2022-07-31",115,1,1,2,999.0,"N",0.0,0.0,0.0,"",""
"SKU-PAN-0047","2022-07-31",90,0,2,5,999.0,"N",0.0,0.0,0.0,"",""
"SKU-CRO-0048","2022-07-31",42,0,0,3,999.0,"N",0.0,0.0,0.0,"",""
"SKU-TSH-0049","2022-07-31",110,0,3,3,999.0,"N",0.0,0.0,0.0,"",""
"SKU-SHO-0050","2022-07-31",98,1,4,6,735.0,"N",0.0,0.0,0.0,"",""
"SKU-SHI-0051","2022-07-31",52,0,2,8,780.0,"N",0.0,0.0,0.0,"",""
"SKU-SHI-0052","2022-07-31",64,0,1,6,999.0,"N",0.0,0.0,0.0,"",""
"SKU-JAC-0053","2022-07-31",61,0,2,3,915.0,"N",0.0,0.0,0.0,"",""
"SKU-SHI-0054","2022-07-31",67,0,1,4,999.0,"N",0.0,0.0,0.0,"",""
"SKU-JAC-0055","2022-07-31",104,0,0,0,999.0,"Y",0.0,0.0,0.0,"",""
"SKU-SHI-0001","2022-08-07",0,47,162,310,0.0,"N",0.0,0.0,0.0,"",""
"SKU-PAN-0002","2022-08-07",0,19,75,143,0.0,"N",0.0,0.0,0.0,"",""
"SKU-SHI-0003","2022-08-07",0,9,40,83,0.0,"N",112.0,1004.0,42.0,"2022-09-13","2022-09-18"
"SKU-TSH-0004","2022-08-07",0,7,36,57,0.0,"N",0.0,0.0,0.0,"",""
"SKU-CRO-0005","2022-08-07",0,10,30,50,0.0,"N",0.0,0.0,0.0,"",""
"SKU-SHI-0006","2022-08-07",0,5,28,46,0.0,"N",0.0,0.0,0.0,"",""
"SKU-CRO-0007","2022-08-07",0,6,23,35,0.0,"N",0.0,0.0,0.0,"",""
"SKU-PAN-0008","2022-08-07",16,1,12,24,40.0,"N",0.0,0.0,0.0,"",""
"SKU-PAN-0009","2022-08-07",0,8,14,27,0.0,"N",0.0,0.0,0.0,"",""
"SKU-TSH-0010","2022-08-07",0,4,16,24,0.0,"N",0.0,0.0,0.0,"",""
"SKU-SHO-0011","2022-08-07",40,3,9,24,133.3,"N",0.0,0.0,0.0,"",""
"SKU-TSH-0012","2022-08-07",0,3,10,15,0.0,"N",0.0,0.0,0.0,"",""
"SKU-SHI-0013","2022-08-07",14,4,9,20,46.7,"N",0.0,0.0,0.0,"",""
"SKU-CRO-0014","2022-08-07",0,8,16,25,0.0,"N",0.0,0.0,0.0,"",""
"SKU-SHI-0015","2022-08-07",86,2,8,16,322.5,"N",0.0,0.0,0.0,"",""
"SKU-PAN-0016","2022-08-07",60,1,7,14,257.1,"N",0.0,0.0,0.0,"",""
"SKU-SHI-0017","2022-08-07",26,4,9,14,86.7,"N",0.0,0.0,0.0,"",""
"SKU-PAN-0018","2022-08-07",79,1,3,7,790.0,"N",0.0,0.0,0.0,"",""
"SKU-CRO-0019","2022-08-07",10,1,5,14,60.0,"N",0.0,0.0,0.0,"",""
"SKU-PAN-0020","2022-08-07",41,2,7,16,175.7,"N",0.0,0.0,0.0,"",""
"SKU-PAN-0021","2022-08-07",49,0,4,5,367.5,"N",0.0,0.0,0.0,"",""
"SKU-PAN-0022","2022-08-07",68,3,4,8,510.0,"N",0.0,0.0,0.0,"",""
"SKU-SHO-0023","2022-08-07",76,1,3,7,760.0,"N",0.0,0.0,0.0,"",""
"SKU-SHI-0024","2022-08-07",19,2,8,13,71.2,"N",0.0,0.0,0.0,"",""
"SKU-JAC-0025","2022-08-07",49,3,6,7,245.0,"N",0.0,0.0,0.0,"",""
"SKU-PAN-0026","2022-08-07",60,1,4,8,450.0,"N",0.0,0.0,0.0,"",""
"SKU-JAC-0027","2022-08-07",20,2,5,9,120.0,"N",0.0,0.0,0.0,"",""
"SKU-PAN-0028","2022-08-07",67,0,2,5,999.0,"N",0.0,0.0,0.0,"",""
"SKU-TSH-0029","2022-08-07",73,0,3,6,730.0,"N",0.0,0.0,0.0,"",""
"SKU-CRO-0030","2022-08-07",27,2,7,13,115.7,"N",0.0,0.0,0.0,"",""
"SKU-JAC-0031","2022-08-07",23,1,6,7,115.0,"N",0.0,0.0,0.0,"",""
"SKU-TSH-0032","2022-08-07",73,0,3,11,730.0,"N",0.0,0.0,0.0,"",""
"SKU-SHO-0033","2022-08-07",95,1,6,8,475.0,"N",0.0,0.0,0.0,"",""
"SKU-PAN-0034","2022-08-07",51,0,0,2,999.0,"N",0.0,0.0,0.0,"",""
"SKU-CRO-0035","2022-08-07",28,1,2,5,420.0,"N",0.0,0.0,0.0,"",""
"SKU-SHI-0036","2022-08-07",103,2,4,9,772.5,"N",0.0,0.0,0.0,"",""
"SKU-CRO-0037","2022-08-07",98,0,4,6,735.0,"N",0.0,0.0,0.0,"",""
"SKU-CRO-0038","2022-08-07",20,1,2,4,300.0,"N",0.0,0.0,0.0,"",""
"SKU-SHO-0039","2022-08-07",90,0,2,8,999.0,"N",0.0,0.0,0.0,"",""
"SKU-SHO-0040","2022-08-07",106,0,2,6,999.0,"N",0.0,0.0,0.0,"",""
"SKU-TSH-0041","2022-08-07",107,0,4,7,802.5,"N",0.0,0.0,0.0,"",""
"SKU-CRO-0042","2022-08-07",106,1,2,4,999.0,"N",0.0,0.0,0.0,"",""
"SKU-CRO-0043","2022-08-07",40,2,5,7,240.0,"N",0.0,0.0,0.0,"",""
"SKU-JAC-0044","2022-08-07",97,1,1,2,999.0,"N",0.0,0.0,0.0,"",""
"SKU-SHI-0045","2022-08-07",91,1,3,5,910.0,"N",0.0,0.0,0.0,"",""
"SKU-JAC-0046","2022-08-07",115,0,1,2,999.0,"N",0.0,0.0,0.0,"",""
"SKU-PAN-0047","2022-08-07",90,0,0,5,999.0,"N",0.0,0.0,0.0,"",""
"SKU-CRO-0048","2022-08-07",41,1,1,4,999.0,"N",0.0,0.0,0.0,"",""
"SKU-TSH-0049","2022-08-07",109,1,3,4,999.0,"N",0.0,0.0,0.0,"",""
"SKU-SHO-0050","2022-08-07",98,0,3,5,980.0,"N",0.0,0.0,0.0,"",""
"SKU-SHI-0051","2022-08-07",52,0,2,8,780.0,"N",0.0,0.0,0.0,"",""
"SKU-SHI-0052","2022-08-07",63,1,1,7,999.0,"N",0.0,0.0,0.0,"",""
"SKU-JAC-0053","2022-08-07",61,0,2,3,915.0,"N",0.0,0.0,0.0,"",""
"SKU-SHI-0054","2022-08-07",66,1,1,4,999.0,"N",0.0,0.0,0.0,"",""
"SKU-JAC-0055","2022-08-07",104,0,0,0,999.0,"Y",0.0,0.0,0.0,"",""
"SKU-SHI-0001","2022-08-14",0,41,170,328,0.0,"N",0.0,0.0,0.0,"",""
"SKU-PAN-0002","2022-08-14",0,15,74,141,0.0,"N",0.0,0.0,0.0,"",""
"SKU-SHI-0003","2022-08-14",0,9,43,81,0.0,"N",0.0,0.0,0.0,"",""
"SKU-TSH-0004","2022-08-14",0,10,41,64,0.0,"N",112.0,539.0,55.0,"2022-10-03","2022-10-08"
"SKU-CRO-0005","2022-08-14",0,5,31,53,0.0,"N",0.0,0.0,0.0,"",""
"SKU-SHI-0006","2022-08-14",0,4,26,48,0.0,"N",77.0,1097.0,38.0,"2022-09-19","2022-09-21"
"SKU-CRO-0007","2022-08-14",0,4,22,36,0.0,"N",0.0,0.0,0.0,"",""
"SKU-PAN-0008","2022-08-14",9,7,18,31,15.0,"N",67.0,1152.0,37.0,"2022-09-17","2022-09-20"
"SKU-PAN-0009","2022-08-14",0,4,15,27,0.0,"N",40.0,1008.0,29.0,"2022-09-12","2022-09-12"
"SKU-TSH-0010","2022-08-14",0,2,17,25,0.0,"N",40.0,782.0,51.0,"2022-10-02","2022-10-04"
"SKU-SHO-0011","2022-08-14",36,4,13,24,83.1,"N",0.0,0.0,0.0,"",""
"SKU-TSH-0012","2022-08-14",0,2,6,15,0.0,"N",0.0,0.0,0.0,"",""
"SKU-SHI-0013","2022-08-14",12,2,10,18,36.0,"N",0.0,0.0,0.0,"",""
"SKU-CRO-0014","2022-08-14",0,5,18,28,0.0,"N",0.0,0.0,0.0,"",""
"SKU-SHI-0015","2022-08-14",85,1,8,13,318.8,"N",0.0,0.0,0.0,"",""
"SKU-PAN-0016","2022-08-14",58,2,8,16,217.5,"N",0.0,0.0,0.0,"",""
"SKU-SHI-0017","2022-08-14",24,2,9,14,80.0,"N",0.0,0.0,0.0,"",""
"SKU-PAN-0018","2022-08-14",78,1,4,7,585.0,"N",0.0,0.0,0.0,"",""
"SKU-CRO-0019","2022-08-14",10,0,5,11,60.0,"N",0.0,0.0,0.0,"",""
"SKU-PAN-0020","2022-08-14",41,0,6,14,205.0,"N",0.0,0.0,0.0,"",""
"SKU-PAN-0021","2022-08-14",49,0,2,4,735.0,"N",0.0,0.0,0.0,"",""
"SKU-PAN-0022","2022-08-14",68,0,3,6,680.0,"N",0.0,0.0,0.0,"",""
"SKU-SHO-0023","2022-08-14",76,0,2,6,999.0,"N",0.0,0.0,0.0,"",""
"SKU-SHI-0024","2022-08-14",17,2,8,14,63.8,"N",0.0,0.0,0.0,"",""
"SKU-JAC-0025","2022-08-14",46,3,8,10,172.5,"N",0.0,0.0,0.0,"",""
"SKU-PAN-0026","2022-08-14",59,1,3,9,590.0,"N",0.0,0.0,0.0,"",""
"SKU-JAC-0027","2022-08-14",19,1,5,10,114.0,"N",0.0,0.0,0.0,"",""
"SKU-PAN-0028","2022-08-14",64,3,5,8,384.0,"N",0.0,0.0,0.0,"",""
"SKU-TSH-0029","2022-08-14",72,1,3,7,720.0,"N",0.0,0.0,0.0,"",""
"SKU-CRO-0030","2022-08-14",27,0,6,13,135.0,"N",0.0,0.0,0.0,"",""
"SKU-JAC-0031","2022-08-14",22,1,6,8,110.0,"N",0.0,0.0,0.0,"",""
"SKU-TSH-0032","2022-08-14",72,1,2,10,999.0,"N",0.0,0.0,0.0,"",""
"SKU-SHO-0033","2022-08-14",95,0,6,8,475.0,"N",0.0,0.0,0.0,"",""
"SKU-PAN-0034","2022-08-14",51,0,0,2,999.0,"N",0.0,0.0,0.0,"",""
"SKU-CRO-0035","2022-08-14",28,0,2,4,420.0,"N",0.0,0.0,0.0,"",""
"SKU-SHI-0036","2022-08-14",103,0,3,9,999.0,"N",0.0,0.0,0.0,"",""
"SKU-CRO-0037","2022-08-14",98,0,3,5,980.0,"N",0.0,0.0,0.0,"",""
"SKU-CRO-0038","2022-08-14",20,0,1,4,600.0,"N",0.0,0.0,0.0,"",""
"SKU-SHO-0039","2022-08-14",86,4,4,12,645.0,"N",0.0,0.0,0.0,"",""
"SKU-SHO-0040","2022-08-14",106,0,2,6,999.0,"N",0.0,0.0,0.0,"",""
"SKU-TSH-0041","2022-08-14",107,0,4,7,802.5,"N",0.0,0.0,0.0,"",""
"SKU-CRO-0042","2022-08-14",104,2,4,6,780.0,"N",0.0,0.0,0.0,"",""
"SKU-CRO-0043","2022-08-14",40,0,4,7,300.0,"N",0.0,0.0,0.0,"",""
"SKU-JAC-0044","2022-08-14",95,2,3,3,950.0,"N",0.0,0.0,0.0,"",""
"SKU-SHI-0045","2022-08-14",90,1,3,5,900.0,"N",0.0,0.0,0.0,"",""
"SKU-JAC-0046","2022-08-14",112,3,4,4,840.0,"N",0.0,0.0,0.0,"",""
"SKU-PAN-0047","2022-08-14",89,1,1,3,999.0,"N",0.0,0.0,0.0,"",""
"SKU-CRO-0048","2022-08-14",40,1,2,4,600.0,"N",0.0,0.0,0.0,"",""
"SKU-TSH-0049","2022-08-14",109,0,2,4,999.0,"N",0.0,0.0,0.0,"",""
"SKU-SHO-0050","2022-08-14",98,0,3,5,980.0,"N",0.0,0.0,0.0,"",""
"SKU-SHI-0051","2022-08-14",52,0,1,5,999.0,"N",0.0,0.0,0.0,"",""
"SKU-SHI-0052","2022-08-14",63,0,1,5,999.0,"N",0.0,0.0,0.0,"",""
"SKU-JAC-0053","2022-08-14",60,1,1,4,999.0,"N",0.0,0.0,0.0,"",""
"SKU-SHI-0054","2022-08-14",64,2,3,5,640.0,"N",0.0,0.0,0.0,"",""
"SKU-JAC-0055","2022-08-14",102,2,2,2,999.0,"N",0.0,0.0,0.0,"",""
"SKU-SHI-0001","2022-08-21",0,35,168,324,0.0,"N",267.0,705.0,32.0,"2022-09-21","2022-09-22"
"SKU-PAN-0002","2022-08-21",0,8,72,137,0.0,"N",0.0,0.0,0.0,"",""
"SKU-SHI-0003","2022-08-21",0,9,40,83,0.0,"N",0.0,0.0,0.0,"",""
"SKU-TSH-0004","2022-08-21",0,4,33,62,0.0,"N",0.0,0.0,0.0,"",""
"SKU-CRO-0005","2022-08-21",0,2,25,52,0.0,"N",72.0,846.0,41.0,"2022-10-01","2022-10-01"
"SKU-SHI-0006","2022-08-21",0,1,19,44,0.0,"N",0.0,0.0,0.0,"",""
"SKU-CRO-0007","2022-08-21",0,5,21,35,0.0,"N",0.0,0.0,0.0,"",""
"SKU-PAN-0008","2022-08-21",7,2,15,30,14.0,"N",0.0,0.0,0.0,"",""
"SKU-PAN-0009","2022-08-21",0,4,17,29,0.0,"N",0.0,0.0,0.0,"",""
"SKU-TSH-0010","2022-08-21",0,7,19,28,0.0,"N",0.0,0.0,0.0,"",""
"SKU-SHO-0011","2022-08-21",33,3,14,24,70.7,"N",0.0,0.0,0.0,"",""
"SKU-TSH-0012","2022-08-21",0,2,7,17,0.0,"N",0.0,0.0,0.0,"",""
"SKU-SHI-0013","2022-08-21",10,2,11,18,27.3,"N",0.0,0.0,0.0,"",""
"SKU-CRO-0014","2022-08-21",0,0,15,25,0.0,"N",40.0,756.0,42.0,"2022-10-02","2022-10-02"
"SKU-SHI-0015","2022-08-21",83,2,8,12,311.2,"N",0.0,0.0,0.0,"",""
"SKU-PAN-0016","2022-08-21",54,4,11,19,147.3,"N",0.0,0.0,0.0,"",""
"SKU-SHI-0017","2022-08-21",23,1,9,15,76.7,"N",0.0,0.0,0.0,"",""
"SKU-PAN-0018","2022-08-21",77,1,5,7,462.0,"N",0.0,0.0,0.0,"",""
"SKU-CRO-0019","2022-08-21",8,2,5,12,48.0,"N",0.0,0.0,0.0,"",""
"SKU-PAN-0020","2022-08-21",41,0,4,12,307.5,"N",0.0,0.0,0.0,"",""
"SKU-PAN-0021","2022-08-21",46,3,5,7,276.0,"N",0.0,0.0,0.0,"",""
"SKU-PAN-0022","2022-08-21",67,1,4,6,502.5,"N",0.0,0.0,0.0,"",""
"SKU-SHO-0023","2022-08-21",76,0,2,5,999.0,"N",0.0,0.0,0.0,"",""
"SKU-SHI-0024","2022-08-21",16,1,6,14,80.0,"N",0.0,0.0,0.0,"",""
"SKU-JAC-0025","2022-08-21",44,2,9,12,146.7,"N",0.0,0.0,0.0,"",""
"SKU-PAN-0026","2022-08-21",57,2,5,10,342.0,"N",0.0,0.0,0.0,"",""
"SKU-JAC-0027","2022-08-21",18,1,5,10,108.0,"N",0.0,0.0,0.0,"",""
"SKU-PAN-0028","2022-08-21",63,1,6,7,315.0,"N",0.0,0.0,0.0,"",""
"SKU-TSH-0029","2022-08-21",71,1,3,7,710.0,"N",0.0,0.0,0.0,"",""
"SKU-CRO-0030","2022-08-21",26,1,6,10,130.0,"N",0.0,0.0,0.0,"",""
"SKU-JAC-0031","2022-08-21",21,1,5,9,126.0,"N",0.0,0.0,0.0,"",""
"SKU-TSH-0032","2022-08-21",71,1,2,9,999.0,"N",0.0,0.0,0.0,"",""
"SKU-SHO-0033","2022-08-21",95,0,3,8,950.0,"N",0.0,0.0,0.0,"",""
"SKU-PAN-0034","2022-08-21",51,0,0,2,999.0,"N",0.0,0.0,0.0,"",""
"SKU-CRO-0035","2022-08-21",27,1,2,4,405.0,"N",0.0,0.0,0.0,"",""
"SKU-SHI-0036","2022-08-21",102,1,3,9,999.0,"N",0.0,0.0,0.0,"",""
"SKU-CRO-0037","2022-08-21",98,0,0,4,999.0,"N",0.0,0.0,0.0,"",""
"SKU-CRO-0038","2022-08-21",19,1,2,4,285.0,"N",0.0,0.0,0.0,"",""
"SKU-SHO-0039","2022-08-21",86,0,4,11,645.0,"N",0.0,0.0,0.0,"",""
"SKU-SHO-0040","2022-08-21",106,0,0,5,999.0,"N",0.0,0.0,0.0,"",""
"SKU-TSH-0041","2022-08-21",107,0,4,6,802.5,"N",0.0,0.0,0.0,"",""
"SKU-CRO-0042","2022-08-21",104,0,4,6,780.0,"N",0.0,0.0,0.0,"",""
"SKU-CRO-0043","2022-08-21",40,0,3,7,400.0,"N",0.0,0.0,0.0,"",""
"SKU-JAC-0044","2022-08-21",95,0,3,3,950.0,"N",0.0,0.0,0.0,"",""
"SKU-SHI-0045","2022-08-21",89,1,3,6,890.0,"N",0.0,0.0,0.0,"",""
"SKU-JAC-0046","2022-08-21",112,0,4,4,840.0,"N",0.0,0.0,0.0,"",""
"SKU-PAN-0047","2022-08-21",89,0,1,3,999.0,"N",0.0,0.0,0.0,"",""
"SKU-CRO-0048","2022-08-21",40,0,2,3,600.0,"N",0.0,0.0,0.0,"",""
"SKU-TSH-0049","2022-08-21",109,0,2,4,999.0,"N",0.0,0.0,0.0,"",""
"SKU-SHO-0050","2022-08-21",98,0,1,5,999.0,"N",0.0,0.0,0.0,"",""
"SKU-SHI-0051","2022-08-21",52,0,0,3,999.0,"N",0.0,0.0,0.0,"",""
"SKU-SHI-0052","2022-08-21",63,0,1,4,999.0,"N",0.0,0.0,0.0,"",""
"SKU-JAC-0053","2022-08-21",59,1,2,4,885.0,"N",0.0,0.0,0.0,"",""
"SKU-SHI-0054","2022-08-21",61,3,6,7,305.0,"N",0.0,0.0,0.0,"",""
"SKU-JAC-0055","2022-08-21",100,2,4,4,750.0,"N",0.0,0.0,0.0,"",""
"SKU-SHI-0001","2022-08-28",0,37,173,328,0.0,"N",0.0,0.0,0.0,"",""
"SKU-PAN-0002","2022-08-28",0,21,71,139,0.0,"N",144.0,982.0,34.0,"2022-09-28","2022-10-01"
"SKU-SHI-0003","2022-08-28",0,7,37,80,0.0,"N",0.0,0.0,0.0,"",""
"SKU-TSH-0004","2022-08-28",0,6,31,63,0.0,"N",0.0,0.0,0.0,"",""
"SKU-CRO-0005","2022-08-28",0,9,27,55,0.0,"N",0.0,0.0,0.0,"",""
"SKU-SHI-0006","2022-08-28",0,4,15,44,0.0,"N",0.0,0.0,0.0,"",""
"SKU-CRO-0007","2022-08-28",0,4,20,38,0.0,"N",49.0,818.0,34.0,"2022-09-29","2022-10-01"
"SKU-PAN-0008","2022-08-28",2,5,16,33,3.8,"N",0.0,0.0,0.0,"",""
"SKU-PAN-0009","2022-08-28",0,2,18,29,0.0,"N",0.0,0.0,0.0,"",""
"SKU-TSH-0010","2022-08-28",0,2,18,29,0.0,"N",0.0,0.0,0.0,"",""
"SKU-SHO-0011","2022-08-28",28,5,16,24,52.5,"N",0.0,0.0,0.0,"",""
"SKU-TSH-0012","2022-08-28",0,1,8,15,0.0,"N",40.0,715.0,56.0,"2022-10-23","2022-10-23"
"SKU-SHI-0013","2022-08-28",8,2,11,16,21.8,"N",0.0,0.0,0.0,"",""
"SKU-CRO-0014","2022-08-28",0,0,13,24,0.0,"N",0.0,0.0,0.0,"",""
"SKU-SHI-0015","2022-08-28",78,5,10,17,234.0,"N",0.0,0.0,0.0,"",""
"SKU-PAN-0016","2022-08-28",51,3,11,18,139.1,"N",0.0,0.0,0.0,"",""
"SKU-SHI-0017","2022-08-28",21,2,9,17,70.0,"N",0.0,0.0,0.0,"",""
"SKU-PAN-0018","2022-08-28",76,1,4,7,570.0,"N",0.0,0.0,0.0,"",""
"SKU-CRO-0019","2022-08-28",8,0,3,10,80.0,"N",0.0,0.0,0.0,"",""
"SKU-PAN-0020","2022-08-28",41,0,3,10,410.0,"N",0.0,0.0,0.0,"",""
"SKU-PAN-0021","2022-08-28",45,1,5,8,270.0,"N",0.0,0.0,0.0,"",""
"SKU-PAN-0022","2022-08-28",67,0,4,6,502.5,"N",0.0,0.0,0.0,"",""
"SKU-SHO-0023","2022-08-28",72,4,5,8,432.0,"N",0.0,0.0,0.0,"",""
"SKU-SHI-0024","2022-08-28",16,0,5,13,96.0,"N",0.0,0.0,0.0,"",""
"SKU-JAC-0025","2022-08-28",44,0,9,11,146.7,"N",0.0,0.0,0.0,"",""
"SKU-PAN-0026","2022-08-28",56,1,5,8,336.0,"N",0.0,0.0,0.0,"",""
"SKU-JAC-0027","2022-08-28",17,1,5,10,102.0,"N",0.0,0.0,0.0,"",""
"SKU-PAN-0028","2022-08-28",63,0,4,7,472.5,"N",0.0,0.0,0.0,"",""
"SKU-TSH-0029","2022-08-28",68,3,5,9,408.0,"N",0.0,0.0,0.0,"",""
"SKU-CRO-0030","2022-08-28",25,1,5,10,150.0,"N",0.0,0.0,0.0,"",""
"SKU-JAC-0031","2022-08-28",20,1,6,9,100.0,"N",0.0,0.0,0.0,"",""
"SKU-TSH-0032","2022-08-28",70,1,3,8,700.0,"N",0.0,0.0,0.0,"",""
"SKU-SHO-0033","2022-08-28",95,0,2,7,999.0,"N",0.0,0.0,0.0,"",""
"SKU-PAN-0034","2022-08-28",51,0,0,1,999.0,"N",0.0,0.0,0.0,"",""
"SKU-CRO-0035","2022-08-28",27,0,2,4,405.0,"N",0.0,0.0,0.0,"",""
"SKU-SHI-0036","2022-08-28",101,1,4,7,757.5,"N",0.0,0.0,0.0,"",""
"SKU-CRO-0037","2022-08-28",95,3,3,7,950.0,"N",0.0,0.0,0.0,"",""
"SKU-CRO-0038","2022-08-28",18,1,3,4,180.0,"N",0.0,0.0,0.0,"",""
"SKU-SHO-0039","2022-08-28",86,0,4,7,645.0,"N",0.0,0.0,0.0,"",""
"SKU-SHO-0040","2022-08-28",104,2,2,5,999.0,"N",0.0,0.0,0.0,"",""
"SKU-TSH-0041","2022-08-28",107,0,1,6,999.0,"N",0.0,0.0,0.0,"",""
"SKU-CRO-0042","2022-08-28",101,3,7,7,432.9,"N",0.0,0.0,0.0,"",""
"SKU-CRO-0043","2022-08-28",40,0,2,7,600.0,"N",0.0,0.0,0.0,"",""
"SKU-JAC-0044","2022-08-28",93,2,5,5,558.0,"N",0.0,0.0,0.0,"",""
"SKU-SHI-0045","2022-08-28",89,0,3,5,890.0,"N",0.0,0.0,0.0,"",""
"SKU-JAC-0046","2022-08-28",112,0,4,4,840.0,"N",0.0,0.0,0.0,"",""
"SKU-PAN-0047","2022-08-28",89,0,1,3,999.0,"N",0.0,0.0,0.0,"",""
"SKU-CRO-0048","2022-08-28",40,0,2,2,600.0,"N",0.0,0.0,0.0,"",""
"SKU-TSH-0049","2022-08-28",109,0,1,4,999.0,"N",0.0,0.0,0.0,"",""
"SKU-SHO-0050","2022-08-28",97,1,2,5,999.0,"N",0.0,0.0,0.0,"",""
"SKU-SHI-0051","2022-08-28",52,0,0,2,999.0,"N",0.0,0.0,0.0,"",""
"SKU-SHI-0052","2022-08-28",63,0,1,2,999.0,"N",0.0,0.0,0.0,"",""
"SKU-JAC-0053","2022-08-28",58,1,3,5,580.0,"N",0.0,0.0,0.0,"",""
"SKU-SHI-0054","2022-08-28",60,1,7,8,257.1,"N",0.0,0.0,0.0,"",""
"SKU-JAC-0055","2022-08-28",100,0,4,4,750.0,"N",0.0,0.0,0.0,"",""
"SKU-SHI-0001","2022-09-04",0,29,156,310,0.0,"N",0.0,0.0,0.0,"",""
"SKU-PAN-0002","2022-09-04",0,19,64,140,0.0,"N",0.0,0.0,0.0,"",""
"SKU-SHI-0003","2022-09-04",0,9,38,80,0.0,"N",98.0,1004.0,38.0,"2022-10-11","2022-10-12"
"SKU-TSH-0004","2022-09-04",0,5,31,62,0.0,"N",0.0,0.0,0.0,"",""
"SKU-CRO-0005","2022-09-04",0,7,25,56,0.0,"N",0.0,0.0,0.0,"",""
"SKU-SHI-0006","2022-09-04",0,8,19,45,0.0,"N",0.0,0.0,0.0,"",""
"SKU-CRO-0007","2022-09-04",0,8,22,45,0.0,"N",0.0,0.0,0.0,"",""
"SKU-PAN-0008","2022-09-04",0,3,17,32,0.0,"N",0.0,0.0,0.0,"",""
"SKU-PAN-0009","2022-09-04",0,4,17,30,0.0,"N",0.0,0.0,0.0,"",""
"SKU-TSH-0010","2022-09-04",0,5,16,33,0.0,"N",0.0,0.0,0.0,"",""
"SKU-SHO-0011","2022-09-04",24,4,18,26,40.0,"N",0.0,0.0,0.0,"",""
"SKU-TSH-0012","2022-09-04",0,3,9,18,0.0,"N",0.0,0.0,0.0,"",""
"SKU-SHI-0013","2022-09-04",7,1,7,16,30.0,"N",0.0,0.0,0.0,"",""
"SKU-CRO-0014","2022-09-04",0,3,12,26,0.0,"N",0.0,0.0,0.0,"",""
"SKU-SHI-0015","2022-09-04",76,2,11,18,207.3,"N",0.0,0.0,0.0,"",""
"SKU-PAN-0016","2022-09-04",47,4,14,21,100.7,"N",0.0,0.0,0.0,"",""
"SKU-SHI-0017","2022-09-04",21,0,6,14,105.0,"N",0.0,0.0,0.0,"",""
"SKU-PAN-0018","2022-09-04",75,1,4,7,562.5,"N",0.0,0.0,0.0,"",""
"SKU-CRO-0019","2022-09-04",6,2,4,11,45.0,"N",0.0,0.0,0.0,"",""
"SKU-PAN-0020","2022-09-04",41,0,0,7,999.0,"N",0.0,0.0,0.0,"",""
"SKU-PAN-0021","2022-09-04",44,1,5,9,264.0,"N",0.0,0.0,0.0,"",""
"SKU-PAN-0022","2022-09-04",66,1,4,6,495.0,"N",0.0,0.0,0.0,"",""
"SKU-SHO-0023","2022-09-04",72,0,4,7,540.0,"N",0.0,0.0,0.0,"",""
"SKU-SHI-0024","2022-09-04",14,2,7,13,60.0,"N",0.0,0.0,0.0,"",""
"SKU-JAC-0025","2022-09-04",43,1,7,12,184.3,"N",0.0,0.0,0.0,"",""
"SKU-PAN-0026","2022-09-04",56,0,4,8,420.0,"N",0.0,0.0,0.0,"",""
"SKU-JAC-0027","2022-09-04",14,3,7,11,60.0,"N",0.0,0.0,0.0,"",""
"SKU-PAN-0028","2022-09-04",63,0,4,6,472.5,"N",0.0,0.0,0.0,"",""
"SKU-TSH-0029","2022-09-04",67,1,6,10,335.0,"N",0.0,0.0,0.0,"",""
"SKU-CRO-0030","2022-09-04",25,0,2,9,375.0,"N",0.0,0.0,0.0,"",""
"SKU-JAC-0031","2022-09-04",19,1,4,10,142.5,"N",0.0,0.0,0.0,"",""
"SKU-TSH-0032","2022-09-04",70,0,3,6,700.0,"N",0.0,0.0,0.0,"",""
"SKU-SHO-0033","2022-09-04",95,0,1,6,999.0,"N",0.0,0.0,0.0,"",""
"SKU-PAN-0034","2022-09-04",50,1,1,1,999.0,"N",0.0,0.0,0.0,"",""
"SKU-CRO-0035","2022-09-04",25,2,3,6,250.0,"N",0.0,0.0,0.0,"",""
"SKU-SHI-0036","2022-09-04",101,0,2,7,999.0,"N",0.0,0.0,0.0,"",""
"SKU-CRO-0037","2022-09-04",93,2,5,9,558.0,"N",0.0,0.0,0.0,"",""
"SKU-CRO-0038","2022-09-04",17,1,3,5,170.0,"N",0.0,0.0,0.0,"",""
"SKU-SHO-0039","2022-09-04",84,2,6,8,420.0,"N",0.0,0.0,0.0,"",""
"SKU-SHO-0040","2022-09-04",104,0,2,4,999.0,"N",0.0,0.0,0.0,"",""
"SKU-TSH-0041","2022-09-04",107,0,0,5,999.0,"N",0.0,0.0,0.0,"",""
"SKU-CRO-0042","2022-09-04",99,2,8,9,371.2,"N",0.0,0.0,0.0,"",""
"SKU-CRO-0043","2022-09-04",40,0,0,6,999.0,"N",0.0,0.0,0.0,"",""
"SKU-JAC-0044","2022-09-04",93,0,4,5,697.5,"N",0.0,0.0,0.0,"",""
"SKU-SHI-0045","2022-09-04",89,0,2,5,999.0,"N",0.0,0.0,0.0,"",""
"SKU-JAC-0046","2022-09-04",111,1,4,5,832.5,"N",0.0,0.0,0.0,"",""
"SKU-PAN-0047","2022-09-04",89,0,1,1,999.0,"N",0.0,0.0,0.0,"",""
"SKU-CRO-0048","2022-09-04",39,1,2,3,585.0,"N",0.0,0.0,0.0,"",""
"SKU-TSH-0049","2022-09-04",108,1,2,4,999.0,"N",0.0,0.0,0.0,"",""
"SKU-SHO-0050","2022-09-04",96,1,2,5,999.0,"N",0.0,0.0,0.0,"",""
"SKU-SHI-0051","2022-09-04",52,0,0,2,999.0,"N",0.0,0.0,0.0,"",""
"SKU-SHI-0052","2022-09-04",62,1,1,2,999.0,"N",0.0,0.0,0.0,"",""
"SKU-JAC-0053","2022-09-04",58,0,3,5,580.0,"N",0.0,0.0,0.0,"",""
"SKU-SHI-0054","2022-09-04",60,0,6,7,300.0,"N",0.0,0.0,0.0,"",""
"SKU-JAC-0055","2022-09-04",100,0,4,4,750.0,"N",0.0,0.0,0.0,"",""
"SKU-SHI-0001","2022-09-11",0,32,146,315,0.0,"N",0.0,0.0,0.0,"",""
"SKU-PAN-0002","2022-09-11",0,14,65,141,0.0,"N",0.0,0.0,0.0,"",""
"SKU-SHI-0003","2022-09-11",0,3,29,73,0.0,"N",0.0,0.0,0.0,"",""
"SKU-TSH-0004","2022-09-11",0,14,33,72,0.0,"N",102.0,539.0,44.0,"2022-10-20","2022-10-25"
"SKU-CRO-0005","2022-09-11",0,5,23,56,0.0,"N",0.0,0.0,0.0,"",""
"SKU-SHI-0006","2022-09-11",0,6,19,46,0.0,"N",72.0,1097.0,43.0,"2022-10-23","2022-10-24"
"SKU-CRO-0007","2022-09-11",0,4,22,44,0.0,"N",0.0,0.0,0.0,"",""
"SKU-PAN-0008","2022-09-11",0,3,17,32,0.0,"N",52.0,1152.0,37.0,"2022-10-17","2022-10-18"
"SKU-PAN-0009","2022-09-11",0,5,16,31,0.0,"N",83.0,1008.0,33.0,"2022-10-14","2022-10-14"
"SKU-TSH-0010","2022-09-11",0,2,16,33,0.0,"N",74.0,782.0,30.0,"2022-10-11","2022-10-11"
"SKU-SHO-0011","2022-09-11",21,3,18,28,35.0,"N",0.0,0.0,0.0,"",""
"SKU-TSH-0012","2022-09-11",0,2,9,18,0.0,"N",0.0,0.0,0.0,"",""
"SKU-SHI-0013","2022-09-11",5,2,8,17,18.8,"N",0.0,0.0,0.0,"",""
"SKU-CRO-0014","2022-09-11",0,0,5,22,0.0,"N",0.0,0.0,0.0,"",""
"SKU-SHI-0015","2022-09-11",74,2,12,19,185.0,"N",0.0,0.0,0.0,"",""
"SKU-PAN-0016","2022-09-11",47,0,12,19,117.5,"N",0.0,0.0,0.0,"",""
"SKU-SHI-0017","2022-09-11",18,3,7,15,77.1,"N",0.0,0.0,0.0,"",""
"SKU-PAN-0018","2022-09-11",74,1,4,8,555.0,"N",0.0,0.0,0.0,"",""
"SKU-CRO-0019","2022-09-11",4,2,6,11,20.0,"N",0.0,0.0,0.0,"",""
"SKU-PAN-0020","2022-09-11",38,3,3,9,380.0,"N",0.0,0.0,0.0,"",""
"SKU-PAN-0021","2022-09-11",42,2,7,9,180.0,"N",0.0,0.0,0.0,"",""
"SKU-PAN-0022","2022-09-11",64,2,4,7,480.0,"N",0.0,0.0,0.0,"",""
"SKU-SHO-0023","2022-09-11",70,2,6,8,350.0,"N",0.0,0.0,0.0,"",""
"SKU-SHI-0024","2022-09-11",14,0,3,12,140.0,"N",0.0,0.0,0.0,"",""
"SKU-JAC-0025","2022-09-11",43,0,6,11,215.0,"N",0.0,0.0,0.0,"",""
"SKU-PAN-0026","2022-09-11",56,0,3,7,560.0,"N",0.0,0.0,0.0,"",""
"SKU-JAC-0027","2022-09-11",13,1,7,11,55.7,"N",0.0,0.0,0.0,"",""
"SKU-PAN-0028","2022-09-11",61,2,5,8,366.0,"N",0.0,0.0,0.0,"",""
"SKU-TSH-0029","2022-09-11",67,0,5,8,402.0,"N",0.0,0.0,0.0,"",""
"SKU-CRO-0030","2022-09-11",24,1,3,9,240.0,"N",0.0,0.0,0.0,"",""
"SKU-JAC-0031","2022-09-11",18,1,4,11,135.0,"N",0.0,0.0,0.0,"",""
"SKU-TSH-0032","2022-09-11",69,1,3,5,690.0,"N",0.0,0.0,0.0,"",""
"SKU-SHO-0033","2022-09-11",95,0,0,6,999.0,"N",0.0,0.0,0.0,"",""
"SKU-PAN-0034","2022-09-11",50,0,1,1,999.0,"N",0.0,0.0,0.0,"",""
"SKU-CRO-0035","2022-09-11",24,1,4,6,180.0,"N",0.0,0.0,0.0,"",""
"SKU-SHI-0036","2022-09-11",101,0,2,5,999.0,"N",0.0,0.0,0.0,"",""
"SKU-CRO-0037","2022-09-11",93,0,5,8,558.0,"N",0.0,0.0,0.0,"",""
"SKU-CRO-0038","2022-09-11",17,0,3,4,170.0,"N",0.0,0.0,0.0,"",""
"SKU-SHO-0039","2022-09-11",84,0,4,7,630.0,"N",0.0,0.0,0.0,"",""
"SKU-SHO-0040","2022-09-11",104,0,2,4,999.0,"N",0.0,0.0,0.0,"",""
"SKU-TSH-0041","2022-09-11",107,0,0,4,999.0,"N",0.0,0.0,0.0,"",""
"SKU-CRO-0042","2022-09-11",99,0,5,9,594.0,"N",0.0,0.0,0.0,"",""
"SKU-CRO-0043","2022-09-11",38,2,2,6,570.0,"N",0.0,0.0,0.0,"",""
"SKU-JAC-0044","2022-09-11",93,0,2,5,999.0,"N",0.0,0.0,0.0,"",""
"SKU-SHI-0045","2022-09-11",89,0,1,4,999.0,"N",0.0,0.0,0.0,"",""
"SKU-JAC-0046","2022-09-11",111,0,2,5,999.0,"N",0.0,0.0,0.0,"",""
"SKU-PAN-0047","2022-09-11",89,0,1,1,999.0,"N",0.0,0.0,0.0,"",""
"SKU-CRO-0048","2022-09-11",39,0,1,3,999.0,"N",0.0,0.0,0.0,"",""
"SKU-TSH-0049","2022-09-11",108,0,1,4,999.0,"N",0.0,0.0,0.0,"",""
"SKU-SHO-0050","2022-09-11",96,0,2,5,999.0,"N",0.0,0.0,0.0,"",""
"SKU-SHI-0051","2022-09-11",51,1,1,2,999.0,"N",0.0,0.0,0.0,"",""
"SKU-SHI-0052","2022-09-11",60,2,3,4,600.0,"N",0.0,0.0,0.0,"",""
"SKU-JAC-0053","2022-09-11",58,0,3,4,580.0,"N",0.0,0.0,0.0,"",""
"SKU-SHI-0054","2022-09-11",60,0,4,7,450.0,"N",0.0,0.0,0.0,"",""
"SKU-JAC-0055","2022-09-11",98,2,5,6,588.0,"N",0.0,0.0,0.0,"",""
"SKU-SHI-0001","2022-09-18",0,32,141,306,0.0,"N",226.0,705.0,52.0,"2022-11-09","2022-11-09"
"SKU-PAN-0002","2022-09-18",0,17,71,145,0.0,"N",0.0,0.0,0.0,"",""
"SKU-SHI-0003","2022-09-18",0,12,37,77,0.0,"N",0.0,0.0,0.0,"",""
"SKU-TSH-0004","2022-09-18",0,4,31,62,0.0,"N",0.0,0.0,0.0,"",""
"SKU-CRO-0005","2022-09-18",0,6,28,55,0.0,"N",80.0,846.0,55.0,"2022-11-12","2022-11-12"
"SKU-SHI-0006","2022-09-18",0,5,23,46,0.0,"N",0.0,0.0,0.0,"",""
"SKU-CRO-0007","2022-09-18",0,5,21,43,0.0,"N",0.0,0.0,0.0,"",""
"SKU-PAN-0008","2022-09-18",0,0,11,29,0.0,"N",0.0,0.0,0.0,"",""
"SKU-PAN-0009","2022-09-18",0,5,16,34,0.0,"N",0.0,0.0,0.0,"",""
"SKU-TSH-0010","2022-09-18",0,0,12,29,0.0,"N",0.0,0.0,0.0,"",""
"SKU-SHO-0011","2022-09-18",18,3,17,29,31.8,"N",0.0,0.0,0.0,"",""
"SKU-TSH-0012","2022-09-18",0,3,11,16,0.0,"N",0.0,0.0,0.0,"",""
"SKU-SHI-0013","2022-09-18",3,2,8,18,11.2,"N",40.0,1227.0,51.0,"2022-11-06","2022-11-08"
"SKU-CRO-0014","2022-09-18",0,3,6,22,0.0,"N",66.0,756.0,44.0,"2022-10-31","2022-11-01"
"SKU-SHI-0015","2022-09-18",72,2,11,20,196.4,"N",0.0,0.0,0.0,"",""
"SKU-PAN-0016","2022-09-18",44,3,12,21,110.0,"N",0.0,0.0,0.0,"",""
"SKU-SHI-0017","2022-09-18",16,2,7,16,68.6,"N",0.0,0.0,0.0,"",""
"SKU-PAN-0018","2022-09-18",73,1,4,9,547.5,"N",0.0,0.0,0.0,"",""
"SKU-CRO-0019","2022-09-18",1,3,7,12,4.3,"N",40.0,726.0,45.0,"2022-10-30","2022-11-02"
"SKU-PAN-0020","2022-09-18",38,0,3,7,380.0,"N",0.0,0.0,0.0,"",""
"SKU-PAN-0021","2022-09-18",40,2,7,11,171.4,"N",0.0,0.0,0.0,"",""
"SKU-PAN-0022","2022-09-18",62,2,6,9,310.0,"N",0.0,0.0,0.0,"",""
"SKU-SHO-0023","2022-09-18",69,1,7,9,295.7,"N",0.0,0.0,0.0,"",""
"SKU-SHI-0024","2022-09-18",14,0,2,8,210.0,"N",0.0,0.0,0.0,"",""
"SKU-JAC-0025","2022-09-18",43,0,2,11,645.0,"N",0.0,0.0,0.0,"",""
"SKU-PAN-0026","2022-09-18",55,1,2,7,825.0,"N",0.0,0.0,0.0,"",""
"SKU-JAC-0027","2022-09-18",12,1,6,11,60.0,"N",0.0,0.0,0.0,"",""
"SKU-PAN-0028","2022-09-18",60,1,3,9,600.0,"N",0.0,0.0,0.0,"",""
"SKU-TSH-0029","2022-09-18",66,1,5,8,396.0,"N",0.0,0.0,0.0,"",""
"SKU-CRO-0030","2022-09-18",22,2,4,11,165.0,"N",0.0,0.0,0.0,"",""
"SKU-JAC-0031","2022-09-18",18,0,3,8,180.0,"N",0.0,0.0,0.0,"",""
"SKU-TSH-0032","2022-09-18",69,0,2,4,999.0,"N",0.0,0.0,0.0,"",""
"SKU-SHO-0033","2022-09-18",94,1,1,5,999.0,"N",0.0,0.0,0.0,"",""
"SKU-PAN-0034","2022-09-18",50,0,1,1,999.0,"N",0.0,0.0,0.0,"",""
"SKU-CRO-0035","2022-09-18",23,1,5,6,138.0,"N",0.0,0.0,0.0,"",""
"SKU-SHI-0036","2022-09-18",100,1,2,5,999.0,"N",0.0,0.0,0.0,"",""
"SKU-CRO-0037","2022-09-18",91,2,7,7,390.0,"N",0.0,0.0,0.0,"",""
"SKU-CRO-0038","2022-09-18",16,1,3,5,160.0,"N",0.0,0.0,0.0,"",""
"SKU-SHO-0039","2022-09-18",84,0,2,6,999.0,"N",0.0,0.0,0.0,"",""
"SKU-SHO-0040","2022-09-18",104,0,2,3,999.0,"N",0.0,0.0,0.0,"",""
"SKU-TSH-0041","2022-09-18",107,0,0,4,999.0,"N",0.0,0.0,0.0,"",""
"SKU-CRO-0042","2022-09-18",97,2,7,11,415.7,"N",0.0,0.0,0.0,"",""
"SKU-CRO-0043","2022-09-18",37,1,3,6,370.0,"N",0.0,0.0,0.0,"",""
"SKU-JAC-0044","2022-09-18",93,0,2,5,999.0,"N",0.0,0.0,0.0,"",""
"SKU-SHI-0045","2022-09-18",89,0,0,4,999.0,"N",0.0,0.0,0.0,"",""
"SKU-JAC-0046","2022-09-18",109,2,3,7,999.0,"N",0.0,0.0,0.0,"",""
"SKU-PAN-0047","2022-09-18",89,0,0,1,999.0,"N",0.0,0.0,0.0,"",""
"SKU-CRO-0048","2022-09-18",37,2,3,5,370.0,"N",0.0,0.0,0.0,"",""
"SKU-TSH-0049","2022-09-18",107,1,2,4,999.0,"N",0.0,0.0,0.0,"",""
"SKU-SHO-0050","2022-09-18",96,0,2,4,999.0,"N",0.0,0.0,0.0,"",""
"SKU-SHI-0051","2022-09-18",51,0,1,1,999.0,"N",0.0,0.0,0.0,"",""
"SKU-SHI-0052","2022-09-18",59,1,4,5,442.5,"N",0.0,0.0,0.0,"",""
"SKU-JAC-0053","2022-09-18",57,1,2,4,855.0,"N",0.0,0.0,0.0,"",""
"SKU-SHI-0054","2022-09-18",59,1,4,8,442.5,"N",0.0,0.0,0.0,"",""
"SKU-JAC-0055","2022-09-18",98,0,2,6,999.0,"N",0.0,0.0,0.0,"",""
"SKU-SHI-0001","2022-09-25",0,37,147,315,0.0,"N",0.0,0.0,0.0,"",""
"SKU-PAN-0002","2022-09-25",0,9,64,137,0.0,"N",127.0,982.0,33.0,"2022-10-27","2022-10-28"
"SKU-SHI-0003","2022-09-25",0,8,32,72,0.0,"N",0.0,0.0,0.0,"",""
"SKU-TSH-0004","2022-09-25",0,6,32,60,0.0,"N",0.0,0.0,0.0,"",""
"SKU-CRO-0005","2022-09-25",0,5,28,50,0.0,"N",0.0,0.0,0.0,"",""
"SKU-SHI-0006","2022-09-25",0,4,24,40,0.0,"N",0.0,0.0,0.0,"",""
"SKU-CRO-0007","2022-09-25",0,3,21,42,0.0,"N",44.0,818.0,52.0,"2022-11-13","2022-11-16"
"SKU-PAN-0008","2022-09-25",0,3,10,26,0.0,"N",0.0,0.0,0.0,"",""
"SKU-PAN-0009","2022-09-25",0,4,20,36,0.0,"N",0.0,0.0,0.0,"",""
"SKU-TSH-0010","2022-09-25",0,3,11,28,0.0,"N",0.0,0.0,0.0,"",""
"SKU-SHO-0011","2022-09-25",14,4,15,31,28.0,"N",0.0,0.0,0.0,"",""
"SKU-TSH-0012","2022-09-25",0,4,12,20,0.0,"N",51.0,715.0,34.0,"2022-10-26","2022-10-29"
"SKU-SHI-0013","2022-09-25",0,3,8,20,0.0,"N",0.0,0.0,0.0,"",""
"SKU-CRO-0014","2022-09-25",0,1,7,20,0.0,"N",0.0,0.0,0.0,"",""
"SKU-SHI-0015","2022-09-25",68,4,10,20,204.0,"N",0.0,0.0,0.0,"",""
"SKU-PAN-0016","2022-09-25",41,3,11,21,111.8,"N",0.0,0.0,0.0,"",""
"SKU-SHI-0017","2022-09-25",16,0,7,14,68.6,"N",0.0,0.0,0.0,"",""
"SKU-PAN-0018","2022-09-25",72,1,5,8,432.0,"N",0.0,0.0,0.0,"",""
"SKU-CRO-0019","2022-09-25",0,2,9,13,0.0,"N",0.0,0.0,0.0,"",""
"SKU-PAN-0020","2022-09-25",37,1,4,7,277.5,"N",0.0,0.0,0.0,"",""
"SKU-PAN-0021","2022-09-25",40,0,5,10,240.0,"N",0.0,0.0,0.0,"",""
"SKU-PAN-0022","2022-09-25",61,1,6,10,305.0,"N",0.0,0.0,0.0,"",""
"SKU-SHO-0023","2022-09-25",69,0,5,8,414.0,"N",0.0,0.0,0.0,"",""
"SKU-SHI-0024","2022-09-25",13,1,3,8,130.0,"N",0.0,0.0,0.0,"",""
"SKU-JAC-0025","2022-09-25",43,0,1,10,999.0,"N",0.0,0.0,0.0,"",""
"SKU-PAN-0026","2022-09-25",54,1,2,8,810.0,"N",0.0,0.0,0.0,"",""
"SKU-JAC-0027","2022-09-25",12,0,5,11,72.0,"N",0.0,0.0,0.0,"",""
"SKU-PAN-0028","2022-09-25",60,0,3,7,600.0,"N",0.0,0.0,0.0,"",""
"SKU-TSH-0029","2022-09-25",65,1,4,8,487.5,"N",0.0,0.0,0.0,"",""
"SKU-CRO-0030","2022-09-25",21,1,5,11,126.0,"N",0.0,0.0,0.0,"",""
"SKU-JAC-0031","2022-09-25",17,1,3,9,170.0,"N",0.0,0.0,0.0,"",""
"SKU-TSH-0032","2022-09-25",68,1,3,5,680.0,"N",0.0,0.0,0.0,"",""
"SKU-SHO-0033","2022-09-25",93,1,2,4,999.0,"N",0.0,0.0,0.0,"",""
"SKU-PAN-0034","2022-09-25",50,0,1,1,999.0,"N",0.0,0.0,0.0,"",""
"SKU-CRO-0035","2022-09-25",23,0,4,6,172.5,"N",0.0,0.0,0.0,"",""
"SKU-SHI-0036","2022-09-25",100,0,1,5,999.0,"N",0.0,0.0,0.0,"",""
"SKU-CRO-0037","2022-09-25",91,0,6,7,455.0,"N",0.0,0.0,0.0,"",""
"SKU-CRO-0038","2022-09-25",16,0,2,5,240.0,"N",0.0,0.0,0.0,"",""
"SKU-SHO-0039","2022-09-25",82,2,4,8,615.0,"N",0.0,0.0,0.0,"",""
"SKU-SHO-0040","2022-09-25",103,1,2,3,999.0,"N",0.0,0.0,0.0,"",""
"SKU-TSH-0041","2022-09-25",107,0,0,2,999.0,"N",0.0,0.0,0.0,"",""
"SKU-CRO-0042","2022-09-25",97,0,4,11,727.5,"N",0.0,0.0,0.0,"",""
"SKU-CRO-0043","2022-09-25",37,0,3,5,370.0,"N",0.0,0.0,0.0,"",""
"SKU-JAC-0044","2022-09-25",93,0,0,5,999.0,"N",0.0,0.0,0.0,"",""
"SKU-SHI-0045","2022-09-25",89,0,0,3,999.0,"N",0.0,0.0,0.0,"",""
"SKU-JAC-0046","2022-09-25",109,0,3,7,999.0,"N",0.0,0.0,0.0,"",""
"SKU-PAN-0047","2022-09-25",89,0,0,1,999.0,"N",0.0,0.0,0.0,"",""
"SKU-CRO-0048","2022-09-25",37,0,3,5,370.0,"N",0.0,0.0,0.0,"",""
"SKU-TSH-0049","2022-09-25",107,0,2,3,999.0,"N",0.0,0.0,0.0,"",""
"SKU-SHO-0050","2022-09-25",95,1,2,4,999.0,"N",0.0,0.0,0.0,"",""
"SKU-SHI-0051","2022-09-25",50,1,2,2,750.0,"N",0.0,0.0,0.0,"",""
"SKU-SHI-0052","2022-09-25",59,0,4,5,442.5,"N",0.0,0.0,0.0,"",""
"SKU-JAC-0053","2022-09-25",57,0,1,4,999.0,"N",0.0,0.0,0.0,"",""
"SKU-SHI-0054","2022-09-25",59,0,1,8,999.0,"N",0.0,0.0,0.0,"",""
"SKU-JAC-0055","2022-09-25",98,0,2,6,999.0,"N",0.0,0.0,0.0,"",""
"SKU-SHI-0001","2022-10-02",0,38,146,304,0.0,"N",0.0,0.0,0.0,"",""
"SKU-PAN-0002","2022-10-02",0,20,65,135,0.0,"N",0.0,0.0,0.0,"",""
"SKU-SHI-0003","2022-10-02",0,14,41,78,0.0,"N",92.0,1004.0,36.0,"2022-11-07","2022-11-07"
"SKU-TSH-0004","2022-10-02",0,7,32,62,0.0,"N",0.0,0.0,0.0,"",""
"SKU-CRO-0005","2022-10-02",0,5,22,47,0.0,"N",0.0,0.0,0.0,"",""
"SKU-SHI-0006","2022-10-02",0,4,21,41,0.0,"N",0.0,0.0,0.0,"",""
"SKU-CRO-0007","2022-10-02",0,3,17,41,0.0,"N",0.0,0.0,0.0,"",""
"SKU-PAN-0008","2022-10-02",0,3,9,26,0.0,"N",0.0,0.0,0.0,"",""
"SKU-PAN-0009","2022-10-02",0,7,22,41,0.0,"N",0.0,0.0,0.0,"",""
"SKU-TSH-0010","2022-10-02",0,2,9,26,0.0,"N",0.0,0.0,0.0,"",""
"SKU-SHO-0011","2022-10-02",10,4,16,32,18.8,"N",0.0,0.0,0.0,"",""
"SKU-TSH-0012","2022-10-02",0,5,15,24,0.0,"N",0.0,0.0,0.0,"",""
"SKU-SHI-0013","2022-10-02",0,1,9,16,0.0,"N",0.0,0.0,0.0,"",""
"SKU-CRO-0014","2022-10-02",0,3,7,21,0.0,"N",0.0,0.0,0.0,"",""
"SKU-SHI-0015","2022-10-02",68,0,9,20,226.7,"N",0.0,0.0,0.0,"",""
"SKU-PAN-0016","2022-10-02",38,3,9,23,126.7,"N",0.0,0.0,0.0,"",""
"SKU-SHI-0017","2022-10-02",14,2,7,13,60.0,"N",0.0,0.0,0.0,"",""
"SKU-PAN-0018","2022-10-02",72,0,3,8,720.0,"N",0.0,0.0,0.0,"",""
"SKU-CRO-0019","2022-10-02",0,0,8,12,0.0,"N",0.0,0.0,0.0,"",""
"SKU-PAN-0020","2022-10-02",37,0,4,6,277.5,"N",0.0,0.0,0.0,"",""
"SKU-PAN-0021","2022-10-02",40,0,4,9,300.0,"N",0.0,0.0,0.0,"",""
"SKU-PAN-0022","2022-10-02",61,0,5,9,366.0,"N",0.0,0.0,0.0,"",""
"SKU-SHO-0023","2022-10-02",68,1,4,9,510.0,"N",0.0,0.0,0.0,"",""
"SKU-SHI-0024","2022-10-02",12,1,3,9,120.0,"N",0.0,0.0,0.0,"",""
"SKU-JAC-0025","2022-10-02",39,4,5,12,234.0,"N",0.0,0.0,0.0,"",""
"SKU-PAN-0026","2022-10-02",53,1,3,7,530.0,"N",0.0,0.0,0.0,"",""
"SKU-JAC-0027","2022-10-02",12,0,3,10,120.0,"N",0.0,0.0,0.0,"",""
"SKU-PAN-0028","2022-10-02",60,0,3,7,600.0,"N",0.0,0.0,0.0,"",""
"SKU-TSH-0029","2022-10-02",65,0,2,8,975.0,"N",0.0,0.0,0.0,"",""
"SKU-CRO-0030","2022-10-02",21,0,4,7,157.5,"N",0.0,0.0,0.0,"",""
"SKU-JAC-0031","2022-10-02",16,1,3,7,160.0,"N",0.0,0.0,0.0,"",""
"SKU-TSH-0032","2022-10-02",67,1,3,6,670.0,"N",0.0,0.0,0.0,"",""
"SKU-SHO-0033","2022-10-02",93,0,2,3,999.0,"N",0.0,0.0,0.0,"",""
"SKU-PAN-0034","2022-10-02",49,1,1,2,999.0,"N",0.0,0.0,0.0,"",""
"SKU-CRO-0035","2022-10-02",21,2,4,7,157.5,"N",0.0,0.0,0.0,"",""
"SKU-SHI-0036","2022-10-02",99,1,2,4,999.0,"N",0.0,0.0,0.0,"",""
"SKU-CRO-0037","2022-10-02",90,1,3,8,900.0,"N",0.0,0.0,0.0,"",""
"SKU-CRO-0038","2022-10-02",15,1,2,5,225.0,"N",0.0,0.0,0.0,"",""
"SKU-SHO-0039","2022-10-02",81,1,3,9,810.0,"N",0.0,0.0,0.0,"",""
"SKU-SHO-0040","2022-10-02",103,0,1,3,999.0,"N",0.0,0.0,0.0,"",""
"SKU-TSH-0041","2022-10-02",107,0,0,0,999.0,"Y",0.0,0.0,0.0,"",""
"SKU-CRO-0042","2022-10-02",97,0,4,10,727.5,"N",0.0,0.0,0.0,"",""
"SKU-CRO-0043","2022-10-02",36,1,4,5,270.0,"N",0.0,0.0,0.0,"",""
"SKU-JAC-0044","2022-10-02",92,1,1,6,999.0,"N",0.0,0.0,0.0,"",""
"SKU-SHI-0045","2022-10-02",89,0,0,2,999.0,"N",0.0,0.0,0.0,"",""
"SKU-JAC-0046","2022-10-02",109,0,2,6,999.0,"N",0.0,0.0,0.0,"",""
"SKU-PAN-0047","2022-10-02",89,0,0,1,999.0,"N",0.0,0.0,0.0,"",""
"SKU-CRO-0048","2022-10-02",36,1,4,6,270.0,"N",0.0,0.0,0.0,"",""
"SKU-TSH-0049","2022-10-02",107,0,1,3,999.0,"N",0.0,0.0,0.0,"",""
"SKU-SHO-0050","2022-10-02",95,0,1,3,999.0,"N",0.0,0.0,0.0,"",""
"SKU-SHI-0051","2022-10-02",50,0,2,2,750.0,"N",0.0,0.0,0.0,"",""
"SKU-SHI-0052","2022-10-02",58,1,4,5,435.0,"N",0.0,0.0,0.0,"",""
"SKU-JAC-0053","2022-10-02",57,0,1,4,999.0,"N",0.0,0.0,0.0,"",""
"SKU-SHI-0054","2022-10-02",59,0,1,7,999.0,"N",0.0,0.0,0.0,"",""
"SKU-JAC-0055","2022-10-02",97,1,3,7,970.0,"N",0.0,0.0,0.0,"",""
"SKU-SHI-0001","2022-10-09",0,41,158,303,0.0,"N",0.0,0.0,0.0,"",""
"SKU-PAN-0002","2022-10-09",0,24,75,139,0.0,"N",0.0,0.0,0.0,"",""
"SKU-SHI-0003","2022-10-09",0,12,46,80,0.0,"N",0.0,0.0,0.0,"",""
"SKU-TSH-0004","2022-10-09",0,7,30,60,0.0,"N",80.0,539.0,42.0,"2022-11-19","2022-11-20"
"SKU-CRO-0005","2022-10-09",0,11,29,51,0.0,"N",0.0,0.0,0.0,"",""
"SKU-SHI-0006","2022-10-09",0,7,21,39,0.0,"N",54.0,1097.0,30.0,"2022-11-08","2022-11-08"
"SKU-CRO-0007","2022-10-09",0,4,16,37,0.0,"N",0.0,0.0,0.0,"",""
"SKU-PAN-0008","2022-10-09",0,5,12,29,0.0,"N",40.0,1152.0,50.0,"2022-11-27","2022-11-28"
"SKU-PAN-0009","2022-10-09",0,2,20,37,0.0,"N",79.0,1008.0,57.0,"2022-12-04","2022-12-05"
"SKU-TSH-0010","2022-10-09",0,3,8,25,0.0,"N",40.0,782.0,54.0,"2022-12-02","2022-12-02"
"SKU-SHO-0011","2022-10-09",3,7,18,36,5.0,"N",71.0,761.0,43.0,"2022-11-18","2022-11-21"
"SKU-TSH-0012","2022-10-09",0,3,16,24,0.0,"N",0.0,0.0,0.0,"",""
"SKU-SHI-0013","2022-10-09",0,4,11,18,0.0,"N",0.0,0.0,0.0,"",""
"SKU-CRO-0014","2022-10-09",0,1,8,14,0.0,"N",0.0,0.0,0.0,"",""
"SKU-SHI-0015","2022-10-09",66,2,9,20,220.0,"N",0.0,0.0,0.0,"",""
"SKU-PAN-0016","2022-10-09",36,2,11,23,98.2,"N",0.0,0.0,0.0,"",""
"SKU-SHI-0017","2022-10-09",11,3,9,15,36.7,"N",0.0,0.0,0.0,"",""
"SKU-PAN-0018","2022-10-09",70,2,5,8,420.0,"N",0.0,0.0,0.0,"",""
"SKU-CRO-0019","2022-10-09",0,5,11,16,0.0,"N",0.0,0.0,0.0,"",""
"SKU-PAN-0020","2022-10-09",33,4,6,8,165.0,"N",0.0,0.0,0.0,"",""
"SKU-PAN-0021","2022-10-09",39,1,4,10,292.5,"N",0.0,0.0,0.0,"",""
"SKU-PAN-0022","2022-10-09",59,2,7,9,252.9,"N",0.0,0.0,0.0,"",""
"SKU-SHO-0023","2022-10-09",66,2,6,10,330.0,"N",0.0,0.0,0.0,"",""
"SKU-SHI-0024","2022-10-09",12,0,2,6,180.0,"N",0.0,0.0,0.0,"",""
"SKU-JAC-0025","2022-10-09",38,1,5,11,228.0,"N",0.0,0.0,0.0,"",""
"SKU-PAN-0026","2022-10-09",53,0,3,7,530.0,"N",0.0,0.0,0.0,"",""
"SKU-JAC-0027","2022-10-09",12,0,1,8,360.0,"N",0.0,0.0,0.0,"",""
"SKU-PAN-0028","2022-10-09",57,3,6,9,285.0,"N",0.0,0.0,0.0,"",""
"SKU-TSH-0029","2022-10-09",64,1,3,9,640.0,"N",0.0,0.0,0.0,"",""
"SKU-CRO-0030","2022-10-09",21,0,3,6,210.0,"N",0.0,0.0,0.0,"",""
"SKU-JAC-0031","2022-10-09",16,0,2,6,240.0,"N",0.0,0.0,0.0,"",""
"SKU-TSH-0032","2022-10-09",65,2,4,7,487.5,"N",0.0,0.0,0.0,"",""
"SKU-SHO-0033","2022-10-09",93,0,2,2,999.0,"N",0.0,0.0,0.0,"",""
"SKU-PAN-0034","2022-10-09",49,0,1,2,999.0,"N",0.0,0.0,0.0,"",""
"SKU-CRO-0035","2022-10-09",21,0,4,7,157.5,"N",0.0,0.0,0.0,"",""
"SKU-SHI-0036","2022-10-09",99,0,2,4,999.0,"N",0.0,0.0,0.0,"",""
"SKU-CRO-0037","2022-10-09",87,3,6,11,435.0,"N",0.0,0.0,0.0,"",""
"SKU-CRO-0038","2022-10-09",15,0,2,5,225.0,"N",0.0,0.0,0.0,"",""
"SKU-SHO-0039","2022-10-09",81,0,3,8,810.0,"N",0.0,0.0,0.0,"",""
"SKU-SHO-0040","2022-10-09",100,3,4,6,750.0,"N",0.0,0.0,0.0,"",""
"SKU-TSH-0041","2022-10-09",106,1,1,1,999.0,"N",0.0,0.0,0.0,"",""
"SKU-CRO-0042","2022-10-09",96,1,3,10,960.0,"N",0.0,0.0,0.0,"",""
"SKU-CRO-0043","2022-10-09",36,0,2,4,540.0,"N",0.0,0.0,0.0,"",""
"SKU-JAC-0044","2022-10-09",92,0,1,4,999.0,"N",0.0,0.0,0.0,"",""
"SKU-SHI-0045","2022-10-09",89,0,0,2,999.0,"N",0.0,0.0,0.0,"",""
"SKU-JAC-0046","2022-10-09",109,0,2,4,999.0,"N",0.0,0.0,0.0,"",""
"SKU-PAN-0047","2022-10-09",89,0,0,1,999.0,"N",0.0,0.0,0.0,"",""
"SKU-CRO-0048","2022-10-09",34,2,5,6,204.0,"N",0.0,0.0,0.0,"",""
"SKU-TSH-0049","2022-10-09",106,1,2,3,999.0,"N",0.0,0.0,0.0,"",""
"SKU-SHO-0050","2022-10-09",95,0,1,3,999.0,"N",0.0,0.0,0.0,"",""
"SKU-SHI-0051","2022-10-09",49,1,2,3,735.0,"N",0.0,0.0,0.0,"",""
"SKU-SHI-0052","2022-10-09",57,1,3,6,570.0,"N",0.0,0.0,0.0,"",""
"SKU-JAC-0053","2022-10-09",56,1,2,5,840.0,"N",0.0,0.0,0.0,"",""
"SKU-SHI-0054","2022-10-09",58,1,2,7,870.0,"N",0.0,0.0,0.0,"",""
"SKU-JAC-0055","2022-10-09",96,1,3,7,960.0,"N",0.0,0.0,0.0,"",""
"SKU-SHI-0001","2022-10-16",0,63,189,328,0.0,"N",342.0,705.0,37.0,"2022-11-20","2022-11-22"
"SKU-PAN-0002","2022-10-16",0,24,88,150,0.0,"N",0.0,0.0,0.0,"",""
"SKU-SHI-0003","2022-10-16",0,11,49,82,0.0,"N",0.0,0.0,0.0,"",""
"SKU-TSH-0004","2022-10-16",0,4,26,56,0.0,"N",0.0,0.0,0.0,"",""
"SKU-CRO-0005","2022-10-16",0,5,29,55,0.0,"N",88.0,846.0,51.0,"2022-12-06","2022-12-06"
"SKU-SHI-0006","2022-10-16",0,11,31,50,0.0,"N",0.0,0.0,0.0,"",""
"SKU-CRO-0007","2022-10-16",0,5,18,38,0.0,"N",0.0,0.0,0.0,"",""
"SKU-PAN-0008","2022-10-16",0,6,17,29,0.0,"N",0.0,0.0,0.0,"",""
"SKU-PAN-0009","2022-10-16",0,3,18,34,0.0,"N",0.0,0.0,0.0,"",""
"SKU-TSH-0010","2022-10-16",0,5,13,27,0.0,"N",0.0,0.0,0.0,"",""
"SKU-SHO-0011","2022-10-16",0,4,21,36,0.0,"N",0.0,0.0,0.0,"",""
"SKU-TSH-0012","2022-10-16",0,3,16,26,0.0,"N",0.0,0.0,0.0,"",""
"SKU-SHI-0013","2022-10-16",0,3,12,19,0.0,"N",67.0,1227.0,52.0,"2022-12-06","2022-12-07"
"SKU-CRO-0014","2022-10-16",0,2,8,13,0.0,"N",47.0,756.0,39.0,"2022-11-24","2022-11-24"
"SKU-SHI-0015","2022-10-16",63,3,9,22,210.0,"N",0.0,0.0,0.0,"",""
"SKU-PAN-0016","2022-10-16",35,1,10,22,105.0,"N",0.0,0.0,0.0,"",""
"SKU-SHI-0017","2022-10-16",10,1,7,14,42.9,"N",0.0,0.0,0.0,"",""
"SKU-PAN-0018","2022-10-16",67,3,6,11,335.0,"N",0.0,0.0,0.0,"",""
"SKU-CRO-0019","2022-10-16",0,2,9,16,0.0,"N",40.0,726.0,32.0,"2022-11-17","2022-11-17"
"SKU-PAN-0020","2022-10-16",32,1,6,9,160.0,"N",0.0,0.0,0.0,"",""
"SKU-PAN-0021","2022-10-16",36,3,4,11,270.0,"N",0.0,0.0,0.0,"",""
"SKU-PAN-0022","2022-10-16",59,0,4,9,442.5,"N",0.0,0.0,0.0,"",""
"SKU-SHO-0023","2022-10-16",65,1,5,11,390.0,"N",0.0,0.0,0.0,"",""
"SKU-SHI-0024","2022-10-16",11,1,3,6,110.0,"N",0.0,0.0,0.0,"",""
"SKU-JAC-0025","2022-10-16",37,1,6,8,185.0,"N",0.0,0.0,0.0,"",""
"SKU-PAN-0026","2022-10-16",50,3,6,8,250.0,"N",0.0,0.0,0.0,"",""
"SKU-JAC-0027","2022-10-16",11,1,1,8,330.0,"N",0.0,0.0,0.0,"",""
"SKU-PAN-0028","2022-10-16",54,3,6,9,270.0,"N",0.0,0.0,0.0,"",""
"SKU-TSH-0029","2022-10-16",62,2,4,10,465.0,"N",0.0,0.0,0.0,"",""
"SKU-CRO-0030","2022-10-16",20,1,3,7,200.0,"N",0.0,0.0,0.0,"",""
"SKU-JAC-0031","2022-10-16",14,2,4,7,105.0,"N",0.0,0.0,0.0,"",""
"SKU-TSH-0032","2022-10-16",65,0,4,6,487.5,"N",0.0,0.0,0.0,"",""
"SKU-SHO-0033","2022-10-16",91,2,3,4,910.0,"N",0.0,0.0,0.0,"",""
"SKU-PAN-0034","2022-10-16",47,2,3,4,470.0,"N",0.0,0.0,0.0,"",""
"SKU-CRO-0035","2022-10-16",19,2,5,9,114.0,"N",0.0,0.0,0.0,"",""
"SKU-SHI-0036","2022-10-16",99,0,1,4,999.0,"N",0.0,0.0,0.0,"",""
"SKU-CRO-0037","2022-10-16",86,1,6,12,430.0,"N",0.0,0.0,0.0,"",""
"SKU-CRO-0038","2022-10-16",14,1,2,5,210.0,"N",0.0,0.0,0.0,"",""
"SKU-SHO-0039","2022-10-16",79,2,5,7,474.0,"N",0.0,0.0,0.0,"",""
"SKU-SHO-0040","2022-10-16",99,1,5,7,594.0,"N",0.0,0.0,0.0,"",""
"SKU-TSH-0041","2022-10-16",105,1,2,2,999.0,"N",0.0,0.0,0.0,"",""
"SKU-CRO-0042","2022-10-16",95,1,4,9,712.5,"N",0.0,0.0,0.0,"",""
"SKU-CRO-0043","2022-10-16",35,1,2,5,525.0,"N",0.0,0.0,0.0,"",""
"SKU-JAC-0044","2022-10-16",91,1,2,4,999.0,"N",0.0,0.0,0.0,"",""
"SKU-SHI-0045","2022-10-16",88,1,1,2,999.0,"N",0.0,0.0,0.0,"",""
"SKU-JAC-0046","2022-10-16",107,2,3,5,999.0,"N",0.0,0.0,0.0,"",""
"SKU-PAN-0047","2022-10-16",89,0,0,0,999.0,"Y",0.0,0.0,0.0,"",""
"SKU-CRO-0048","2022-10-16",33,1,4,7,247.5,"N",0.0,0.0,0.0,"",""
"SKU-TSH-0049","2022-10-16",105,1,2,4,999.0,"N",0.0,0.0,0.0,"",""
"SKU-SHO-0050","2022-10-16",95,0,1,3,999.0,"N",0.0,0.0,0.0,"",""
"SKU-SHI-0051","2022-10-16",49,0,2,3,735.0,"N",0.0,0.0,0.0,"",""
"SKU-SHI-0052","2022-10-16",57,0,2,6,855.0,"N",0.0,0.0,0.0,"",""
"SKU-JAC-0053","2022-10-16",56,0,1,3,999.0,"N",0.0,0.0,0.0,"",""
"SKU-SHI-0054","2022-10-16",58,0,1,5,999.0,"N",0.0,0.0,0.0,"",""
"SKU-JAC-0055","2022-10-16",96,0,2,5,999.0,"N",0.0,0.0,0.0,"",""
"SKU-SHI-0001","2022-10-23",0,50,202,347,0.0,"N",0.0,0.0,0.0,"",""
"SKU-PAN-0002","2022-10-23",0,27,97,169,0.0,"N",202.0,982.0,43.0,"2022-12-04","2022-12-05"
"SKU-SHI-0003","2022-10-23",0,15,53,86,0.0,"N",0.0,0.0,0.0,"",""
"SKU-TSH-0004","2022-10-23",0,8,28,58,0.0,"N",0.0,0.0,0.0,"",""
"SKU-CRO-0005","2022-10-23",0,9,31,58,0.0,"N",0.0,0.0,0.0,"",""
"SKU-SHI-0006","2022-10-23",0,5,28,52,0.0,"N",0.0,0.0,0.0,"",""
"SKU-CRO-0007","2022-10-23",0,7,20,42,0.0,"N",69.0,818.0,51.0,"2022-12-08","2022-12-13"
"SKU-PAN-0008","2022-10-23",0,3,17,30,0.0,"N",0.0,0.0,0.0,"",""
"SKU-PAN-0009","2022-10-23",0,4,16,36,0.0,"N",0.0,0.0,0.0,"",""
"SKU-TSH-0010","2022-10-23",0,3,13,25,0.0,"N",0.0,0.0,0.0,"",""
"SKU-SHO-0011","2022-10-23",0,3,21,35,0.0,"N",0.0,0.0,0.0,"",""
"SKU-TSH-0012","2022-10-23",0,2,13,25,0.0,"N",64.0,715.0,44.0,"2022-12-06","2022-12-06"
"SKU-SHI-0013","2022-10-23",0,3,11,20,0.0,"N",0.0,0.0,0.0,"",""
"SKU-CRO-0014","2022-10-23",0,4,10,17,0.0,"N",0.0,0.0,0.0,"",""
"SKU-SHI-0015","2022-10-23",61,2,7,18,261.4,"N",0.0,0.0,0.0,"",""
"SKU-PAN-0016","2022-10-23",33,2,10,20,99.0,"N",0.0,0.0,0.0,"",""
"SKU-SHI-0017","2022-10-23",10,0,6,13,50.0,"N",0.0,0.0,0.0,"",""
"SKU-PAN-0018","2022-10-23",64,3,9,13,213.3,"N",0.0,0.0,0.0,"",""
"SKU-CRO-0019","2022-10-23",0,6,13,22,0.0,"N",0.0,0.0,0.0,"",""
"SKU-PAN-0020","2022-10-23",30,2,7,11,128.6,"N",0.0,0.0,0.0,"",""
"SKU-PAN-0021","2022-10-23",35,1,5,10,210.0,"N",0.0,0.0,0.0,"",""
"SKU-PAN-0022","2022-10-23",55,4,6,12,275.0,"N",0.0,0.0,0.0,"",""
"SKU-SHO-0023","2022-10-23",63,2,6,12,315.0,"N",0.0,0.0,0.0,"",""
"SKU-SHI-0024","2022-10-23",10,1,3,6,100.0,"N",0.0,0.0,0.0,"",""
"SKU-JAC-0025","2022-10-23",35,2,8,9,131.2,"N",0.0,0.0,0.0,"",""
"SKU-PAN-0026","2022-10-23",44,6,10,13,132.0,"N",0.0,0.0,0.0,"",""
"SKU-JAC-0027","2022-10-23",10,1,2,7,150.0,"N",0.0,0.0,0.0,"",""
"SKU-PAN-0028","2022-10-23",53,1,7,10,227.1,"N",0.0,0.0,0.0,"",""
"SKU-TSH-0029","2022-10-23",62,0,3,7,620.0,"N",0.0,0.0,0.0,"",""
"SKU-CRO-0030","2022-10-23",20,0,1,6,600.0,"N",0.0,0.0,0.0,"",""
"SKU-JAC-0031","2022-10-23",13,1,5,8,78.0,"N",0.0,0.0,0.0,"",""
"SKU-TSH-0032","2022-10-23",65,0,4,6,487.5,"N",0.0,0.0,0.0,"",""
"SKU-SHO-0033","2022-10-23",88,3,5,7,528.0,"N",0.0,0.0,0.0,"",""
"SKU-PAN-0034","2022-10-23",46,1,4,5,345.0,"N",0.0,0.0,0.0,"",""
"SKU-CRO-0035","2022-10-23",17,2,6,10,85.0,"N",0.0,0.0,0.0,"",""
"SKU-SHI-0036","2022-10-23",98,1,2,3,999.0,"N",0.0,0.0,0.0,"",""
"SKU-CRO-0037","2022-10-23",85,1,6,12,425.0,"N",0.0,0.0,0.0,"",""
"SKU-CRO-0038","2022-10-23",14,0,2,5,210.0,"N",0.0,0.0,0.0,"",""
"SKU-SHO-0039","2022-10-23",77,2,5,9,462.0,"N",0.0,0.0,0.0,"",""
"SKU-SHO-0040","2022-10-23",98,1,5,7,588.0,"N",0.0,0.0,0.0,"",""
"SKU-TSH-0041","2022-10-23",103,2,4,4,772.5,"N",0.0,0.0,0.0,"",""
"SKU-CRO-0042","2022-10-23",92,3,5,10,552.0,"N",0.0,0.0,0.0,"",""
"SKU-CRO-0043","2022-10-23",33,2,4,7,247.5,"N",0.0,0.0,0.0,"",""
"SKU-JAC-0044","2022-10-23",91,0,2,2,999.0,"N",0.0,0.0,0.0,"",""
"SKU-SHI-0045","2022-10-23",87,1,2,2,999.0,"N",0.0,0.0,0.0,"",""
"SKU-JAC-0046","2022-10-23",104,3,5,8,624.0,"N",0.0,0.0,0.0,"",""
"SKU-PAN-0047","2022-10-23",87,2,2,2,999.0,"N",0.0,0.0,0.0,"",""
"SKU-CRO-0048","2022-10-23",33,0,4,7,247.5,"N",0.0,0.0,0.0,"",""
"SKU-TSH-0049","2022-10-23",105,0,2,4,999.0,"N",0.0,0.0,0.0,"",""
"SKU-SHO-0050","2022-10-23",94,1,2,3,999.0,"N",0.0,0.0,0.0,"",""
"SKU-SHI-0051","2022-10-23",46,3,4,6,345.0,"N",0.0,0.0,0.0,"",""
"SKU-SHI-0052","2022-10-23",57,0,2,6,855.0,"N",0.0,0.0,0.0,"",""
"SKU-JAC-0053","2022-10-23",56,0,1,3,999.0,"N",0.0,0.0,0.0,"",""
"SKU-SHI-0054","2022-10-23",58,0,1,2,999.0,"N",0.0,0.0,0.0,"",""
"SKU-JAC-0055","2022-10-23",95,1,3,5,950.0,"N",0.0,0.0,0.0,"",""
"SKU-SHI-0001","2022-10-30",0,45,218,351,0.0,"N",0.0,0.0,0.0,"",""
"SKU-PAN-0002","2022-10-30",0,23,104,168,0.0,"N",0.0,0.0,0.0,"",""
"SKU-SHI-0003","2022-10-30",0,12,55,92,0.0,"N",100.0,1004.0,52.0,"2022-12-19","2022-12-21"
"SKU-TSH-0004","2022-10-30",0,16,39,67,0.0,"N",0.0,0.0,0.0,"",""
"SKU-CRO-0005","2022-10-30",0,9,38,56,0.0,"N",0.0,0.0,0.0,"",""
"SKU-SHI-0006","2022-10-30",0,7,31,54,0.0,"N",0.0,0.0,0.0,"",""
"SKU-CRO-0007","2022-10-30",0,5,23,40,0.0,"N",0.0,0.0,0.0,"",""
"SKU-PAN-0008","2022-10-30",0,5,21,29,0.0,"N",0.0,0.0,0.0,"",""
"SKU-PAN-0009","2022-10-30",0,5,18,37,0.0,"N",0.0,0.0,0.0,"",""
"SKU-TSH-0010","2022-10-30",0,3,15,25,0.0,"N",0.0,0.0,0.0,"",""
"SKU-SHO-0011","2022-10-30",0,1,16,32,0.0,"N",0.0,0.0,0.0,"",""
"SKU-TSH-0012","2022-10-30",0,3,13,26,0.0,"N",0.0,0.0,0.0,"",""
"SKU-SHI-0013","2022-10-30",0,2,12,21,0.0,"N",0.0,0.0,0.0,"",""
"SKU-CRO-0014","2022-10-30",0,3,11,19,0.0,"N",0.0,0.0,0.0,"",""
"SKU-SHI-0015","2022-10-30",58,3,10,19,174.0,"N",0.0,0.0,0.0,"",""
"SKU-PAN-0016","2022-10-30",31,2,9,18,103.3,"N",0.0,0.0,0.0,"",""
"SKU-SHI-0017","2022-10-30",9,1,6,12,45.0,"N",0.0,0.0,0.0,"",""
"SKU-PAN-0018","2022-10-30",62,2,10,13,186.0,"N",0.0,0.0,0.0,"",""
"SKU-CRO-0019","2022-10-30",0,4,17,26,0.0,"N",0.0,0.0,0.0,"",""
"SKU-PAN-0020","2022-10-30",28,2,9,13,93.3,"N",0.0,0.0,0.0,"",""
"SKU-PAN-0021","2022-10-30",34,1,6,11,170.0,"N",0.0,0.0,0.0,"",""
"SKU-PAN-0022","2022-10-30",54,1,7,13,231.4,"N",0.0,0.0,0.0,"",""
"SKU-SHO-0023","2022-10-30",63,0,5,9,378.0,"N",0.0,0.0,0.0,"",""
"SKU-SHI-0024","2022-10-30",9,1,3,6,90.0,"N",0.0,0.0,0.0,"",""
"SKU-JAC-0025","2022-10-30",35,0,7,9,150.0,"N",0.0,0.0,0.0,"",""
"SKU-PAN-0026","2022-10-30",42,2,11,14,114.5,"N",0.0,0.0,0.0,"",""
"SKU-JAC-0027","2022-10-30",7,3,5,9,42.0,"N",0.0,0.0,0.0,"",""
"SKU-PAN-0028","2022-10-30",52,1,8,11,195.0,"N",0.0,0.0,0.0,"",""
"SKU-TSH-0029","2022-10-30",60,2,5,7,360.0,"N",0.0,0.0,0.0,"",""
"SKU-CRO-0030","2022-10-30",20,0,1,5,600.0,"N",0.0,0.0,0.0,"",""
"SKU-JAC-0031","2022-10-30",8,5,9,11,26.7,"N",0.0,0.0,0.0,"",""
"SKU-TSH-0032","2022-10-30",63,2,4,7,472.5,"N",0.0,0.0,0.0,"",""
"SKU-SHO-0033","2022-10-30",87,1,6,8,435.0,"N",0.0,0.0,0.0,"",""
"SKU-PAN-0034","2022-10-30",46,0,3,4,460.0,"N",0.0,0.0,0.0,"",""
"SKU-CRO-0035","2022-10-30",14,3,8,12,52.5,"N",0.0,0.0,0.0,"",""
"SKU-SHI-0036","2022-10-30",98,0,2,3,999.0,"N",0.0,0.0,0.0,"",""
"SKU-CRO-0037","2022-10-30",84,1,6,9,420.0,"N",0.0,0.0,0.0,"",""
"SKU-CRO-0038","2022-10-30",14,0,1,3,420.0,"N",0.0,0.0,0.0,"",""
"SKU-SHO-0039","2022-10-30",76,1,6,9,380.0,"N",0.0,0.0,0.0,"",""
"SKU-SHO-0040","2022-10-30",98,0,5,6,588.0,"N",0.0,0.0,0.0,"",""
"SKU-TSH-0041","2022-10-30",102,1,5,5,612.0,"N",0.0,0.0,0.0,"",""
"SKU-CRO-0042","2022-10-30",92,0,5,9,552.0,"N",0.0,0.0,0.0,"",""
"SKU-CRO-0043","2022-10-30",33,0,3,7,330.0,"N",0.0,0.0,0.0,"",""
"SKU-JAC-0044","2022-10-30",90,1,3,3,900.0,"N",0.0,0.0,0.0,"",""
"SKU-SHI-0045","2022-10-30",86,1,3,3,860.0,"N",0.0,0.0,0.0,"",""
"SKU-JAC-0046","2022-10-30",104,0,5,8,624.0,"N",0.0,0.0,0.0,"",""
"SKU-PAN-0047","2022-10-30",87,0,2,2,999.0,"N",0.0,0.0,0.0,"",""
"SKU-CRO-0048","2022-10-30",32,1,4,8,240.0,"N",0.0,0.0,0.0,"",""
"SKU-TSH-0049","2022-10-30",105,0,2,3,999.0,"N",0.0,0.0,0.0,"",""
"SKU-SHO-0050","2022-10-30",94,0,1,2,999.0,"N",0.0,0.0,0.0,"",""
"SKU-SHI-0051","2022-10-30",46,0,4,6,345.0,"N",0.0,0.0,0.0,"",""
"SKU-SHI-0052","2022-10-30",57,0,1,5,999.0,"N",0.0,0.0,0.0,"",""
"SKU-JAC-0053","2022-10-30",54,2,3,4,540.0,"N",0.0,0.0,0.0,"",""
"SKU-SHI-0054","2022-10-30",58,0,1,2,999.0,"N",0.0,0.0,0.0,"",""
"SKU-JAC-0055","2022-10-30",95,0,2,5,999.0,"N",0.0,0.0,0.0,"",""
"SKU-SHI-0001","2022-11-06",0,53,224,376,0.0,"N",0.0,0.0,0.0,"",""
"SKU-PAN-0002","2022-11-06",0,18,97,170,0.0,"N",0.0,0.0,0.0,"",""
"SKU-SHI-0003","2022-11-06",0,11,52,96,0.0,"N",0.0,0.0,0.0,"",""
"SKU-TSH-0004","2022-11-06",0,13,41,75,0.0,"N",86.0,539.0,40.0,"2022-12-13","2022-12-16"
"SKU-CRO-0005","2022-11-06",0,11,37,64,0.0,"N",0.0,0.0,0.0,"",""
"SKU-SHI-0006","2022-11-06",0,14,38,59,0.0,"N",105.0,1097.0,54.0,"2022-12-27","2022-12-30"
"SKU-CRO-0007","2022-11-06",0,9,27,44,0.0,"N",0.0,0.0,0.0,"",""
"SKU-PAN-0008","2022-11-06",0,5,21,31,0.0,"N",82.0,1152.0,60.0,"2022-12-31","2023-01-05"
"SKU-PAN-0009","2022-11-06",0,4,16,36,0.0,"N",68.0,1008.0,50.0,"2022-12-21","2022-12-26"
"SKU-TSH-0010","2022-11-06",0,5,18,26,0.0,"N",82.0,782.0,35.0,"2022-12-11","2022-12-11"
"SKU-SHO-0011","2022-11-06",0,1,12,27,0.0,"N",40.0,761.0,28.0,"2022-12-04","2022-12-04"
"SKU-TSH-0012","2022-11-06",0,4,13,28,0.0,"N",0.0,0.0,0.0,"",""
"SKU-SHI-0013","2022-11-06",0,1,11,21,0.0,"N",0.0,0.0,0.0,"",""
"SKU-CRO-0014","2022-11-06",0,2,12,19,0.0,"N",0.0,0.0,0.0,"",""
"SKU-SHI-0015","2022-11-06",57,1,10,18,171.0,"N",0.0,0.0,0.0,"",""
"SKU-PAN-0016","2022-11-06",27,4,9,20,90.0,"N",0.0,0.0,0.0,"",""
"SKU-SHI-0017","2022-11-06",5,4,7,16,21.4,"N",0.0,0.0,0.0,"",""
"SKU-PAN-0018","2022-11-06",61,1,10,14,183.0,"N",0.0,0.0,0.0,"",""
"SKU-CRO-0019","2022-11-06",0,2,16,26,0.0,"N",0.0,0.0,0.0,"",""
"SKU-PAN-0020","2022-11-06",25,3,8,14,93.8,"N",0.0,0.0,0.0,"",""
"SKU-PAN-0021","2022-11-06",31,3,8,13,116.2,"N",0.0,0.0,0.0,"",""
"SKU-PAN-0022","2022-11-06",53,1,8,13,198.8,"N",0.0,0.0,0.0,"",""
"SKU-SHO-0023","2022-11-06",61,2,5,11,366.0,"N",0.0,0.0,0.0,"",""
"SKU-SHI-0024","2022-11-06",7,2,5,7,42.0,"N",0.0,0.0,0.0,"",""
"SKU-JAC-0025","2022-11-06",32,3,6,11,160.0,"N",0.0,0.0,0.0,"",""
"SKU-PAN-0026","2022-11-06",42,0,11,14,114.5,"N",0.0,0.0,0.0,"",""
"SKU-JAC-0027","2022-11-06",6,1,6,8,30.0,"N",0.0,0.0,0.0,"",""
"SKU-PAN-0028","2022-11-06",50,2,7,13,214.3,"N",0.0,0.0,0.0,"",""
"SKU-TSH-0029","2022-11-06",56,4,9,11,186.7,"N",0.0,0.0,0.0,"",""
"SKU-CRO-0030","2022-11-06",19,1,2,5,285.0,"N",0.0,0.0,0.0,"",""
"SKU-JAC-0031","2022-11-06",6,2,10,12,18.0,"N",0.0,0.0,0.0,"",""
"SKU-TSH-0032","2022-11-06",63,0,2,6,945.0,"N",0.0,0.0,0.0,"",""
"SKU-SHO-0033","2022-11-06",85,2,8,10,318.8,"N",0.0,0.0,0.0,"",""
"SKU-PAN-0034","2022-11-06",45,1,4,5,337.5,"N",0.0,0.0,0.0,"",""
"SKU-CRO-0035","2022-11-06",12,2,9,13,40.0,"N",0.0,0.0,0.0,"",""
"SKU-SHI-0036","2022-11-06",97,1,2,4,999.0,"N",0.0,0.0,0.0,"",""
"SKU-CRO-0037","2022-11-06",84,0,3,9,840.0,"N",0.0,0.0,0.0,"",""
"SKU-CRO-0038","2022-11-06",13,1,2,4,195.0,"N",0.0,0.0,0.0,"",""
"SKU-SHO-0039","2022-11-06",76,0,5,8,456.0,"N",0.0,0.0,0.0,"",""
"SKU-SHO-0040","2022-11-06",97,1,3,7,970.0,"N",0.0,0.0,0.0,"",""
"SKU-TSH-0041","2022-11-06",102,0,5,5,612.0,"N",0.0,0.0,0.0,"",""
"SKU-CRO-0042","2022-11-06",91,1,5,8,546.0,"N",0.0,0.0,0.0,"",""
"SKU-CRO-0043","2022-11-06",33,0,3,7,330.0,"N",0.0,0.0,0.0,"",""
"SKU-JAC-0044","2022-11-06",90,0,2,3,999.0,"N",0.0,0.0,0.0,"",""
"SKU-SHI-0045","2022-11-06",86,0,3,3,860.0,"N",0.0,0.0,0.0,"",""
"SKU-JAC-0046","2022-11-06",104,0,5,7,624.0,"N",0.0,0.0,0.0,"",""
"SKU-PAN-0047","2022-11-06",86,1,3,3,860.0,"N",0.0,0.0,0.0,"",""
"SKU-CRO-0048","2022-11-06",32,0,3,7,320.0,"N",0.0,0.0,0.0,"",""
"SKU-TSH-0049","2022-11-06",104,1,2,4,999.0,"N",0.0,0.0,0.0,"",""
"SKU-SHO-0050","2022-11-06",93,1,2,3,999.0,"N",0.0,0.0,0.0,"",""
"SKU-SHI-0051","2022-11-06",44,2,6,7,220.0,"N",0.0,0.0,0.0,"",""
"SKU-SHI-0052","2022-11-06",57,0,0,5,999.0,"N",0.0,0.0,0.0,"",""
"SKU-JAC-0053","2022-11-06",53,1,3,5,530.0,"N",0.0,0.0,0.0,"",""
"SKU-SHI-0054","2022-11-06",57,1,1,3,999.0,"N",0.0,0.0,0.0,"",""
"SKU-JAC-0055","2022-11-06",94,1,2,6,999.0,"N",0.0,0.0,0.0,"",""
"SKU-SHI-0001","2022-11-13",0,39,207,381,0.0,"N",340.0,705.0,41.0,"2022-12-19","2022-12-24"
"SKU-PAN-0002","2022-11-13",0,20,99,177,0.0,"N",0.0,0.0,0.0,"",""
"SKU-SHI-0003","2022-11-13",0,16,57,108,0.0,"N",0.0,0.0,0.0,"",""
"SKU-TSH-0004","2022-11-13",0,6,44,70,0.0,"N",0.0,0.0,0.0,"",""
"SKU-CRO-0005","2022-11-13",0,10,42,69,0.0,"N",93.0,846.0,41.0,"2022-12-19","2022-12-24"
"SKU-SHI-0006","2022-11-13",0,2,29,59,0.0,"N",0.0,0.0,0.0,"",""
"SKU-CRO-0007","2022-11-13",0,3,26,42,0.0,"N",0.0,0.0,0.0,"",""
"SKU-PAN-0008","2022-11-13",0,5,20,35,0.0,"N",0.0,0.0,0.0,"",""
"SKU-PAN-0009","2022-11-13",0,7,22,39,0.0,"N",0.0,0.0,0.0,"",""
"SKU-TSH-0010","2022-11-13",0,2,13,26,0.0,"N",0.0,0.0,0.0,"",""
"SKU-SHO-0011","2022-11-13",0,3,8,30,0.0,"N",0.0,0.0,0.0,"",""
"SKU-TSH-0012","2022-11-13",0,1,12,27,0.0,"N",0.0,0.0,0.0,"",""
"SKU-SHI-0013","2022-11-13",0,3,10,22,0.0,"N",44.0,1227.0,52.0,"2023-01-04","2023-01-04"
"SKU-CRO-0014","2022-11-13",0,1,10,18,0.0,"N",40.0,756.0,32.0,"2022-12-15","2022-12-15"
"SKU-SHI-0015","2022-11-13",55,2,9,18,183.3,"N",0.0,0.0,0.0,"",""
"SKU-PAN-0016","2022-11-13",26,1,10,20,78.0,"N",0.0,0.0,0.0,"",""
"SKU-SHI-0017","2022-11-13",5,0,5,12,30.0,"N",0.0,0.0,0.0,"",""
"SKU-PAN-0018","2022-11-13",60,1,8,14,225.0,"N",0.0,0.0,0.0,"",""
"SKU-CRO-0019","2022-11-13",0,0,12,22,0.0,"N",40.0,726.0,46.0,"2022-12-29","2022-12-29"
"SKU-PAN-0020","2022-11-13",24,1,8,14,90.0,"N",0.0,0.0,0.0,"",""
"SKU-PAN-0021","2022-11-13",29,2,8,12,108.8,"N",0.0,0.0,0.0,"",""
"SKU-PAN-0022","2022-11-13",52,1,7,11,222.9,"N",0.0,0.0,0.0,"",""
"SKU-SHO-0023","2022-11-13",61,0,5,9,366.0,"N",0.0,0.0,0.0,"",""
"SKU-SHI-0024","2022-11-13",5,2,7,9,21.4,"N",0.0,0.0,0.0,"",""
"SKU-JAC-0025","2022-11-13",31,1,7,12,132.9,"N",0.0,0.0,0.0,"",""
"SKU-PAN-0026","2022-11-13",42,0,9,14,140.0,"N",0.0,0.0,0.0,"",""
"SKU-JAC-0027","2022-11-13",5,1,7,7,21.4,"N",0.0,0.0,0.0,"",""
"SKU-PAN-0028","2022-11-13",50,0,6,10,250.0,"N",0.0,0.0,0.0,"",""
"SKU-TSH-0029","2022-11-13",55,1,7,11,235.7,"N",0.0,0.0,0.0,"",""
"SKU-CRO-0030","2022-11-13",18,1,3,6,180.0,"N",0.0,0.0,0.0,"",""
"SKU-JAC-0031","2022-11-13",4,2,11,14,10.9,"N",40.0,1800.0,58.0,"2023-01-08","2023-01-10"
"SKU-TSH-0032","2022-11-13",63,0,2,6,945.0,"N",0.0,0.0,0.0,"",""
"SKU-SHO-0033","2022-11-13",85,0,7,9,364.3,"N",0.0,0.0,0.0,"",""
"SKU-PAN-0034","2022-11-13",44,1,5,6,264.0,"N",0.0,0.0,0.0,"",""
"SKU-CRO-0035","2022-11-13",12,0,7,12,51.4,"N",0.0,0.0,0.0,"",""
"SKU-SHI-0036","2022-11-13",97,0,2,3,999.0,"N",0.0,0.0,0.0,"",""
"SKU-CRO-0037","2022-11-13",84,0,3,9,840.0,"N",0.0,0.0,0.0,"",""
"SKU-CRO-0038","2022-11-13",10,3,5,7,60.0,"N",0.0,0.0,0.0,"",""
"SKU-SHO-0039","2022-11-13",75,1,4,9,562.5,"N",0.0,0.0,0.0,"",""
"SKU-SHO-0040","2022-11-13",96,1,3,8,960.0,"N",0.0,0.0,0.0,"",""
"SKU-TSH-0041","2022-11-13",102,0,3,5,999.0,"N",0.0,0.0,0.0,"",""
"SKU-CRO-0042","2022-11-13",89,2,7,10,381.4,"N",0.0,0.0,0.0,"",""
"SKU-CRO-0043","2022-11-13",33,0,3,5,330.0,"N",0.0,0.0,0.0,"",""
"SKU-JAC-0044","2022-11-13",90,0,1,3,999.0,"N",0.0,0.0,0.0,"",""
"SKU-SHI-0045","2022-11-13",86,0,2,3,999.0,"N",0.0,0.0,0.0,"",""
"SKU-JAC-0046","2022-11-13",104,0,4,6,780.0,"N",0.0,0.0,0.0,"",""
"SKU-PAN-0047","2022-11-13",86,0,3,3,860.0,"N",0.0,0.0,0.0,"",""
"SKU-CRO-0048","2022-11-13",32,0,1,7,960.0,"N",0.0,0.0,0.0,"",""
"SKU-TSH-0049","2022-11-13",104,0,1,4,999.0,"N",0.0,0.0,0.0,"",""
"SKU-SHO-0050","2022-11-13",93,0,2,3,999.0,"N",0.0,0.0,0.0,"",""
"SKU-SHI-0051","2022-11-13",43,1,6,8,215.0,"N",0.0,0.0,0.0,"",""
"SKU-SHI-0052","2022-11-13",57,0,0,2,999.0,"N",0.0,0.0,0.0,"",""
"SKU-JAC-0053","2022-11-13",52,1,4,6,390.0,"N",0.0,0.0,0.0,"",""
"SKU-SHI-0054","2022-11-13",57,0,1,3,999.0,"N",0.0,0.0,0.0,"",""
"SKU-JAC-0055","2022-11-13",94,0,2,4,999.0,"N",0.0,0.0,0.0,"",""
"SKU-SHI-0001","2022-11-20",0,40,190,387,0.0,"N",0.0,0.0,0.0,"",""
"SKU-PAN-0002","2022-11-20",0,24,95,185,0.0,"N",170.0,982.0,43.0,"2022-12-28","2023-01-02"
"SKU-SHI-0003","2022-11-20",0,6,50,100,0.0,"N",0.0,0.0,0.0,"",""
"SKU-TSH-0004","2022-11-20",0,9,46,74,0.0,"N",0.0,0.0,0.0,"",""
"SKU-CRO-0005","2022-11-20",0,8,40,69,0.0,"N",0.0,0.0,0.0,"",""
"SKU-SHI-0006","2022-11-20",0,3,27,55,0.0,"N",0.0,0.0,0.0,"",""
"SKU-CRO-0007","2022-11-20",0,7,26,44,0.0,"N",69.0,818.0,46.0,"2023-01-04","2023-01-05"
"SKU-PAN-0008","2022-11-20",0,7,22,40,0.0,"N",0.0,0.0,0.0,"",""
"SKU-PAN-0009","2022-11-20",0,2,18,35,0.0,"N",0.0,0.0,0.0,"",""
"SKU-TSH-0010","2022-11-20",0,3,14,28,0.0,"N",0.0,0.0,0.0,"",""
"SKU-SHO-0011","2022-11-20",0,2,8,28,0.0,"N",0.0,0.0,0.0,"",""
"SKU-TSH-0012","2022-11-20",0,3,11,25,0.0,"N",50.0,715.0,34.0,"2022-12-21","2022-12-24"
"SKU-SHI-0013","2022-11-20",0,1,8,19,0.0,"N",0.0,0.0,0.0,"",""
"SKU-CRO-0014","2022-11-20",0,6,14,23,0.0,"N",0.0,0.0,0.0,"",""
"SKU-SHI-0015","2022-11-20",54,1,7,15,231.4,"N",0.0,0.0,0.0,"",""
"SKU-PAN-0016","2022-11-20",25,1,8,18,93.8,"N",0.0,0.0,0.0,"",""
"SKU-SHI-0017","2022-11-20",3,2,7,13,12.9,"N",40.0,842.0,56.0,"2023-01-14","2023-01-15"
"SKU-PAN-0018","2022-11-20",60,0,4,13,450.0,"N",0.0,0.0,0.0,"",""
"SKU-CRO-0019","2022-11-20",0,1,9,22,0.0,"N",0.0,0.0,0.0,"",""
"SKU-PAN-0020","2022-11-20",24,0,7,13,102.9,"N",0.0,0.0,0.0,"",""
"SKU-PAN-0021","2022-11-20",27,2,8,13,101.2,"N",0.0,0.0,0.0,"",""
"SKU-PAN-0022","2022-11-20",52,0,7,9,222.9,"N",0.0,0.0,0.0,"",""
"SKU-SHO-0023","2022-11-20",59,2,5,10,354.0,"N",0.0,0.0,0.0,"",""
"SKU-SHI-0024","2022-11-20",4,1,7,9,17.1,"N",62.0,854.0,57.0,"2023-01-13","2023-01-16"
"SKU-JAC-0025","2022-11-20",29,2,6,14,145.0,"N",0.0,0.0,0.0,"",""
"SKU-PAN-0026","2022-11-20",40,2,5,14,240.0,"N",0.0,0.0,0.0,"",""
"SKU-JAC-0027","2022-11-20",4,1,6,8,20.0,"N",0.0,0.0,0.0,"",""
"SKU-PAN-0028","2022-11-20",50,0,3,10,500.0,"N",0.0,0.0,0.0,"",""
"SKU-TSH-0029","2022-11-20",55,0,7,11,235.7,"N",0.0,0.0,0.0,"",""
"SKU-CRO-0030","2022-11-20",17,1,3,5,170.0,"N",0.0,0.0,0.0,"",""
"SKU-JAC-0031","2022-11-20",3,1,10,15,9.0,"N",0.0,0.0,0.0,"",""
"SKU-TSH-0032","2022-11-20",62,1,3,7,620.0,"N",0.0,0.0,0.0,"",""
"SKU-SHO-0033","2022-11-20",82,3,6,11,410.0,"N",0.0,0.0,0.0,"",""
"SKU-PAN-0034","2022-11-20",44,0,3,6,440.0,"N",0.0,0.0,0.0,"",""
"SKU-CRO-0035","2022-11-20",12,0,5,11,72.0,"N",0.0,0.0,0.0,"",""
"SKU-SHI-0036","2022-11-20",96,1,2,4,999.0,"N",0.0,0.0,0.0,"",""
"SKU-CRO-0037","2022-11-20",84,0,1,7,999.0,"N",0.0,0.0,0.0,"",""
"SKU-CRO-0038","2022-11-20",10,0,4,6,75.0,"N",0.0,0.0,0.0,"",""
"SKU-SHO-0039","2022-11-20",75,0,3,8,750.0,"N",0.0,0.0,0.0,"",""
"SKU-SHO-0040","2022-11-20",94,2,5,9,564.0,"N",0.0,0.0,0.0,"",""
"SKU-TSH-0041","2022-11-20",100,2,3,7,999.0,"N",0.0,0.0,0.0,"",""
"SKU-CRO-0042","2022-11-20",88,1,6,9,440.0,"N",0.0,0.0,0.0,"",""
"SKU-CRO-0043","2022-11-20",32,1,1,5,960.0,"N",0.0,0.0,0.0,"",""
"SKU-JAC-0044","2022-11-20",89,1,2,4,999.0,"N",0.0,0.0,0.0,"",""
"SKU-SHI-0045","2022-11-20",85,1,3,4,850.0,"N",0.0,0.0,0.0,"",""
"SKU-JAC-0046","2022-11-20",104,0,0,5,999.0,"N",0.0,0.0,0.0,"",""
"SKU-PAN-0047","2022-11-20",85,1,2,4,999.0,"N",0.0,0.0,0.0,"",""
"SKU-CRO-0048","2022-11-20",31,1,2,6,465.0,"N",0.0,0.0,0.0,"",""
"SKU-TSH-0049","2022-11-20",104,0,1,3,999.0,"N",0.0,0.0,0.0,"",""
"SKU-SHO-0050","2022-11-20",93,0,1,3,999.0,"N",0.0,0.0,0.0,"",""
"SKU-SHI-0051","2022-11-20",42,1,4,9,315.0,"N",0.0,0.0,0.0,"",""
"SKU-SHI-0052","2022-11-20",57,0,0,2,999.0,"N",0.0,0.0,0.0,"",""
"SKU-JAC-0053","2022-11-20",50,2,6,7,250.0,"N",0.0,0.0,0.0,"",""
"SKU-SHI-0054","2022-11-20",56,1,2,3,840.0,"N",0.0,0.0,0.0,"",""
"SKU-JAC-0055","2022-11-20",94,0,2,4,999.0,"N",0.0,0.0,0.0,"",""
"SKU-SHI-0001","2022-11-27",0,27,176,385,0.0,"N",0.0,0.0,0.0,"",""
"SKU-PAN-0002","2022-11-27",0,16,87,186,0.0,"N",0.0,0.0,0.0,"",""
"SKU-SHI-0003","2022-11-27",0,9,48,102,0.0,"N",122.0,1004.0,33.0,"2022-12-25","2022-12-30"
"SKU-TSH-0004","2022-11-27",0,4,37,72,0.0,"N",0.0,0.0,0.0,"",""
"SKU-CRO-0005","2022-11-27",0,4,34,72,0.0,"N",0.0,0.0,0.0,"",""
"SKU-SHI-0006","2022-11-27",0,5,24,55,0.0,"N",0.0,0.0,0.0,"",""
"SKU-CRO-0007","2022-11-27",0,8,28,50,0.0,"N",0.0,0.0,0.0,"",""
"SKU-PAN-0008","2022-11-27",0,3,22,42,0.0,"N",0.0,0.0,0.0,"",""
"SKU-PAN-0009","2022-11-27",0,4,21,37,0.0,"N",0.0,0.0,0.0,"",""
"SKU-TSH-0010","2022-11-27",0,1,11,26,0.0,"N",0.0,0.0,0.0,"",""
"SKU-SHO-0011","2022-11-27",0,1,7,24,0.0,"N",0.0,0.0,0.0,"",""
"SKU-TSH-0012","2022-11-27",0,2,10,24,0.0,"N",0.0,0.0,0.0,"",""
"SKU-SHI-0013","2022-11-27",0,8,15,25,0.0,"N",0.0,0.0,0.0,"",""
"SKU-CRO-0014","2022-11-27",0,3,13,25,0.0,"N",0.0,0.0,0.0,"",""
"SKU-SHI-0015","2022-11-27",50,4,9,18,166.7,"N",0.0,0.0,0.0,"",""
"SKU-PAN-0016","2022-11-27",24,1,7,17,102.9,"N",0.0,0.0,0.0,"",""
"SKU-SHI-0017","2022-11-27",3,0,6,12,15.0,"N",0.0,0.0,0.0,"",""
"SKU-PAN-0018","2022-11-27",59,1,3,13,590.0,"N",0.0,0.0,0.0,"",""
"SKU-CRO-0019","2022-11-27",0,1,5,21,0.0,"N",0.0,0.0,0.0,"",""
"SKU-PAN-0020","2022-11-27",24,0,4,13,180.0,"N",0.0,0.0,0.0,"",""
"SKU-PAN-0021","2022-11-27",25,2,9,15,83.3,"N",0.0,0.0,0.0,"",""
"SKU-PAN-0022","2022-11-27",51,1,4,10,382.5,"N",0.0,0.0,0.0,"",""
"SKU-SHO-0023","2022-11-27",59,0,4,9,442.5,"N",0.0,0.0,0.0,"",""
"SKU-SHI-0024","2022-11-27",2,2,7,11,8.6,"N",0.0,0.0,0.0,"",""
"SKU-JAC-0025","2022-11-27",27,2,8,16,101.2,"N",0.0,0.0,0.0,"",""
"SKU-PAN-0026","2022-11-27",39,1,4,14,292.5,"N",0.0,0.0,0.0,"",""
"SKU-JAC-0027","2022-11-27",4,0,3,8,40.0,"N",0.0,0.0,0.0,"",""
"SKU-PAN-0028","2022-11-27",50,0,2,10,750.0,"N",0.0,0.0,0.0,"",""
"SKU-TSH-0029","2022-11-27",53,2,8,12,198.8,"N",0.0,0.0,0.0,"",""
"SKU-CRO-0030","2022-11-27",17,0,3,4,170.0,"N",0.0,0.0,0.0,"",""
"SKU-JAC-0031","2022-11-27",2,1,9,15,6.7,"N",0.0,0.0,0.0,"",""
"SKU-TSH-0032","2022-11-27",61,1,2,7,915.0,"N",0.0,0.0,0.0,"",""
"SKU-SHO-0033","2022-11-27",81,1,6,12,405.0,"N",0.0,0.0,0.0,"",""
"SKU-PAN-0034","2022-11-27",44,0,2,5,660.0,"N",0.0,0.0,0.0,"",""
"SKU-CRO-0035","2022-11-27",12,0,3,10,120.0,"N",0.0,0.0,0.0,"",""
"SKU-SHI-0036","2022-11-27",96,0,2,4,999.0,"N",0.0,0.0,0.0,"",""
"SKU-CRO-0037","2022-11-27",84,0,0,7,999.0,"N",0.0,0.0,0.0,"",""
"SKU-CRO-0038","2022-11-27",10,0,4,5,75.0,"N",0.0,0.0,0.0,"",""
"SKU-SHO-0039","2022-11-27",74,1,2,8,999.0,"N",0.0,0.0,0.0,"",""
"SKU-SHO-0040","2022-11-27",94,0,4,9,705.0,"N",0.0,0.0,0.0,"",""
"SKU-TSH-0041","2022-11-27",100,0,3,7,999.0,"N",0.0,0.0,0.0,"",""
"SKU-CRO-0042","2022-11-27",87,1,5,10,522.0,"N",0.0,0.0,0.0,"",""
"SKU-CRO-0043","2022-11-27",30,2,3,6,300.0,"N",0.0,0.0,0.0,"",""
"SKU-JAC-0044","2022-11-27",87,2,3,6,870.0,"N",0.0,0.0,0.0,"",""
"SKU-SHI-0045","2022-11-27",85,0,1,4,999.0,"N",0.0,0.0,0.0,"",""
"SKU-JAC-0046","2022-11-27",104,0,0,5,999.0,"N",0.0,0.0,0.0,"",""
"SKU-PAN-0047","2022-11-27",83,2,4,6,622.5,"N",0.0,0.0,0.0,"",""
"SKU-CRO-0048","2022-11-27",31,0,1,5,930.0,"N",0.0,0.0,0.0,"",""
"SKU-TSH-0049","2022-11-27",104,0,1,3,999.0,"N",0.0,0.0,0.0,"",""
"SKU-SHO-0050","2022-11-27",93,0,1,2,999.0,"N",0.0,0.0,0.0,"",""
"SKU-SHI-0051","2022-11-27",41,1,5,9,246.0,"N",0.0,0.0,0.0,"",""
"SKU-SHI-0052","2022-11-27",57,0,0,1,999.0,"N",0.0,0.0,0.0,"",""
"SKU-JAC-0053","2022-11-27",49,1,6,8,245.0,"N",0.0,0.0,0.0,"",""
"SKU-SHI-0054","2022-11-27",56,0,2,3,840.0,"N",0.0,0.0,0.0,"",""
"SKU-JAC-0055","2022-11-27",94,0,1,4,999.0,"N",0.0,0.0,0.0,"",""
"SKU-SHI-0001","2022-12-04",0,23,145,364,0.0,"N",0.0,0.0,0.0,"",""
"SKU-PAN-0002","2022-12-04",0,17,83,184,0.0,"N",0.0,0.0,0.0,"",""
"SKU-SHI-0003","2022-12-04",0,10,47,96,0.0,"N",0.0,0.0,0.0,"",""
"SKU-TSH-0004","2022-12-04",0,8,30,69,0.0,"N",102.0,539.0,33.0,"2023-01-04","2023-01-06"
"SKU-CRO-0005","2022-12-04",0,10,35,73,0.0,"N",0.0,0.0,0.0,"",""
"SKU-SHI-0006","2022-12-04",0,3,17,55,0.0,"N",72.0,1097.0,44.0,"2023-01-15","2023-01-17"
"SKU-CRO-0007","2022-12-04",0,9,30,56,0.0,"N",0.0,0.0,0.0,"",""
"SKU-PAN-0008","2022-12-04",0,0,17,37,0.0,"N",74.0,1152.0,42.0,"2023-01-10","2023-01-15"
"SKU-PAN-0009","2022-12-04",0,1,16,31,0.0,"N",56.0,1008.0,45.0,"2023-01-16","2023-01-18"
"SKU-TSH-0010","2022-12-04",0,2,9,26,0.0,"N",72.0,782.0,28.0,"2023-01-01","2023-01-01"
"SKU-SHO-0011","2022-12-04",0,5,12,25,0.0,"N",41.0,761.0,53.0,"2023-01-26","2023-01-26"
"SKU-TSH-0012","2022-12-04",0,0,7,20,0.0,"N",0.0,0.0,0.0,"",""
"SKU-SHI-0013","2022-12-04",0,0,12,23,0.0,"N",0.0,0.0,0.0,"",""
"SKU-CRO-0014","2022-12-04",0,3,13,25,0.0,"N",0.0,0.0,0.0,"",""
"SKU-SHI-0015","2022-12-04",48,2,9,20,160.0,"N",0.0,0.0,0.0,"",""
"SKU-PAN-0016","2022-12-04",24,0,4,13,180.0,"N",0.0,0.0,0.0,"",""
"SKU-SHI-0017","2022-12-04",1,2,5,12,6.0,"N",0.0,0.0,0.0,"",""
"SKU-PAN-0018","2022-12-04",58,1,4,14,435.0,"N",0.0,0.0,0.0,"",""
"SKU-CRO-0019","2022-12-04",0,2,4,22,0.0,"N",0.0,0.0,0.0,"",""
"SKU-PAN-0020","2022-12-04",24,0,2,13,360.0,"N",0.0,0.0,0.0,"",""
"SKU-PAN-0021","2022-12-04",25,0,8,14,93.8,"N",0.0,0.0,0.0,"",""
"SKU-PAN-0022","2022-12-04",49,2,4,12,367.5,"N",0.0,0.0,0.0,"",""
"SKU-SHO-0023","2022-12-04",59,0,3,8,590.0,"N",0.0,0.0,0.0,"",""
"SKU-SHI-0024","2022-12-04",1,1,7,11,4.3,"N",0.0,0.0,0.0,"",""
"SKU-JAC-0025","2022-12-04",25,2,8,13,93.8,"N",0.0,0.0,0.0,"",""
"SKU-PAN-0026","2022-12-04",39,0,3,14,390.0,"N",0.0,0.0,0.0,"",""
"SKU-JAC-0027","2022-12-04",3,1,4,9,22.5,"N",0.0,0.0,0.0,"",""
"SKU-PAN-0028","2022-12-04",49,1,2,10,735.0,"N",0.0,0.0,0.0,"",""
"SKU-TSH-0029","2022-12-04",53,0,5,12,318.0,"N",0.0,0.0,0.0,"",""
"SKU-CRO-0030","2022-12-04",16,1,3,5,160.0,"N",0.0,0.0,0.0,"",""
"SKU-JAC-0031","2022-12-04",1,1,5,15,6.0,"N",0.0,0.0,0.0,"",""
"SKU-TSH-0032","2022-12-04",59,2,4,7,442.5,"N",0.0,0.0,0.0,"",""
"SKU-SHO-0033","2022-12-04",81,0,5,12,486.0,"N",0.0,0.0,0.0,"",""
"SKU-PAN-0034","2022-12-04",42,2,3,7,420.0,"N",0.0,0.0,0.0,"",""
"SKU-CRO-0035","2022-12-04",12,0,0,9,999.0,"N",0.0,0.0,0.0,"",""
"SKU-SHI-0036","2022-12-04",95,1,2,4,999.0,"N",0.0,0.0,0.0,"",""
"SKU-CRO-0037","2022-12-04",84,0,0,5,999.0,"N",0.0,0.0,0.0,"",""
"SKU-CRO-0038","2022-12-04",9,1,5,6,54.0,"N",0.0,0.0,0.0,"",""
"SKU-SHO-0039","2022-12-04",73,1,3,8,730.0,"N",0.0,0.0,0.0,"",""
"SKU-SHO-0040","2022-12-04",94,0,3,8,940.0,"N",0.0,0.0,0.0,"",""
"SKU-TSH-0041","2022-12-04",100,0,2,7,999.0,"N",0.0,0.0,0.0,"",""
"SKU-CRO-0042","2022-12-04",87,0,4,9,652.5,"N",0.0,0.0,0.0,"",""
"SKU-CRO-0043","2022-12-04",29,1,4,7,217.5,"N",0.0,0.0,0.0,"",""
"SKU-JAC-0044","2022-12-04",87,0,3,5,870.0,"N",0.0,0.0,0.0,"",""
"SKU-SHI-0045","2022-12-04",85,0,1,4,999.0,"N",0.0,0.0,0.0,"",""
"SKU-JAC-0046","2022-12-04",104,0,0,5,999.0,"N",0.0,0.0,0.0,"",""
"SKU-PAN-0047","2022-12-04",83,0,4,6,622.5,"N",0.0,0.0,0.0,"",""
"SKU-CRO-0048","2022-12-04",30,1,2,5,450.0,"N",0.0,0.0,0.0,"",""
"SKU-TSH-0049","2022-12-04",104,0,0,2,999.0,"N",0.0,0.0,0.0,"",""
"SKU-SHO-0050","2022-12-04",93,0,1,2,999.0,"N",0.0,0.0,0.0,"",""
"SKU-SHI-0051","2022-12-04",40,1,4,10,300.0,"N",0.0,0.0,0.0,"",""
"SKU-SHI-0052","2022-12-04",55,2,2,3,825.0,"N",0.0,0.0,0.0,"",""
"SKU-JAC-0053","2022-12-04",49,0,4,7,367.5,"N",0.0,0.0,0.0,"",""
"SKU-SHI-0054","2022-12-04",56,0,2,2,840.0,"N",0.0,0.0,0.0,"",""
"SKU-JAC-0055","2022-12-04",94,0,0,2,999.0,"N",0.0,0.0,0.0,"",""
"SKU-SHI-0001","2022-12-11",0,35,135,348,0.0,"N",214.0,705.0,52.0,"2023-01-27","2023-02-01"
"SKU-PAN-0002","2022-12-11",0,28,88,193,0.0,"N",0.0,0.0,0.0,"",""
"SKU-SHI-0003","2022-12-11",0,17,47,103,0.0,"N",0.0,0.0,0.0,"",""
"SKU-TSH-0004","2022-12-11",0,6,28,72,0.0,"N",0.0,0.0,0.0,"",""
"SKU-CRO-0005","2022-12-11",0,5,28,70,0.0,"N",55.0,846.0,36.0,"2023-01-14","2023-01-16"
"SKU-SHI-0006","2022-12-11",0,9,20,54,0.0,"N",0.0,0.0,0.0,"",""
"SKU-CRO-0007","2022-12-11",0,2,27,53,0.0,"N",0.0,0.0,0.0,"",""
"SKU-PAN-0008","2022-12-11",0,4,14,34,0.0,"N",0.0,0.0,0.0,"",""
"SKU-PAN-0009","2022-12-11",0,5,12,34,0.0,"N",0.0,0.0,0.0,"",""
"SKU-TSH-0010","2022-12-11",0,3,9,25,0.0,"N",0.0,0.0,0.0,"",""
"SKU-SHO-0011","2022-12-11",0,0,8,19,0.0,"N",0.0,0.0,0.0,"",""
"SKU-TSH-0012","2022-12-11",0,6,11,23,0.0,"N",0.0,0.0,0.0,"",""
"SKU-SHI-0013","2022-12-11",0,2,13,21,0.0,"N",40.0,1227.0,43.0,"2023-01-22","2023-01-23"
"SKU-CRO-0014","2022-12-11",0,1,13,23,0.0,"N",62.0,756.0,41.0,"2023-01-21","2023-01-21"
"SKU-SHI-0015","2022-12-11",45,3,11,21,122.7,"N",0.0,0.0,0.0,"",""
"SKU-PAN-0016","2022-12-11",23,1,3,13,230.0,"N",0.0,0.0,0.0,"",""
"SKU-SHI-0017","2022-12-11",0,1,5,11,0.0,"N",0.0,0.0,0.0,"",""
"SKU-PAN-0018","2022-12-11",57,1,3,12,570.0,"N",0.0,0.0,0.0,"",""
"SKU-CRO-0019","2022-12-11",0,0,4,16,0.0,"N",49.0,726.0,32.0,"2023-01-11","2023-01-12"
"SKU-PAN-0020","2022-12-11",23,1,2,10,345.0,"N",0.0,0.0,0.0,"",""
"SKU-PAN-0021","2022-12-11",25,0,5,13,150.0,"N",0.0,0.0,0.0,"",""
"SKU-PAN-0022","2022-12-11",45,4,7,14,192.9,"N",0.0,0.0,0.0,"",""
"SKU-SHO-0023","2022-12-11",59,0,2,7,885.0,"N",0.0,0.0,0.0,"",""
"SKU-SHI-0024","2022-12-11",0,3,8,14,0.0,"N",0.0,0.0,0.0,"",""
"SKU-JAC-0025","2022-12-11",24,1,8,14,90.0,"N",0.0,0.0,0.0,"",""
"SKU-PAN-0026","2022-12-11",37,2,5,14,222.0,"N",0.0,0.0,0.0,"",""
"SKU-JAC-0027","2022-12-11",1,2,4,11,7.5,"N",40.0,1871.0,42.0,"2023-01-19","2023-01-22"
"SKU-PAN-0028","2022-12-11",48,1,2,8,720.0,"N",0.0,0.0,0.0,"",""
"SKU-TSH-0029","2022-12-11",52,1,3,10,520.0,"N",0.0,0.0,0.0,"",""
"SKU-CRO-0030","2022-12-11",16,0,2,5,240.0,"N",0.0,0.0,0.0,"",""
"SKU-JAC-0031","2022-12-11",1,0,3,14,10.0,"N",40.0,1800.0,38.0,"2023-01-18","2023-01-18"
"SKU-TSH-0032","2022-12-11",59,0,4,6,442.5,"N",0.0,0.0,0.0,"",""
"SKU-SHO-0033","2022-12-11",80,1,5,12,480.0,"N",0.0,0.0,0.0,"",""
"SKU-PAN-0034","2022-12-11",42,0,2,7,630.0,"N",0.0,0.0,0.0,"",""
"SKU-CRO-0035","2022-12-11",12,0,0,8,999.0,"N",0.0,0.0,0.0,"",""
"SKU-SHI-0036","2022-12-11",93,2,4,6,697.5,"N",0.0,0.0,0.0,"",""
"SKU-CRO-0037","2022-12-11",84,0,0,3,999.0,"N",0.0,0.0,0.0,"",""
"SKU-CRO-0038","2022-12-11",9,0,1,6,270.0,"N",0.0,0.0,0.0,"",""
"SKU-SHO-0039","2022-12-11",72,1,3,9,720.0,"N",0.0,0.0,0.0,"",""
"SKU-SHO-0040","2022-12-11",94,0,2,5,999.0,"N",0.0,0.0,0.0,"",""
"SKU-TSH-0041","2022-12-11",99,1,3,6,990.0,"N",0.0,0.0,0.0,"",""
"SKU-CRO-0042","2022-12-11",86,1,3,10,860.0,"N",0.0,0.0,0.0,"",""
"SKU-CRO-0043","2022-12-11",29,0,4,7,217.5,"N",0.0,0.0,0.0,"",""
"SKU-JAC-0044","2022-12-11",87,0,3,4,870.0,"N",0.0,0.0,0.0,"",""
"SKU-SHI-0045","2022-12-11",85,0,1,4,999.0,"N",0.0,0.0,0.0,"",""
"SKU-JAC-0046","2022-12-11",104,0,0,5,999.0,"N",0.0,0.0,0.0,"",""
"SKU-PAN-0047","2022-12-11",83,0,3,6,830.0,"N",0.0,0.0,0.0,"",""
"SKU-CRO-0048","2022-12-11",30,0,2,3,450.0,"N",0.0,0.0,0.0,"",""
"SKU-TSH-0049","2022-12-11",104,0,0,1,999.0,"N",0.0,0.0,0.0,"",""
"SKU-SHO-0050","2022-12-11",93,0,0,2,999.0,"N",0.0,0.0,0.0,"",""
"SKU-SHI-0051","2022-12-11",40,0,3,9,400.0,"N",0.0,0.0,0.0,"",""
"SKU-SHI-0052","2022-12-11",53,2,4,4,397.5,"N",0.0,0.0,0.0,"",""
"SKU-JAC-0053","2022-12-11",49,0,3,7,490.0,"N",0.0,0.0,0.0,"",""
"SKU-SHI-0054","2022-12-11",56,0,1,2,999.0,"N",0.0,0.0,0.0,"",""
"SKU-JAC-0055","2022-12-11",94,0,0,2,999.0,"N",0.0,0.0,0.0,"",""
"SKU-SHI-0001","2022-12-18",0,43,137,327,0.0,"N",0.0,0.0,0.0,"",""
"SKU-PAN-0002","2022-12-18",0,21,91,182,0.0,"N",178.0,982.0,53.0,"2023-02-06","2023-02-09"
"SKU-SHI-0003","2022-12-18",0,13,52,102,0.0,"N",0.0,0.0,0.0,"",""
"SKU-TSH-0004","2022-12-18",0,8,30,72,0.0,"N",0.0,0.0,0.0,"",""
"SKU-CRO-0005","2022-12-18",0,5,27,67,0.0,"N",0.0,0.0,0.0,"",""
"SKU-SHI-0006","2022-12-18",0,5,23,51,0.0,"N",0.0,0.0,0.0,"",""
"SKU-CRO-0007","2022-12-18",0,6,29,52,0.0,"N",54.0,818.0,50.0,"2023-02-01","2023-02-06"
"SKU-PAN-0008","2022-12-18",0,4,14,33,0.0,"N",0.0,0.0,0.0,"",""
"SKU-PAN-0009","2022-12-18",0,3,14,32,0.0,"N",0.0,0.0,0.0,"",""
"SKU-TSH-0010","2022-12-18",0,3,11,23,0.0,"N",0.0,0.0,0.0,"",""
"SKU-SHO-0011","2022-12-18",0,6,12,20,0.0,"N",0.0,0.0,0.0,"",""
"SKU-TSH-0012","2022-12-18",0,2,10,21,0.0,"N",72.0,715.0,50.0,"2023-02-04","2023-02-06"
"SKU-SHI-0013","2022-12-18",0,3,13,22,0.0,"N",0.0,0.0,0.0,"",""
"SKU-CRO-0014","2022-12-18",0,0,11,22,0.0,"N",0.0,0.0,0.0,"",""
"SKU-SHI-0015","2022-12-18",42,3,12,19,105.0,"N",0.0,0.0,0.0,"",""
"SKU-PAN-0016","2022-12-18",22,1,3,12,220.0,"N",0.0,0.0,0.0,"",""
"SKU-SHI-0017","2022-12-18",0,0,4,10,0.0,"N",45.0,842.0,59.0,"2023-02-12","2023-02-15"
"SKU-PAN-0018","2022-12-18",55,2,5,10,330.0,"N",0.0,0.0,0.0,"",""
"SKU-CRO-0019","2022-12-18",0,1,4,15,0.0,"N",0.0,0.0,0.0,"",""
"SKU-PAN-0020","2022-12-18",22,1,2,10,330.0,"N",0.0,0.0,0.0,"",""
"SKU-PAN-0021","2022-12-18",25,0,3,11,250.0,"N",0.0,0.0,0.0,"",""
"SKU-PAN-0022","2022-12-18",44,1,8,15,165.0,"N",0.0,0.0,0.0,"",""
"SKU-SHO-0023","2022-12-18",57,2,3,7,570.0,"N",0.0,0.0,0.0,"",""
"SKU-SHI-0024","2022-12-18",0,2,8,15,0.0,"N",40.0,854.0,55.0,"2023-02-11","2023-02-11"
"SKU-JAC-0025","2022-12-18",24,0,5,12,144.0,"N",0.0,0.0,0.0,"",""
"SKU-PAN-0026","2022-12-18",35,2,5,11,210.0,"N",0.0,0.0,0.0,"",""
"SKU-JAC-0027","2022-12-18",0,1,4,10,0.0,"N",0.0,0.0,0.0,"",""
"SKU-PAN-0028","2022-12-18",46,2,4,8,345.0,"N",0.0,0.0,0.0,"",""
"SKU-TSH-0029","2022-12-18",52,0,3,10,520.0,"N",0.0,0.0,0.0,"",""
"SKU-CRO-0030","2022-12-18",16,0,2,4,240.0,"N",0.0,0.0,0.0,"",""
"SKU-JAC-0031","2022-12-18",0,1,4,13,0.0,"N",0.0,0.0,0.0,"",""
"SKU-TSH-0032","2022-12-18",59,0,3,6,590.0,"N",0.0,0.0,0.0,"",""
"SKU-SHO-0033","2022-12-18",80,0,3,10,800.0,"N",0.0,0.0,0.0,"",""
"SKU-PAN-0034","2022-12-18",41,1,3,6,410.0,"N",0.0,0.0,0.0,"",""
"SKU-CRO-0035","2022-12-18",10,2,2,7,150.0,"N",0.0,0.0,0.0,"",""
"SKU-SHI-0036","2022-12-18",92,1,4,7,690.0,"N",0.0,0.0,0.0,"",""
"SKU-CRO-0037","2022-12-18",83,1,1,2,999.0,"N",0.0,0.0,0.0,"",""
"SKU-CRO-0038","2022-12-18",9,0,1,5,270.0,"N",0.0,0.0,0.0,"",""
"SKU-SHO-0039","2022-12-18",72,0,3,6,720.0,"N",0.0,0.0,0.0,"",""
"SKU-SHO-0040","2022-12-18",93,1,1,6,999.0,"N",0.0,0.0,0.0,"",""
"SKU-TSH-0041","2022-12-18",99,0,1,5,999.0,"N",0.0,0.0,0.0,"",""
"SKU-CRO-0042","2022-12-18",86,0,2,8,999.0,"N",0.0,0.0,0.0,"",""
"SKU-CRO-0043","2022-12-18",27,2,5,6,162.0,"N",0.0,0.0,0.0,"",""
"SKU-JAC-0044","2022-12-18",86,1,3,5,860.0,"N",0.0,0.0,0.0,"",""
"SKU-SHI-0045","2022-12-18",84,1,2,4,999.0,"N",0.0,0.0,0.0,"",""
"SKU-JAC-0046","2022-12-18",102,2,2,3,999.0,"N",0.0,0.0,0.0,"",""
"SKU-PAN-0047","2022-12-18",83,0,2,5,999.0,"N",0.0,0.0,0.0,"",""
"SKU-CRO-0048","2022-12-18",29,1,2,4,435.0,"N",0.0,0.0,0.0,"",""
"SKU-TSH-0049","2022-12-18",104,0,0,1,999.0,"N",0.0,0.0,0.0,"",""
"SKU-SHO-0050","2022-12-18",93,0,0,1,999.0,"N",0.0,0.0,0.0,"",""
"SKU-SHI-0051","2022-12-18",39,1,3,8,390.0,"N",0.0,0.0,0.0,"",""
"SKU-SHI-0052","2022-12-18",53,0,4,4,397.5,"N",0.0,0.0,0.0,"",""
"SKU-JAC-0053","2022-12-18",48,1,2,8,720.0,"N",0.0,0.0,0.0,"",""
"SKU-SHI-0054","2022-12-18",55,1,1,3,999.0,"N",0.0,0.0,0.0,"",""
"SKU-JAC-0055","2022-12-18",94,0,0,2,999.0,"N",0.0,0.0,0.0,"",""
"SKU-SHI-0001","2022-12-25",0,37,143,324,0.0,"N",0.0,0.0,0.0,"",""
"SKU-PAN-0002","2022-12-25",0,22,92,181,0.0,"N",0.0,0.0,0.0,"",""
"SKU-SHI-0003","2022-12-25",0,18,61,108,0.0,"N",122.0,1004.0,57.0,"2023-02-17","2023-02-20"
"SKU-TSH-0004","2022-12-25",0,14,37,75,0.0,"N",0.0,0.0,0.0,"",""
"SKU-CRO-0005","2022-12-25",0,6,26,62,0.0,"N",0.0,0.0,0.0,"",""
"SKU-SHI-0006","2022-12-25",0,5,23,48,0.0,"N",0.0,0.0,0.0,"",""
"SKU-CRO-0007","2022-12-25",0,5,24,52,0.0,"N",0.0,0.0,0.0,"",""
"SKU-PAN-0008","2022-12-25",0,5,14,37,0.0,"N",0.0,0.0,0.0,"",""
"SKU-PAN-0009","2022-12-25",0,4,15,34,0.0,"N",0.0,0.0,0.0,"",""
"SKU-TSH-0010","2022-12-25",0,3,11,24,0.0,"N",0.0,0.0,0.0,"",""
"SKU-SHO-0011","2022-12-25",0,5,17,23,0.0,"N",0.0,0.0,0.0,"",""
"SKU-TSH-0012","2022-12-25",0,6,14,25,0.0,"N",0.0,0.0,0.0,"",""
"SKU-SHI-0013","2022-12-25",0,1,10,21,0.0,"N",0.0,0.0,0.0,"",""
"SKU-CRO-0014","2022-12-25",0,4,9,22,0.0,"N",0.0,0.0,0.0,"",""
"SKU-SHI-0015","2022-12-25",38,4,12,21,95.0,"N",0.0,0.0,0.0,"",""
"SKU-PAN-0016","2022-12-25",19,3,6,14,95.0,"N",0.0,0.0,0.0,"",""
"SKU-SHI-0017","2022-12-25",0,2,5,11,0.0,"N",0.0,0.0,0.0,"",""
"SKU-PAN-0018","2022-12-25",50,5,10,13,150.0,"N",0.0,0.0,0.0,"",""
"SKU-CRO-0019","2022-12-25",0,1,4,12,0.0,"N",0.0,0.0,0.0,"",""
"SKU-PAN-0020","2022-12-25",21,1,3,8,210.0,"N",0.0,0.0,0.0,"",""
"SKU-PAN-0021","2022-12-25",23,2,2,11,345.0,"N",0.0,0.0,0.0,"",""
"SKU-PAN-0022","2022-12-25",41,3,11,14,111.8,"N",0.0,0.0,0.0,"",""
"SKU-SHO-0023","2022-12-25",56,1,3,7,560.0,"N",0.0,0.0,0.0,"",""
"SKU-SHI-0024","2022-12-25",0,0,7,13,0.0,"N",0.0,0.0,0.0,"",""
"SKU-JAC-0025","2022-12-25",24,0,5,11,144.0,"N",0.0,0.0,0.0,"",""
"SKU-PAN-0026","2022-12-25",35,0,5,9,210.0,"N",0.0,0.0,0.0,"",""
"SKU-JAC-0027","2022-12-25",0,1,5,8,0.0,"N",0.0,0.0,0.0,"",""
"SKU-PAN-0028","2022-12-25",46,0,4,7,345.0,"N",0.0,0.0,0.0,"",""
"SKU-TSH-0029","2022-12-25",50,2,4,11,375.0,"N",0.0,0.0,0.0,"",""
"SKU-CRO-0030","2022-12-25",15,1,2,5,225.0,"N",0.0,0.0,0.0,"",""
"SKU-JAC-0031","2022-12-25",0,1,3,13,0.0,"N",0.0,0.0,0.0,"",""
"SKU-TSH-0032","2022-12-25",57,2,4,6,427.5,"N",0.0,0.0,0.0,"",""
"SKU-SHO-0033","2022-12-25",78,2,4,9,585.0,"N",0.0,0.0,0.0,"",""
"SKU-PAN-0034","2022-12-25",40,1,4,6,300.0,"N",0.0,0.0,0.0,"",""
"SKU-CRO-0035","2022-12-25",8,2,4,9,60.0,"N",0.0,0.0,0.0,"",""
"SKU-SHI-0036","2022-12-25",91,1,5,7,546.0,"N",0.0,0.0,0.0,"",""
"SKU-CRO-0037","2022-12-25",82,1,2,3,999.0,"N",0.0,0.0,0.0,"",""
"SKU-CRO-0038","2022-12-25",7,2,3,7,70.0,"N",0.0,0.0,0.0,"",""
"SKU-SHO-0039","2022-12-25",72,0,2,4,999.0,"N",0.0,0.0,0.0,"",""
"SKU-SHO-0040","2022-12-25",90,3,4,8,675.0,"N",0.0,0.0,0.0,"",""
"SKU-TSH-0041","2022-12-25",98,1,2,5,999.0,"N",0.0,0.0,0.0,"",""
"SKU-CRO-0042","2022-12-25",83,3,4,9,622.5,"N",0.0,0.0,0.0,"",""
"SKU-CRO-0043","2022-12-25",27,0,4,6,202.5,"N",0.0,0.0,0.0,"",""
"SKU-JAC-0044","2022-12-25",86,0,2,4,999.0,"N",0.0,0.0,0.0,"",""
"SKU-SHI-0045","2022-12-25",84,0,1,2,999.0,"N",0.0,0.0,0.0,"",""
"SKU-JAC-0046","2022-12-25",101,1,3,3,999.0,"N",0.0,0.0,0.0,"",""
"SKU-PAN-0047","2022-12-25",82,1,1,5,999.0,"N",0.0,0.0,0.0,"",""
"SKU-CRO-0048","2022-12-25",28,1,3,5,280.0,"N",0.0,0.0,0.0,"",""
"SKU-TSH-0049","2022-12-25",103,1,1,2,999.0,"N",0.0,0.0,0.0,"",""
"SKU-SHO-0050","2022-12-25",93,0,0,1,999.0,"N",0.0,0.0,0.0,"",""
"SKU-SHI-0051","2022-12-25",39,0,2,7,585.0,"N",0.0,0.0,0.0,"",""
"SKU-SHI-0052","2022-12-25",52,1,5,5,312.0,"N",0.0,0.0,0.0,"",""
"SKU-JAC-0053","2022-12-25",47,1,3,8,470.0,"N",0.0,0.0,0.0,"",""
"SKU-SHI-0054","2022-12-25",54,1,2,4,810.0,"N",0.0,0.0,0.0,"",""
"SKU-JAC-0055","2022-12-25",94,0,0,1,999.0,"N",0.0,0.0,0.0,"",""
"SKU-SHI-0001","2023-01-01",0,52,176,326,0.0,"N",0.0,0.0,0.0,"",""
"SKU-PAN-0002","2023-01-01",0,16,96,172,0.0,"N",0.0,0.0,0.0,"",""
"SKU-SHI-0003","2023-01-01",0,12,63,110,0.0,"N",0.0,0.0,0.0,"",""
"SKU-TSH-0004","2023-01-01",0,9,38,71,0.0,"N",100.0,539.0,36.0,"2023-02-03","2023-02-06"
"SKU-CRO-0005","2023-01-01",0,10,31,67,0.0,"N",0.0,0.0,0.0,"",""
"SKU-SHI-0006","2023-01-01",0,7,28,49,0.0,"N",75.0,1097.0,33.0,"2023-01-31","2023-02-03"
"SKU-CRO-0007","2023-01-01",0,3,20,49,0.0,"N",0.0,0.0,0.0,"",""
"SKU-PAN-0008","2023-01-01",0,3,16,33,0.0,"N",82.0,1152.0,52.0,"2023-02-19","2023-02-22"
"SKU-PAN-0009","2023-01-01",0,4,16,33,0.0,"N",78.0,1008.0,49.0,"2023-02-19","2023-02-19"
"SKU-TSH-0010","2023-01-01",0,5,14,26,0.0,"N",48.0,782.0,44.0,"2023-02-13","2023-02-14"
"SKU-SHO-0011","2023-01-01",0,2,17,25,0.0,"N",72.0,761.0,49.0,"2023-02-18","2023-02-19"
"SKU-TSH-0012","2023-01-01",0,5,19,28,0.0,"N",0.0,0.0,0.0,"",""
"SKU-SHI-0013","2023-01-01",0,2,8,20,0.0,"N",0.0,0.0,0.0,"",""
"SKU-CRO-0014","2023-01-01",0,2,9,21,0.0,"N",0.0,0.0,0.0,"",""
"SKU-SHI-0015","2023-01-01",36,2,12,22,90.0,"N",0.0,0.0,0.0,"",""
"SKU-PAN-0016","2023-01-01",17,2,7,12,72.9,"N",0.0,0.0,0.0,"",""
"SKU-SHI-0017","2023-01-01",0,0,3,9,0.0,"N",0.0,0.0,0.0,"",""
"SKU-PAN-0018","2023-01-01",49,1,9,13,163.3,"N",0.0,0.0,0.0,"",""
"SKU-CRO-0019","2023-01-01",0,1,4,7,0.0,"N",0.0,0.0,0.0,"",""
"SKU-PAN-0020","2023-01-01",18,3,6,9,90.0,"N",0.0,0.0,0.0,"",""
"SKU-PAN-0021","2023-01-01",20,3,5,13,120.0,"N",0.0,0.0,0.0,"",""
"SKU-PAN-0022","2023-01-01",41,0,8,12,153.8,"N",0.0,0.0,0.0,"",""
"SKU-SHO-0023","2023-01-01",54,2,5,8,324.0,"N",0.0,0.0,0.0,"",""
"SKU-SHI-0024","2023-01-01",0,3,8,15,0.0,"N",0.0,0.0,0.0,"",""
"SKU-JAC-0025","2023-01-01",23,1,3,10,230.0,"N",0.0,0.0,0.0,"",""
"SKU-PAN-0026","2023-01-01",34,1,5,8,204.0,"N",0.0,0.0,0.0,"",""
"SKU-JAC-0027","2023-01-01",0,2,7,10,0.0,"N",0.0,0.0,0.0,"",""
"SKU-PAN-0028","2023-01-01",43,3,6,9,215.0,"N",0.0,0.0,0.0,"",""
"SKU-TSH-0029","2023-01-01",50,0,3,9,500.0,"N",0.0,0.0,0.0,"",""
"SKU-CRO-0030","2023-01-01",15,0,1,5,450.0,"N",0.0,0.0,0.0,"",""
"SKU-JAC-0031","2023-01-01",0,1,3,8,0.0,"N",0.0,0.0,0.0,"",""
"SKU-TSH-0032","2023-01-01",56,1,3,7,560.0,"N",0.0,0.0,0.0,"",""
"SKU-SHO-0033","2023-01-01",77,1,4,9,577.5,"N",0.0,0.0,0.0,"",""
"SKU-PAN-0034","2023-01-01",40,0,2,5,600.0,"N",0.0,0.0,0.0,"",""
"SKU-CRO-0035","2023-01-01",6,2,6,6,30.0,"N",0.0,0.0,0.0,"",""
"SKU-SHI-0036","2023-01-01",91,0,4,7,682.5,"N",0.0,0.0,0.0,"",""
"SKU-CRO-0037","2023-01-01",81,1,3,3,810.0,"N",0.0,0.0,0.0,"",""
"SKU-CRO-0038","2023-01-01",5,2,4,9,37.5,"N",0.0,0.0,0.0,"",""
"SKU-SHO-0039","2023-01-01",71,1,3,5,710.0,"N",0.0,0.0,0.0,"",""
"SKU-SHO-0040","2023-01-01",90,0,4,7,675.0,"N",0.0,0.0,0.0,"",""
"SKU-TSH-0041","2023-01-01",96,2,4,6,720.0,"N",0.0,0.0,0.0,"",""
"SKU-CRO-0042","2023-01-01",82,1,5,10,492.0,"N",0.0,0.0,0.0,"",""
"SKU-CRO-0043","2023-01-01",27,0,3,6,270.0,"N",0.0,0.0,0.0,"",""
"SKU-JAC-0044","2023-01-01",84,2,3,6,840.0,"N",0.0,0.0,0.0,"",""
"SKU-SHI-0045","2023-01-01",84,0,1,2,999.0,"N",0.0,0.0,0.0,"",""
"SKU-JAC-0046","2023-01-01",100,1,4,4,750.0,"N",0.0,0.0,0.0,"",""
"SKU-PAN-0047","2023-01-01",82,0,1,5,999.0,"N",0.0,0.0,0.0,"",""
"SKU-CRO-0048","2023-01-01",28,0,3,4,280.0,"N",0.0,0.0,0.0,"",""
"SKU-TSH-0049","2023-01-01",102,1,2,2,999.0,"N",0.0,0.0,0.0,"",""
"SKU-SHO-0050","2023-01-01",92,1,1,2,999.0,"N",0.0,0.0,0.0,"",""
"SKU-SHI-0051","2023-01-01",39,0,2,5,585.0,"N",0.0,0.0,0.0,"",""
"SKU-SHI-0052","2023-01-01",52,0,4,5,390.0,"N",0.0,0.0,0.0,"",""
"SKU-JAC-0053","2023-01-01",46,1,3,7,460.0,"N",0.0,0.0,0.0,"",""
"SKU-SHI-0054","2023-01-01",53,1,3,5,530.0,"N",0.0,0.0,0.0,"",""
"SKU-JAC-0055","2023-01-01",93,1,1,1,999.0,"N",0.0,0.0,0.0,"",""
"SKU-SHI-0001","2023-01-08",0,66,209,343,0.0,"N",358.0,705.0,55.0,"2023-03-01","2023-03-04"
"SKU-PAN-0002","2023-01-08",0,28,94,184,0.0,"N",0.0,0.0,0.0,"",""
"SKU-SHI-0003","2023-01-08",0,20,65,112,0.0,"N",0.0,0.0,0.0,"",""
"SKU-TSH-0004","2023-01-08",0,14,46,75,0.0,"N",0.0,0.0,0.0,"",""
"SKU-CRO-0005","2023-01-08",0,12,35,64,0.0,"N",110.0,846.0,44.0,"2023-02-21","2023-02-21"
"SKU-SHI-0006","2023-01-08",0,7,27,46,0.0,"N",0.0,0.0,0.0,"",""
"SKU-CRO-0007","2023-01-08",0,7,22,48,0.0,"N",0.0,0.0,0.0,"",""
"SKU-PAN-0008","2023-01-08",0,3,15,31,0.0,"N",0.0,0.0,0.0,"",""
"SKU-PAN-0009","2023-01-08",0,3,17,26,0.0,"N",0.0,0.0,0.0,"",""
"SKU-TSH-0010","2023-01-08",0,5,17,26,0.0,"N",0.0,0.0,0.0,"",""
"SKU-SHO-0011","2023-01-08",0,2,15,23,0.0,"N",0.0,0.0,0.0,"",""
"SKU-TSH-0012","2023-01-08",0,2,16,27,0.0,"N",0.0,0.0,0.0,"",""
"SKU-SHI-0013","2023-01-08",0,2,8,21,0.0,"N",61.0,1227.0,39.0,"2023-02-15","2023-02-16"
"SKU-CRO-0014","2023-01-08",0,1,7,20,0.0,"N",62.0,756.0,43.0,"2023-02-20","2023-02-20"
"SKU-SHI-0015","2023-01-08",32,4,15,24,64.0,"N",0.0,0.0,0.0,"",""
"SKU-PAN-0016","2023-01-08",13,4,10,13,39.0,"N",0.0,0.0,0.0,"",""
"SKU-SHI-0017","2023-01-08",0,6,8,13,0.0,"N",0.0,0.0,0.0,"",""
"SKU-PAN-0018","2023-01-08",46,3,12,14,115.0,"N",0.0,0.0,0.0,"",""
"SKU-CRO-0019","2023-01-08",0,1,4,8,0.0,"N",40.0,726.0,33.0,"2023-02-05","2023-02-10"
"SKU-PAN-0020","2023-01-08",15,3,9,10,50.0,"N",0.0,0.0,0.0,"",""
"SKU-PAN-0021","2023-01-08",19,1,6,11,95.0,"N",0.0,0.0,0.0,"",""
"SKU-PAN-0022","2023-01-08",39,2,6,13,195.0,"N",0.0,0.0,0.0,"",""
"SKU-SHO-0023","2023-01-08",49,5,10,12,147.0,"N",0.0,0.0,0.0,"",""
"SKU-SHI-0024","2023-01-08",0,1,6,14,0.0,"N",0.0,0.0,0.0,"",""
"SKU-JAC-0025","2023-01-08",22,1,2,10,330.0,"N",0.0,0.0,0.0,"",""
"SKU-PAN-0026","2023-01-08",34,0,3,8,340.0,"N",0.0,0.0,0.0,"",""
"SKU-JAC-0027","2023-01-08",0,2,8,10,0.0,"N",40.0,1871.0,33.0,"2023-02-08","2023-02-10"
"SKU-PAN-0028","2023-01-08",38,5,10,12,114.0,"N",0.0,0.0,0.0,"",""
"SKU-TSH-0029","2023-01-08",48,2,4,7,360.0,"N",0.0,0.0,0.0,"",""
"SKU-CRO-0030","2023-01-08",15,0,1,4,450.0,"N",0.0,0.0,0.0,"",""
"SKU-JAC-0031","2023-01-08",0,2,5,8,0.0,"N",42.0,1800.0,54.0,"2023-02-26","2023-03-03"
"SKU-TSH-0032","2023-01-08",56,0,3,7,560.0,"N",0.0,0.0,0.0,"",""
"SKU-SHO-0033","2023-01-08",76,1,4,9,570.0,"N",0.0,0.0,0.0,"",""
"SKU-PAN-0034","2023-01-08",37,3,5,8,222.0,"N",0.0,0.0,0.0,"",""
"SKU-CRO-0035","2023-01-08",6,0,6,6,30.0,"N",0.0,0.0,0.0,"",""
"SKU-SHI-0036","2023-01-08",91,0,3,6,910.0,"N",0.0,0.0,0.0,"",""
"SKU-CRO-0037","2023-01-08",78,3,6,6,390.0,"N",0.0,0.0,0.0,"",""
"SKU-CRO-0038","2023-01-08",5,0,4,6,37.5,"N",0.0,0.0,0.0,"",""
"SKU-SHO-0039","2023-01-08",69,2,4,6,517.5,"N",0.0,0.0,0.0,"",""
"SKU-SHO-0040","2023-01-08",89,1,5,7,534.0,"N",0.0,0.0,0.0,"",""
"SKU-TSH-0041","2023-01-08",96,0,4,6,720.0,"N",0.0,0.0,0.0,"",""
"SKU-CRO-0042","2023-01-08",81,1,6,9,405.0,"N",0.0,0.0,0.0,"",""
"SKU-CRO-0043","2023-01-08",26,1,3,7,260.0,"N",0.0,0.0,0.0,"",""
"SKU-JAC-0044","2023-01-08",84,0,3,6,840.0,"N",0.0,0.0,0.0,"",""
"SKU-SHI-0045","2023-01-08",84,0,1,2,999.0,"N",0.0,0.0,0.0,"",""
"SKU-JAC-0046","2023-01-08",99,1,5,5,594.0,"N",0.0,0.0,0.0,"",""
"SKU-PAN-0047","2023-01-08",81,1,2,5,999.0,"N",0.0,0.0,0.0,"",""
"SKU-CRO-0048","2023-01-08",28,0,2,4,420.0,"N",0.0,0.0,0.0,"",""
"SKU-TSH-0049","2023-01-08",100,2,4,4,750.0,"N",0.0,0.0,0.0,"",""
"SKU-SHO-0050","2023-01-08",92,0,1,1,999.0,"N",0.0,0.0,0.0,"",""
"SKU-SHI-0051","2023-01-08",39,0,1,4,999.0,"N",0.0,0.0,0.0,"",""
"SKU-SHI-0052","2023-01-08",50,2,3,7,500.0,"N",0.0,0.0,0.0,"",""
"SKU-JAC-0053","2023-01-08",45,1,4,7,337.5,"N",0.0,0.0,0.0,"",""
"SKU-SHI-0054","2023-01-08",52,1,4,5,390.0,"N",0.0,0.0,0.0,"",""
"SKU-JAC-0055","2023-01-08",92,1,2,2,999.0,"N",0.0,0.0,0.0,"",""
"SKU-SHI-0001","2023-01-15",0,66,232,374,0.0,"N",0.0,0.0,0.0,"",""
"SKU-PAN-0002","2023-01-15",0,26,103,186,0.0,"N",164.0,982.0,48.0,"2023-03-04","2023-03-04"
"SKU-SHI-0003","2023-01-15",0,22,79,125,0.0,"N",0.0,0.0,0.0,"",""
"SKU-TSH-0004","2023-01-15",0,9,48,78,0.0,"N",0.0,0.0,0.0,"",""
"SKU-CRO-0005","2023-01-15",0,16,45,71,0.0,"N",0.0,0.0,0.0,"",""
"SKU-SHI-0006","2023-01-15",0,5,28,48,0.0,"N",0.0,0.0,0.0,"",""
"SKU-CRO-0007","2023-01-15",0,8,24,52,0.0,"N",63.0,818.0,31.0,"2023-02-15","2023-02-15"
"SKU-PAN-0008","2023-01-15",0,4,18,30,0.0,"N",0.0,0.0,0.0,"",""
"SKU-PAN-0009","2023-01-15",0,6,18,31,0.0,"N",0.0,0.0,0.0,"",""
"SKU-TSH-0010","2023-01-15",0,6,20,30,0.0,"N",0.0,0.0,0.0,"",""
"SKU-SHO-0011","2023-01-15",0,5,16,26,0.0,"N",0.0,0.0,0.0,"",""
"SKU-TSH-0012","2023-01-15",0,4,17,28,0.0,"N",40.0,715.0,41.0,"2023-02-22","2023-02-25"
"SKU-SHI-0013","2023-01-15",0,4,9,22,0.0,"N",0.0,0.0,0.0,"",""
"SKU-CRO-0014","2023-01-15",0,3,10,21,0.0,"N",0.0,0.0,0.0,"",""
"SKU-SHI-0015","2023-01-15",27,5,15,27,54.0,"N",0.0,0.0,0.0,"",""
"SKU-PAN-0016","2023-01-15",13,0,9,12,43.3,"N",0.0,0.0,0.0,"",""
"SKU-SHI-0017","2023-01-15",0,2,10,14,0.0,"N",63.0,842.0,47.0,"2023-03-03","2023-03-03"
"SKU-PAN-0018","2023-01-15",40,6,16,20,75.0,"N",0.0,0.0,0.0,"",""
"SKU-CRO-0019","2023-01-15",0,3,7,10,0.0,"N",0.0,0.0,0.0,"",""
"SKU-PAN-0020","2023-01-15",11,4,11,13,30.0,"N",0.0,0.0,0.0,"",""
"SKU-PAN-0021","2023-01-15",17,2,8,11,63.8,"N",0.0,0.0,0.0,"",""
"SKU-PAN-0022","2023-01-15",36,3,8,16,135.0,"N",0.0,0.0,0.0,"",""
"SKU-SHO-0023","2023-01-15",48,1,9,12,160.0,"N",0.0,0.0,0.0,"",""
"SKU-SHI-0024","2023-01-15",0,1,6,14,0.0,"N",52.0,854.0,42.0,"2023-02-25","2023-02-26"
"SKU-JAC-0025","2023-01-15",17,5,7,13,72.9,"N",0.0,0.0,0.0,"",""
"SKU-PAN-0026","2023-01-15",33,1,4,8,247.5,"N",0.0,0.0,0.0,"",""
"SKU-JAC-0027","2023-01-15",0,4,9,13,0.0,"N",0.0,0.0,0.0,"",""
"SKU-PAN-0028","2023-01-15",37,1,9,13,123.3,"N",0.0,0.0,0.0,"",""
"SKU-TSH-0029","2023-01-15",46,2,6,9,230.0,"N",0.0,0.0,0.0,"",""
"SKU-CRO-0030","2023-01-15",13,2,3,5,130.0,"N",0.0,0.0,0.0,"",""
"SKU-JAC-0031","2023-01-15",0,2,6,10,0.0,"N",0.0,0.0,0.0,"",""
"SKU-TSH-0032","2023-01-15",55,1,4,7,412.5,"N",0.0,0.0,0.0,"",""
"SKU-SHO-0033","2023-01-15",74,2,6,10,370.0,"N",0.0,0.0,0.0,"",""
"SKU-PAN-0034","2023-01-15",37,0,4,7,277.5,"N",0.0,0.0,0.0,"",""
"SKU-CRO-0035","2023-01-15",5,1,5,7,30.0,"N",0.0,0.0,0.0,"",""
"SKU-SHI-0036","2023-01-15",88,3,4,8,660.0,"N",0.0,0.0,0.0,"",""
"SKU-CRO-0037","2023-01-15",77,1,6,7,385.0,"N",0.0,0.0,0.0,"",""
"SKU-CRO-0038","2023-01-15",4,1,5,6,24.0,"N",0.0,0.0,0.0,"",""
"SKU-SHO-0039","2023-01-15",67,2,5,8,402.0,"N",0.0,0.0,0.0,"",""
"SKU-SHO-0040","2023-01-15",88,1,5,7,528.0,"N",0.0,0.0,0.0,"",""
"SKU-TSH-0041","2023-01-15",95,1,4,6,712.5,"N",0.0,0.0,0.0,"",""
"SKU-CRO-0042","2023-01-15",80,1,6,8,400.0,"N",0.0,0.0,0.0,"",""
"SKU-CRO-0043","2023-01-15",26,0,2,6,390.0,"N",0.0,0.0,0.0,"",""
"SKU-JAC-0044","2023-01-15",84,0,2,6,999.0,"N",0.0,0.0,0.0,"",""
"SKU-SHI-0045","2023-01-15",84,0,1,2,999.0,"N",0.0,0.0,0.0,"",""
"SKU-JAC-0046","2023-01-15",99,0,5,5,594.0,"N",0.0,0.0,0.0,"",""
"SKU-PAN-0047","2023-01-15",79,2,4,7,592.5,"N",0.0,0.0,0.0,"",""
"SKU-CRO-0048","2023-01-15",28,0,1,3,840.0,"N",0.0,0.0,0.0,"",""
"SKU-TSH-0049","2023-01-15",100,0,4,4,750.0,"N",0.0,0.0,0.0,"",""
"SKU-SHO-0050","2023-01-15",90,2,3,3,900.0,"N",0.0,0.0,0.0,"",""
"SKU-SHI-0051","2023-01-15",39,0,0,3,999.0,"N",0.0,0.0,0.0,"",""
"SKU-SHI-0052","2023-01-15",49,1,4,8,367.5,"N",0.0,0.0,0.0,"",""
"SKU-JAC-0053","2023-01-15",44,1,5,7,264.0,"N",0.0,0.0,0.0,"",""
"SKU-SHI-0054","2023-01-15",52,0,3,5,520.0,"N",0.0,0.0,0.0,"",""
"SKU-JAC-0055","2023-01-15",92,0,2,2,999.0,"N",0.0,0.0,0.0,"",""
"SKU-SHI-0001","2023-01-22",0,68,262,404,0.0,"N",0.0,0.0,0.0,"",""
"SKU-PAN-0002","2023-01-22",0,36,115,202,0.0,"N",0.0,0.0,0.0,"",""
"SKU-SHI-0003","2023-01-22",0,13,72,129,0.0,"N",118.0,1004.0,38.0,"2023-02-26","2023-03-01"
"SKU-TSH-0004","2023-01-22",0,17,52,86,0.0,"N",0.0,0.0,0.0,"",""
"SKU-CRO-0005","2023-01-22",0,7,47,73,0.0,"N",0.0,0.0,0.0,"",""
"SKU-SHI-0006","2023-01-22",0,5,25,47,0.0,"N",0.0,0.0,0.0,"",""
"SKU-CRO-0007","2023-01-22",0,8,27,53,0.0,"N",0.0,0.0,0.0,"",""
"SKU-PAN-0008","2023-01-22",0,6,17,30,0.0,"N",0.0,0.0,0.0,"",""
"SKU-PAN-0009","2023-01-22",0,4,17,32,0.0,"N",0.0,0.0,0.0,"",""
"SKU-TSH-0010","2023-01-22",0,6,23,34,0.0,"N",0.0,0.0,0.0,"",""
"SKU-SHO-0011","2023-01-22",0,4,14,30,0.0,"N",0.0,0.0,0.0,"",""
"SKU-TSH-0012","2023-01-22",0,3,17,28,0.0,"N",0.0,0.0,0.0,"",""
"SKU-SHI-0013","2023-01-22",0,1,9,21,0.0,"N",0.0,0.0,0.0,"",""
"SKU-CRO-0014","2023-01-22",0,4,12,20,0.0,"N",0.0,0.0,0.0,"",""
"SKU-SHI-0015","2023-01-22",25,2,13,28,57.7,"N",0.0,0.0,0.0,"",""
"SKU-PAN-0016","2023-01-22",11,2,8,14,41.2,"N",0.0,0.0,0.0,"",""
"SKU-SHI-0017","2023-01-22",0,2,11,15,0.0,"N",0.0,0.0,0.0,"",""
"SKU-PAN-0018","2023-01-22",35,5,15,25,70.0,"N",0.0,0.0,0.0,"",""
"SKU-CRO-0019","2023-01-22",0,1,6,10,0.0,"N",0.0,0.0,0.0,"",""
"SKU-PAN-0020","2023-01-22",9,2,12,15,22.5,"N",0.0,0.0,0.0,"",""
"SKU-PAN-0021","2023-01-22",13,4,11,14,35.5,"N",0.0,0.0,0.0,"",""
"SKU-PAN-0022","2023-01-22",34,2,7,18,145.7,"N",0.0,0.0,0.0,"",""
"SKU-SHO-0023","2023-01-22",43,5,13,16,99.2,"N",0.0,0.0,0.0,"",""
"SKU-SHI-0024","2023-01-22",0,2,7,14,0.0,"N",0.0,0.0,0.0,"",""
"SKU-JAC-0025","2023-01-22",16,1,8,13,60.0,"N",0.0,0.0,0.0,"",""
"SKU-PAN-0026","2023-01-22",30,3,5,10,180.0,"N",0.0,0.0,0.0,"",""
"SKU-JAC-0027","2023-01-22",0,1,9,14,0.0,"N",0.0,0.0,0.0,"",""
"SKU-PAN-0028","2023-01-22",34,3,12,16,85.0,"N",0.0,0.0,0.0,"",""
"SKU-TSH-0029","2023-01-22",46,0,4,9,345.0,"N",0.0,0.0,0.0,"",""
"SKU-CRO-0030","2023-01-22",12,1,3,5,120.0,"N",0.0,0.0,0.0,"",""
"SKU-JAC-0031","2023-01-22",0,2,7,11,0.0,"N",0.0,0.0,0.0,"",""
"SKU-TSH-0032","2023-01-22",54,1,3,8,540.0,"N",0.0,0.0,0.0,"",""
"SKU-SHO-0033","2023-01-22",74,0,4,8,555.0,"N",0.0,0.0,0.0,"",""
"SKU-PAN-0034","2023-01-22",35,2,5,9,210.0,"N",0.0,0.0,0.0,"",""
"SKU-CRO-0035","2023-01-22",5,0,4,7,37.5,"N",0.0,0.0,0.0,"",""
"SKU-SHI-0036","2023-01-22",86,2,5,10,516.0,"N",0.0,0.0,0.0,"",""
"SKU-CRO-0037","2023-01-22",75,2,7,9,321.4,"N",0.0,0.0,0.0,"",""
"SKU-CRO-0038","2023-01-22",4,0,3,6,40.0,"N",0.0,0.0,0.0,"",""
"SKU-SHO-0039","2023-01-22",65,2,7,10,278.6,"N",0.0,0.0,0.0,"",""
"SKU-SHO-0040","2023-01-22",88,0,2,6,999.0,"N",0.0,0.0,0.0,"",""
"SKU-TSH-0041","2023-01-22",95,0,4,5,712.5,"N",0.0,0.0,0.0,"",""
"SKU-CRO-0042","2023-01-22",79,1,5,8,474.0,"N",0.0,0.0,0.0,"",""
"SKU-CRO-0043","2023-01-22",26,0,1,6,780.0,"N",0.0,0.0,0.0,"",""
"SKU-JAC-0044","2023-01-22",84,0,2,4,999.0,"N",0.0,0.0,0.0,"",""
"SKU-SHI-0045","2023-01-22",84,0,0,1,999.0,"N",0.0,0.0,0.0,"",""
"SKU-JAC-0046","2023-01-22",99,0,2,5,999.0,"N",0.0,0.0,0.0,"",""
"SKU-PAN-0047","2023-01-22",76,3,7,8,325.7,"N",0.0,0.0,0.0,"",""
"SKU-CRO-0048","2023-01-22",24,4,4,7,180.0,"N",0.0,0.0,0.0,"",""
"SKU-TSH-0049","2023-01-22",99,1,4,5,742.5,"N",0.0,0.0,0.0,"",""
"SKU-SHO-0050","2023-01-22",90,0,3,3,900.0,"N",0.0,0.0,0.0,"",""
"SKU-SHI-0051","2023-01-22",39,0,0,2,999.0,"N",0.0,0.0,0.0,"",""
"SKU-SHI-0052","2023-01-22",49,0,4,8,367.5,"N",0.0,0.0,0.0,"",""
"SKU-JAC-0053","2023-01-22",42,2,5,8,252.0,"N",0.0,0.0,0.0,"",""
"SKU-SHI-0054","2023-01-22",51,1,3,5,510.0,"N",0.0,0.0,0.0,"",""
"SKU-JAC-0055","2023-01-22",89,3,5,5,534.0,"N",0.0,0.0,0.0,"",""
"SKU-SHI-0001","2023-01-29",0,76,297,455,0.0,"N",0.0,0.0,0.0,"",""
"SKU-PAN-0002","2023-01-29",0,44,137,233,0.0,"N",0.0,0.0,0.0,"",""
"SKU-SHI-0003","2023-01-29",0,21,79,144,0.0,"N",0.0,0.0,0.0,"",""
"SKU-TSH-0004","2023-01-29",0,16,57,98,0.0,"N",144.0,539.0,39.0,"2023-03-09","2023-03-09"
"SKU-CRO-0005","2023-01-29",0,11,50,82,0.0,"N",0.0,0.0,0.0,"",""
"SKU-SHI-0006","2023-01-29",0,12,32,58,0.0,"N",74.0,1097.0,38.0,"2023-03-07","2023-03-08"
"SKU-CRO-0007","2023-01-29",0,4,28,49,0.0,"N",0.0,0.0,0.0,"",""
"SKU-PAN-0008","2023-01-29",0,14,27,43,0.0,"N",66.0,1152.0,41.0,"2023-03-11","2023-03-11"
"SKU-PAN-0009","2023-01-29",0,9,23,39,0.0,"N",74.0,1008.0,51.0,"2023-03-21","2023-03-21"
"SKU-TSH-0010","2023-01-29",0,5,24,37,0.0,"N",56.0,782.0,56.0,"2023-03-21","2023-03-26"
"SKU-SHO-0011","2023-01-29",0,6,17,35,0.0,"N",40.0,761.0,43.0,"2023-03-13","2023-03-13"
"SKU-TSH-0012","2023-01-29",0,5,17,33,0.0,"N",0.0,0.0,0.0,"",""
"SKU-SHI-0013","2023-01-29",0,6,14,21,0.0,"N",0.0,0.0,0.0,"",""
"SKU-CRO-0014","2023-01-29",0,5,14,22,0.0,"N",0.0,0.0,0.0,"",""
"SKU-SHI-0015","2023-01-29",25,0,12,24,62.5,"N",0.0,0.0,0.0,"",""
"SKU-PAN-0016","2023-01-29",10,1,8,14,37.5,"N",0.0,0.0,0.0,"",""
"SKU-SHI-0017","2023-01-29",0,2,12,16,0.0,"N",0.0,0.0,0.0,"",""
"SKU-PAN-0018","2023-01-29",35,0,14,23,75.0,"N",0.0,0.0,0.0,"",""
"SKU-CRO-0019","2023-01-29",0,4,9,13,0.0,"N",0.0,0.0,0.0,"",""
"SKU-PAN-0020","2023-01-29",9,0,10,15,27.0,"N",0.0,0.0,0.0,"",""
"SKU-PAN-0021","2023-01-29",10,3,13,15,23.1,"N",0.0,0.0,0.0,"",""
"SKU-PAN-0022","2023-01-29",33,1,8,17,123.8,"N",0.0,0.0,0.0,"",""
"SKU-SHO-0023","2023-01-29",39,4,15,20,78.0,"N",0.0,0.0,0.0,"",""
"SKU-SHI-0024","2023-01-29",0,2,8,15,0.0,"N",0.0,0.0,0.0,"",""
"SKU-JAC-0025","2023-01-29",14,2,9,12,46.7,"N",0.0,0.0,0.0,"",""
"SKU-PAN-0026","2023-01-29",28,2,6,11,140.0,"N",0.0,0.0,0.0,"",""
"SKU-JAC-0027","2023-01-29",0,1,8,15,0.0,"N",0.0,0.0,0.0,"",""
"SKU-PAN-0028","2023-01-29",31,3,13,19,71.5,"N",0.0,0.0,0.0,"",""
"SKU-TSH-0029","2023-01-29",41,5,9,12,136.7,"N",0.0,0.0,0.0,"",""
"SKU-CRO-0030","2023-01-29",11,1,4,6,82.5,"N",0.0,0.0,0.0,"",""
"SKU-JAC-0031","2023-01-29",0,0,7,10,0.0,"N",0.0,0.0,0.0,"",""
"SKU-TSH-0032","2023-01-29",53,1,4,7,397.5,"N",0.0,0.0,0.0,"",""
"SKU-SHO-0033","2023-01-29",71,3,7,10,304.3,"N",0.0,0.0,0.0,"",""
"SKU-PAN-0034","2023-01-29",33,2,7,10,141.4,"N",0.0,0.0,0.0,"",""
"SKU-CRO-0035","2023-01-29",3,2,4,9,22.5,"N",0.0,0.0,0.0,"",""
"SKU-SHI-0036","2023-01-29",86,0,5,9,516.0,"N",0.0,0.0,0.0,"",""
"SKU-CRO-0037","2023-01-29",73,2,9,11,243.3,"N",0.0,0.0,0.0,"",""
"SKU-CRO-0038","2023-01-29",2,2,5,7,12.0,"N",40.0,1060.0,60.0,"2023-03-25","2023-03-30"
"SKU-SHO-0039","2023-01-29",64,1,7,10,274.3,"N",0.0,0.0,0.0,"",""
"SKU-SHO-0040","2023-01-29",88,0,2,6,999.0,"N",0.0,0.0,0.0,"",""
"SKU-TSH-0041","2023-01-29",93,2,4,7,697.5,"N",0.0,0.0,0.0,"",""
"SKU-CRO-0042","2023-01-29",77,2,6,10,385.0,"N",0.0,0.0,0.0,"",""
"SKU-CRO-0043","2023-01-29",26,0,1,4,780.0,"N",0.0,0.0,0.0,"",""
"SKU-JAC-0044","2023-01-29",83,1,2,4,999.0,"N",0.0,0.0,0.0,"",""
"SKU-SHI-0045","2023-01-29",82,2,2,3,999.0,"N",0.0,0.0,0.0,"",""
"SKU-JAC-0046","2023-01-29",97,2,3,7,970.0,"N",0.0,0.0,0.0,"",""
"SKU-PAN-0047","2023-01-29",73,3,9,10,243.3,"N",0.0,0.0,0.0,"",""
"SKU-CRO-0048","2023-01-29",24,0,4,7,180.0,"N",0.0,0.0,0.0,"",""
"SKU-TSH-0049","2023-01-29",98,1,5,6,588.0,"N",0.0,0.0,0.0,"",""
"SKU-SHO-0050","2023-01-29",89,1,4,4,667.5,"N",0.0,0.0,0.0,"",""
"SKU-SHI-0051","2023-01-29",37,2,2,4,555.0,"N",0.0,0.0,0.0,"",""
"SKU-SHI-0052","2023-01-29",48,1,4,9,360.0,"N",0.0,0.0,0.0,"",""
"SKU-JAC-0053","2023-01-29",40,2,7,9,171.4,"N",0.0,0.0,0.0,"",""
"SKU-SHI-0054","2023-01-29",51,0,2,5,765.0,"N",0.0,0.0,0.0,"",""
"SKU-JAC-0055","2023-01-29",89,0,5,5,534.0,"N",0.0,0.0,0.0,"",""
"SKU-SHI-0001","2023-02-05",0,60,280,495,0.0,"N",433.0,705.0,57.0,"2023-03-29","2023-04-03"
"SKU-PAN-0002","2023-02-05",0,28,138,239,0.0,"N",0.0,0.0,0.0,"",""
"SKU-SHI-0003","2023-02-05",0,18,79,142,0.0,"N",0.0,0.0,0.0,"",""
"SKU-TSH-0004","2023-02-05",0,15,63,104,0.0,"N",0.0,0.0,0.0,"",""
"SKU-CRO-0005","2023-02-05",0,14,51,83,0.0,"N",126.0,846.0,46.0,"2023-03-18","2023-03-23"
"SKU-SHI-0006","2023-02-05",0,11,33,62,0.0,"N",0.0,0.0,0.0,"",""
"SKU-CRO-0007","2023-02-05",0,7,28,50,0.0,"N",0.0,0.0,0.0,"",""
"SKU-PAN-0008","2023-02-05",0,8,33,51,0.0,"N",0.0,0.0,0.0,"",""
"SKU-PAN-0009","2023-02-05",0,5,24,41,0.0,"N",0.0,0.0,0.0,"",""
"SKU-TSH-0010","2023-02-05",0,6,24,41,0.0,"N",0.0,0.0,0.0,"",""
"SKU-SHO-0011","2023-02-05",0,5,20,35,0.0,"N",0.0,0.0,0.0,"",""
"SKU-TSH-0012","2023-02-05",0,3,15,33,0.0,"N",0.0,0.0,0.0,"",""
"SKU-SHI-0013","2023-02-05",0,2,13,22,0.0,"N",42.0,1227.0,43.0,"2023-03-18","2023-03-20"
"SKU-CRO-0014","2023-02-05",0,4,17,23,0.0,"N",84.0,756.0,40.0,"2023-03-12","2023-03-17"
"SKU-SHI-0015","2023-02-05",23,2,11,25,62.7,"N",0.0,0.0,0.0,"",""
"SKU-PAN-0016","2023-02-05",9,1,4,14,67.5,"N",0.0,0.0,0.0,"",""
"SKU-SHI-0017","2023-02-05",0,1,10,15,0.0,"N",0.0,0.0,0.0,"",""
"SKU-PAN-0018","2023-02-05",34,1,13,24,78.5,"N",0.0,0.0,0.0,"",""
"SKU-CRO-0019","2023-02-05",0,2,10,14,0.0,"N",40.0,726.0,40.0,"2023-03-14","2023-03-17"
"SKU-PAN-0020","2023-02-05",5,4,12,19,12.5,"N",40.0,1163.0,52.0,"2023-03-26","2023-03-29"
"SKU-PAN-0021","2023-02-05",7,3,13,18,16.2,"N",78.0,1216.0,49.0,"2023-03-23","2023-03-26"
"SKU-PAN-0022","2023-02-05",32,1,8,15,120.0,"N",0.0,0.0,0.0,"",""
"SKU-SHO-0023","2023-02-05",36,3,14,23,77.1,"N",0.0,0.0,0.0,"",""
"SKU-SHI-0024","2023-02-05",0,4,10,18,0.0,"N",0.0,0.0,0.0,"",""
"SKU-JAC-0025","2023-02-05",12,2,10,12,36.0,"N",0.0,0.0,0.0,"",""
"SKU-PAN-0026","2023-02-05",28,0,6,10,140.0,"N",0.0,0.0,0.0,"",""
"SKU-JAC-0027","2023-02-05",0,1,8,15,0.0,"N",71.0,1871.0,33.0,"2023-03-09","2023-03-10"
"SKU-PAN-0028","2023-02-05",31,0,8,17,116.2,"N",0.0,0.0,0.0,"",""
"SKU-TSH-0029","2023-02-05",40,1,9,13,133.3,"N",0.0,0.0,0.0,"",""
"SKU-CRO-0030","2023-02-05",11,0,4,5,82.5,"N",0.0,0.0,0.0,"",""
"SKU-JAC-0031","2023-02-05",0,3,7,12,0.0,"N",50.0,1800.0,42.0,"2023-03-16","2023-03-19"
"SKU-TSH-0032","2023-02-05",53,0,3,6,530.0,"N",0.0,0.0,0.0,"",""
"SKU-SHO-0033","2023-02-05",71,0,6,9,355.0,"N",0.0,0.0,0.0,"",""
"SKU-PAN-0034","2023-02-05",33,0,6,9,165.0,"N",0.0,0.0,0.0,"",""
"SKU-CRO-0035","2023-02-05",2,1,4,10,15.0,"N",40.0,721.0,53.0,"2023-03-28","2023-03-30"
"SKU-SHI-0036","2023-02-05",86,0,5,8,516.0,"N",0.0,0.0,0.0,"",""
"SKU-CRO-0037","2023-02-05",70,3,8,14,262.5,"N",0.0,0.0,0.0,"",""
"SKU-CRO-0038","2023-02-05",1,1,4,8,7.5,"N",0.0,0.0,0.0,"",""
"SKU-SHO-0039","2023-02-05",63,1,7,10,270.0,"N",0.0,0.0,0.0,"",""
"SKU-SHO-0040","2023-02-05",87,1,2,7,999.0,"N",0.0,0.0,0.0,"",""
"SKU-TSH-0041","2023-02-05",93,0,3,7,930.0,"N",0.0,0.0,0.0,"",""
"SKU-CRO-0042","2023-02-05",74,3,7,13,317.1,"N",0.0,0.0,0.0,"",""
"SKU-CRO-0043","2023-02-05",26,0,0,3,999.0,"N",0.0,0.0,0.0,"",""
"SKU-JAC-0044","2023-02-05",79,4,5,8,474.0,"N",0.0,0.0,0.0,"",""
"SKU-SHI-0045","2023-02-05",78,4,6,7,390.0,"N",0.0,0.0,0.0,"",""
"SKU-JAC-0046","2023-02-05",97,0,2,7,999.0,"N",0.0,0.0,0.0,"",""
"SKU-PAN-0047","2023-02-05",72,1,10,11,216.0,"N",0.0,0.0,0.0,"",""
"SKU-CRO-0048","2023-02-05",24,0,4,6,180.0,"N",0.0,0.0,0.0,"",""
"SKU-TSH-0049","2023-02-05",97,1,3,7,970.0,"N",0.0,0.0,0.0,"",""
"SKU-SHO-0050","2023-02-05",89,0,3,4,890.0,"N",0.0,0.0,0.0,"",""
"SKU-SHI-0051","2023-02-05",37,0,2,3,555.0,"N",0.0,0.0,0.0,"",""
"SKU-SHI-0052","2023-02-05",48,0,3,7,480.0,"N",0.0,0.0,0.0,"",""
"SKU-JAC-0053","2023-02-05",38,2,8,11,142.5,"N",0.0,0.0,0.0,"",""
"SKU-SHI-0054","2023-02-05",50,1,2,6,750.0,"N",0.0,0.0,0.0,"",""
"SKU-JAC-0055","2023-02-05",89,0,4,5,667.5,"N",0.0,0.0,0.0,"",""
"SKU-SHI-0001","2023-02-12",0,45,266,493,0.0,"N",0.0,0.0,0.0,"",""
"SKU-PAN-0002","2023-02-12",0,20,135,235,0.0,"N",236.0,982.0,42.0,"2023-03-26","2023-03-26"
"SKU-SHI-0003","2023-02-12",0,9,71,140,0.0,"N",0.0,0.0,0.0,"",""
"SKU-TSH-0004","2023-02-12",0,13,65,110,0.0,"N",0.0,0.0,0.0,"",""
"SKU-CRO-0005","2023-02-12",0,6,43,84,0.0,"N",0.0,0.0,0.0,"",""
"SKU-SHI-0006","2023-02-12",0,7,38,64,0.0,"N",0.0,0.0,0.0,"",""
"SKU-CRO-0007","2023-02-12",0,8,31,55,0.0,"N",102.0,818.0,55.0,"2023-04-08","2023-04-08"
"SKU-PAN-0008","2023-02-12",0,6,36,53,0.0,"N",0.0,0.0,0.0,"",""
"SKU-PAN-0009","2023-02-12",0,3,24,39,0.0,"N",0.0,0.0,0.0,"",""
"SKU-TSH-0010","2023-02-12",0,3,23,41,0.0,"N",0.0,0.0,0.0,"",""
"SKU-SHO-0011","2023-02-12",0,2,20,34,0.0,"N",0.0,0.0,0.0,"",""
"SKU-TSH-0012","2023-02-12",0,0,12,29,0.0,"N",77.0,715.0,42.0,"2023-03-21","2023-03-26"
"SKU-SHI-0013","2023-02-12",0,1,13,21,0.0,"N",0.0,0.0,0.0,"",""
"SKU-CRO-0014","2023-02-12",0,3,17,26,0.0,"N",0.0,0.0,0.0,"",""
"SKU-SHI-0015","2023-02-12",22,1,6,23,110.0,"N",0.0,0.0,0.0,"",""
"SKU-PAN-0016","2023-02-12",8,1,5,14,48.0,"N",0.0,0.0,0.0,"",""
"SKU-SHI-0017","2023-02-12",0,1,6,16,0.0,"N",58.0,842.0,50.0,"2023-03-29","2023-04-03"
"SKU-PAN-0018","2023-02-12",33,1,7,23,141.4,"N",0.0,0.0,0.0,"",""
"SKU-CRO-0019","2023-02-12",0,1,9,15,0.0,"N",0.0,0.0,0.0,"",""
"SKU-PAN-0020","2023-02-12",4,1,9,19,13.3,"N",0.0,0.0,0.0,"",""
"SKU-PAN-0021","2023-02-12",6,1,11,19,16.4,"N",0.0,0.0,0.0,"",""
"SKU-PAN-0022","2023-02-12",30,2,8,15,112.5,"N",0.0,0.0,0.0,"",""
"SKU-SHO-0023","2023-02-12",36,0,13,23,83.1,"N",0.0,0.0,0.0,"",""
"SKU-SHI-0024","2023-02-12",0,2,10,16,0.0,"N",42.0,854.0,37.0,"2023-03-21","2023-03-21"
"SKU-JAC-0025","2023-02-12",11,1,7,13,47.1,"N",0.0,0.0,0.0,"",""
"SKU-PAN-0026","2023-02-12",26,2,7,11,111.4,"N",0.0,0.0,0.0,"",""
"SKU-JAC-0027","2023-02-12",0,2,8,15,0.0,"N",0.0,0.0,0.0,"",""
"SKU-PAN-0028","2023-02-12",31,0,7,16,132.9,"N",0.0,0.0,0.0,"",""
"SKU-TSH-0029","2023-02-12",40,0,6,12,200.0,"N",0.0,0.0,0.0,"",""
"SKU-CRO-0030","2023-02-12",9,2,6,7,45.0,"N",0.0,0.0,0.0,"",""
"SKU-JAC-0031","2023-02-12",0,2,7,14,0.0,"N",0.0,0.0,0.0,"",""
"SKU-TSH-0032","2023-02-12",52,1,4,7,390.0,"N",0.0,0.0,0.0,"",""
"SKU-SHO-0033","2023-02-12",71,0,4,9,532.5,"N",0.0,0.0,0.0,"",""
"SKU-PAN-0034","2023-02-12",32,1,5,10,192.0,"N",0.0,0.0,0.0,"",""
"SKU-CRO-0035","2023-02-12",1,1,4,10,7.5,"N",0.0,0.0,0.0,"",""
"SKU-SHI-0036","2023-02-12",86,0,3,6,860.0,"N",0.0,0.0,0.0,"",""
"SKU-CRO-0037","2023-02-12",68,2,9,16,226.7,"N",0.0,0.0,0.0,"",""
"SKU-CRO-0038","2023-02-12",1,0,3,8,10.0,"N",0.0,0.0,0.0,"",""
"SKU-SHO-0039","2023-02-12",62,1,6,10,310.0,"N",0.0,0.0,0.0,"",""
"SKU-SHO-0040","2023-02-12",87,0,2,6,999.0,"N",0.0,0.0,0.0,"",""
"SKU-TSH-0041","2023-02-12",93,0,2,6,999.0,"N",0.0,0.0,0.0,"",""
"SKU-CRO-0042","2023-02-12",73,1,7,13,312.9,"N",0.0,0.0,0.0,"",""
"SKU-CRO-0043","2023-02-12",26,0,0,2,999.0,"N",0.0,0.0,0.0,"",""
"SKU-JAC-0044","2023-02-12",79,0,5,8,474.0,"N",0.0,0.0,0.0,"",""
"SKU-SHI-0045","2023-02-12",78,0,6,7,390.0,"N",0.0,0.0,0.0,"",""
"SKU-JAC-0046","2023-02-12",94,3,5,10,564.0,"N",0.0,0.0,0.0,"",""
"SKU-PAN-0047","2023-02-12",72,0,8,11,270.0,"N",0.0,0.0,0.0,"",""
"SKU-CRO-0048","2023-02-12",22,2,6,8,110.0,"N",0.0,0.0,0.0,"",""
"SKU-TSH-0049","2023-02-12",97,0,3,7,970.0,"N",0.0,0.0,0.0,"",""
"SKU-SHO-0050","2023-02-12",89,0,1,4,999.0,"N",0.0,0.0,0.0,"",""
"SKU-SHI-0051","2023-02-12",37,0,2,2,555.0,"N",0.0,0.0,0.0,"",""
"SKU-SHI-0052","2023-02-12",47,1,2,6,705.0,"N",0.0,0.0,0.0,"",""
"SKU-JAC-0053","2023-02-12",37,1,7,12,158.6,"N",0.0,0.0,0.0,"",""
"SKU-SHI-0054","2023-02-12",48,2,4,7,360.0,"N",0.0,0.0,0.0,"",""
"SKU-JAC-0055","2023-02-12",89,0,3,5,890.0,"N",0.0,0.0,0.0,"",""
"SKU-SHI-0001","2023-02-19",0,34,232,494,0.0,"N",0.0,0.0,0.0,"",""
"SKU-PAN-0002","2023-02-19",0,23,133,235,0.0,"N",0.0,0.0,0.0,"",""
"SKU-SHI-0003","2023-02-19",0,15,69,140,0.0,"N",132.0,1004.0,36.0,"2023-03-27","2023-03-27"
"SKU-TSH-0004","2023-02-19",0,9,59,109,0.0,"N",0.0,0.0,0.0,"",""
"SKU-CRO-0005","2023-02-19",0,5,39,85,0.0,"N",0.0,0.0,0.0,"",""
"SKU-SHI-0006","2023-02-19",0,5,37,62,0.0,"N",0.0,0.0,0.0,"",""
"SKU-CRO-0007","2023-02-19",0,8,31,55,0.0,"N",0.0,0.0,0.0,"",""
"SKU-PAN-0008","2023-02-19",0,4,34,51,0.0,"N",0.0,0.0,0.0,"",""
"SKU-PAN-0009","2023-02-19",0,5,23,39,0.0,"N",0.0,0.0,0.0,"",""
"SKU-TSH-0010","2023-02-19",0,4,19,42,0.0,"N",0.0,0.0,0.0,"",""
"SKU-SHO-0011","2023-02-19",0,3,16,32,0.0,"N",0.0,0.0,0.0,"",""
"SKU-TSH-0012","2023-02-19",0,1,9,28,0.0,"N",0.0,0.0,0.0,"",""
"SKU-SHI-0013","2023-02-19",0,4,13,23,0.0,"N",0.0,0.0,0.0,"",""
"SKU-CRO-0014","2023-02-19",0,2,16,28,0.0,"N",0.0,0.0,0.0,"",""
"SKU-SHI-0015","2023-02-19",19,3,6,19,95.0,"N",0.0,0.0,0.0,"",""
"SKU-PAN-0016","2023-02-19",6,2,5,15,36.0,"N",0.0,0.0,0.0,"",""
"SKU-SHI-0017","2023-02-19",0,4,9,19,0.0,"N",0.0,0.0,0.0,"",""
"SKU-PAN-0018","2023-02-19",31,2,6,22,155.0,"N",0.0,0.0,0.0,"",""
"SKU-CRO-0019","2023-02-19",0,2,9,15,0.0,"N",0.0,0.0,0.0,"",""
"SKU-PAN-0020","2023-02-19",2,2,8,19,7.5,"N",0.0,0.0,0.0,"",""
"SKU-PAN-0021","2023-02-19",5,1,10,19,15.0,"N",0.0,0.0,0.0,"",""
"SKU-PAN-0022","2023-02-19",26,4,8,18,97.5,"N",0.0,0.0,0.0,"",""
"SKU-SHO-0023","2023-02-19",33,3,10,23,99.0,"N",0.0,0.0,0.0,"",""
"SKU-SHI-0024","2023-02-19",0,2,11,17,0.0,"N",0.0,0.0,0.0,"",""
"SKU-JAC-0025","2023-02-19",10,1,7,14,42.9,"N",0.0,0.0,0.0,"",""
"SKU-PAN-0026","2023-02-19",25,1,5,10,150.0,"N",0.0,0.0,0.0,"",""
"SKU-JAC-0027","2023-02-19",0,1,6,14,0.0,"N",0.0,0.0,0.0,"",""
"SKU-PAN-0028","2023-02-19",28,3,8,18,105.0,"N",0.0,0.0,0.0,"",""
"SKU-TSH-0029","2023-02-19",37,3,9,13,123.3,"N",0.0,0.0,0.0,"",""
"SKU-CRO-0030","2023-02-19",6,3,6,10,30.0,"N",0.0,0.0,0.0,"",""
"SKU-JAC-0031","2023-02-19",0,0,5,12,0.0,"N",0.0,0.0,0.0,"",""
"SKU-TSH-0032","2023-02-19",52,0,2,7,780.0,"N",0.0,0.0,0.0,"",""
"SKU-SHO-0033","2023-02-19",71,0,3,7,710.0,"N",0.0,0.0,0.0,"",""
"SKU-PAN-0034","2023-02-19",30,2,6,10,150.0,"N",0.0,0.0,0.0,"",""
"SKU-CRO-0035","2023-02-19",1,0,4,9,7.5,"N",0.0,0.0,0.0,"",""
"SKU-SHI-0036","2023-02-19",86,0,1,5,999.0,"N",0.0,0.0,0.0,"",""
"SKU-CRO-0037","2023-02-19",68,0,8,15,255.0,"N",0.0,0.0,0.0,"",""
"SKU-CRO-0038","2023-02-19",1,0,3,7,10.0,"N",0.0,0.0,0.0,"",""
"SKU-SHO-0039","2023-02-19",61,1,5,11,366.0,"N",0.0,0.0,0.0,"",""
"SKU-SHO-0040","2023-02-19",87,0,1,4,999.0,"N",0.0,0.0,0.0,"",""
"SKU-TSH-0041","2023-02-19",92,1,3,7,920.0,"N",0.0,0.0,0.0,"",""
"SKU-CRO-0042","2023-02-19",73,0,7,11,312.9,"N",0.0,0.0,0.0,"",""
"SKU-CRO-0043","2023-02-19",26,0,0,1,999.0,"N",0.0,0.0,0.0,"",""
"SKU-JAC-0044","2023-02-19",78,1,6,8,390.0,"N",0.0,0.0,0.0,"",""
"SKU-SHI-0045","2023-02-19",78,0,6,6,390.0,"N",0.0,0.0,0.0,"",""
"SKU-JAC-0046","2023-02-19",93,1,6,9,465.0,"N",0.0,0.0,0.0,"",""
"SKU-PAN-0047","2023-02-19",71,1,7,12,304.3,"N",0.0,0.0,0.0,"",""
"SKU-CRO-0048","2023-02-19",21,1,3,8,210.0,"N",0.0,0.0,0.0,"",""
"SKU-TSH-0049","2023-02-19",96,1,4,8,720.0,"N",0.0,0.0,0.0,"",""
"SKU-SHO-0050","2023-02-19",88,1,2,5,999.0,"N",0.0,0.0,0.0,"",""
"SKU-SHI-0051","2023-02-19",36,1,3,3,360.0,"N",0.0,0.0,0.0,"",""
"SKU-SHI-0052","2023-02-19",46,1,3,7,460.0,"N",0.0,0.0,0.0,"",""
"SKU-JAC-0053","2023-02-19",37,0,5,10,222.0,"N",0.0,0.0,0.0,"",""
"SKU-SHI-0054","2023-02-19",47,1,4,7,352.5,"N",0.0,0.0,0.0,"",""
"SKU-JAC-0055","2023-02-19",88,1,2,6,999.0,"N",0.0,0.0,0.0,"",""
"SKU-SHI-0001","2023-02-26",0,60,226,513,0.0,"N",0.0,0.0,0.0,"",""
"SKU-PAN-0002","2023-02-26",0,27,115,240,0.0,"N",0.0,0.0,0.0,"",""
"SKU-SHI-0003","2023-02-26",0,14,63,138,0.0,"N",0.0,0.0,0.0,"",""
"SKU-TSH-0004","2023-02-26",0,12,53,111,0.0,"N",98.0,539.0,55.0,"2023-04-22","2023-04-22"
"SKU-CRO-0005","2023-02-26",0,12,38,88,0.0,"N",0.0,0.0,0.0,"",""
"SKU-SHI-0006","2023-02-26",0,7,33,63,0.0,"N",88.0,1097.0,42.0,"2023-04-07","2023-04-09"
"SKU-CRO-0007","2023-02-26",0,4,28,57,0.0,"N",0.0,0.0,0.0,"",""
"SKU-PAN-0008","2023-02-26",0,8,33,53,0.0,"N",63.0,1152.0,45.0,"2023-04-11","2023-04-12"
"SKU-PAN-0009","2023-02-26",0,3,16,40,0.0,"N",40.0,1008.0,38.0,"2023-03-31","2023-04-05"
"SKU-TSH-0010","2023-02-26",0,4,17,43,0.0,"N",50.0,782.0,44.0,"2023-04-10","2023-04-11"
"SKU-SHO-0011","2023-02-26",0,6,18,34,0.0,"N",77.0,761.0,48.0,"2023-04-15","2023-04-15"
"SKU-TSH-0012","2023-02-26",0,4,10,27,0.0,"N",0.0,0.0,0.0,"",""
"SKU-SHI-0013","2023-02-26",0,4,11,25,0.0,"N",0.0,0.0,0.0,"",""
"SKU-CRO-0014","2023-02-26",0,3,13,27,0.0,"N",0.0,0.0,0.0,"",""
"SKU-SHI-0015","2023-02-26",15,4,10,22,45.0,"N",0.0,0.0,0.0,"",""
"SKU-PAN-0016","2023-02-26",3,3,7,15,12.9,"N",58.0,970.0,32.0,"2023-03-29","2023-03-30"
"SKU-SHI-0017","2023-02-26",0,3,9,21,0.0,"N",0.0,0.0,0.0,"",""
"SKU-PAN-0018","2023-02-26",28,3,7,22,120.0,"N",0.0,0.0,0.0,"",""
"SKU-CRO-0019","2023-02-26",0,2,9,17,0.0,"N",0.0,0.0,0.0,"",""
"SKU-PAN-0020","2023-02-26",1,1,8,18,3.8,"N",0.0,0.0,0.0,"",""
"SKU-PAN-0021","2023-02-26",4,1,7,19,17.1,"N",0.0,0.0,0.0,"",""
"SKU-PAN-0022","2023-02-26",21,5,12,20,52.5,"N",0.0,0.0,0.0,"",""
"SKU-SHO-0023","2023-02-26",32,1,8,23,120.0,"N",0.0,0.0,0.0,"",""
"SKU-SHI-0024","2023-02-26",0,1,11,18,0.0,"N",0.0,0.0,0.0,"",""
"SKU-JAC-0025","2023-02-26",9,1,5,14,54.0,"N",0.0,0.0,0.0,"",""
"SKU-PAN-0026","2023-02-26",25,0,3,9,250.0,"N",0.0,0.0,0.0,"",""
"SKU-JAC-0027","2023-02-26",0,1,5,14,0.0,"N",0.0,0.0,0.0,"",""
"SKU-PAN-0028","2023-02-26",25,3,7,19,107.1,"N",0.0,0.0,0.0,"",""
"SKU-TSH-0029","2023-02-26",36,1,6,14,180.0,"N",0.0,0.0,0.0,"",""
"SKU-CRO-0030","2023-02-26",4,2,7,11,17.1,"N",40.0,621.0,36.0,"2023-04-01","2023-04-03"
"SKU-JAC-0031","2023-02-26",0,1,6,13,0.0,"N",0.0,0.0,0.0,"",""
"SKU-TSH-0032","2023-02-26",51,1,2,6,765.0,"N",0.0,0.0,0.0,"",""
"SKU-SHO-0033","2023-02-26",69,2,2,9,999.0,"N",0.0,0.0,0.0,"",""
"SKU-PAN-0034","2023-02-26",30,0,3,10,300.0,"N",0.0,0.0,0.0,"",""
"SKU-CRO-0035","2023-02-26",0,1,3,8,0.0,"N",0.0,0.0,0.0,"",""
"SKU-SHI-0036","2023-02-26",84,2,2,7,999.0,"N",0.0,0.0,0.0,"",""
"SKU-CRO-0037","2023-02-26",68,0,6,14,340.0,"N",0.0,0.0,0.0,"",""
"SKU-CRO-0038","2023-02-26",0,1,2,7,0.0,"N",40.0,1060.0,42.0,"2023-04-06","2023-04-09"
"SKU-SHO-0039","2023-02-26",61,0,3,10,610.0,"N",0.0,0.0,0.0,"",""
"SKU-SHO-0040","2023-02-26",86,1,2,4,999.0,"N",0.0,0.0,0.0,"",""
"SKU-TSH-0041","2023-02-26",92,0,3,6,920.0,"N",0.0,0.0,0.0,"",""
"SKU-CRO-0042","2023-02-26",73,0,5,10,438.0,"N",0.0,0.0,0.0,"",""
"SKU-CRO-0043","2023-02-26",24,2,2,3,360.0,"N",0.0,0.0,0.0,"",""
"SKU-JAC-0044","2023-02-26",75,3,9,10,250.0,"N",0.0,0.0,0.0,"",""
"SKU-SHI-0045","2023-02-26",77,1,6,7,385.0,"N",0.0,0.0,0.0,"",""
"SKU-JAC-0046","2023-02-26",93,0,4,7,697.5,"N",0.0,0.0,0.0,"",""
"SKU-PAN-0047","2023-02-26",71,0,4,11,532.5,"N",0.0,0.0,0.0,"",""
"SKU-CRO-0048","2023-02-26",20,1,4,8,150.0,"N",0.0,0.0,0.0,"",""
"SKU-TSH-0049","2023-02-26",94,2,5,9,564.0,"N",0.0,0.0,0.0,"",""
"SKU-SHO-0050","2023-02-26",88,0,1,5,999.0,"N",0.0,0.0,0.0,"",""
"SKU-SHI-0051","2023-02-26",34,2,4,5,255.0,"N",0.0,0.0,0.0,"",""
"SKU-SHI-0052","2023-02-26",42,4,7,10,180.0,"N",0.0,0.0,0.0,"",""
"SKU-JAC-0053","2023-02-26",36,1,4,11,270.0,"N",0.0,0.0,0.0,"",""
"SKU-SHI-0054","2023-02-26",47,0,4,7,352.5,"N",0.0,0.0,0.0,"",""
"SKU-JAC-0055","2023-02-26",88,0,1,6,999.0,"N",0.0,0.0,0.0,"",""
"SKU-SHI-0001","2023-03-05",0,44,193,485,0.0,"N",336.0,705.0,33.0,"2023-04-02","2023-04-07"
"SKU-PAN-0002","2023-03-05",0,22,99,243,0.0,"N",0.0,0.0,0.0,"",""
"SKU-SHI-0003","2023-03-05",0,14,58,139,0.0,"N",0.0,0.0,0.0,"",""
"SKU-TSH-0004","2023-03-05",0,10,48,113,0.0,"N",0.0,0.0,0.0,"",""
"SKU-CRO-0005","2023-03-05",0,7,32,86,0.0,"N",67.0,846.0,45.0,"2023-04-18","2023-04-19"
"SKU-SHI-0006","2023-03-05",0,8,27,62,0.0,"N",0.0,0.0,0.0,"",""
"SKU-CRO-0007","2023-03-05",0,6,28,57,0.0,"N",0.0,0.0,0.0,"",""
"SKU-PAN-0008","2023-03-05",0,7,27,58,0.0,"N",0.0,0.0,0.0,"",""
"SKU-PAN-0009","2023-03-05",0,4,16,40,0.0,"N",0.0,0.0,0.0,"",""
"SKU-TSH-0010","2023-03-05",0,7,18,46,0.0,"N",0.0,0.0,0.0,"",""
"SKU-SHO-0011","2023-03-05",0,5,17,37,0.0,"N",0.0,0.0,0.0,"",""
"SKU-TSH-0012","2023-03-05",0,1,7,21,0.0,"N",0.0,0.0,0.0,"",""
"SKU-SHI-0013","2023-03-05",0,5,14,29,0.0,"N",48.0,1227.0,37.0,"2023-04-09","2023-04-11"
"SKU-CRO-0014","2023-03-05",0,3,12,28,0.0,"N",40.0,756.0,38.0,"2023-04-10","2023-04-12"
"SKU-SHI-0015","2023-03-05",8,7,16,28,15.0,"N",49.0,940.0,30.0,"2023-04-02","2023-04-04"
"SKU-PAN-0016","2023-03-05",0,5,11,17,0.0,"N",0.0,0.0,0.0,"",""
"SKU-SHI-0017","2023-03-05",0,3,12,23,0.0,"N",0.0,0.0,0.0,"",""
"SKU-PAN-0018","2023-03-05",28,0,6,20,140.0,"N",0.0,0.0,0.0,"",""
"SKU-CRO-0019","2023-03-05",0,1,6,16,0.0,"N",51.0,726.0,45.0,"2023-04-19","2023-04-19"
"SKU-PAN-0020","2023-03-05",1,0,4,17,7.5,"N",40.0,1163.0,44.0,"2023-04-16","2023-04-18"
"SKU-PAN-0021","2023-03-05",3,1,4,17,22.5,"N",0.0,0.0,0.0,"",""
"SKU-PAN-0022","2023-03-05",19,2,13,22,43.8,"N",0.0,0.0,0.0,"",""
"SKU-SHO-0023","2023-03-05",31,1,7,22,132.9,"N",0.0,0.0,0.0,"",""
"SKU-SHI-0024","2023-03-05",0,3,11,18,0.0,"N",0.0,0.0,0.0,"",""
"SKU-JAC-0025","2023-03-05",9,0,4,14,67.5,"N",0.0,0.0,0.0,"",""
"SKU-PAN-0026","2023-03-05",24,1,4,10,180.0,"N",0.0,0.0,0.0,"",""
"SKU-JAC-0027","2023-03-05",0,1,5,14,0.0,"N",66.0,1871.0,41.0,"2023-04-15","2023-04-15"
"SKU-PAN-0028","2023-03-05",24,1,7,19,102.9,"N",0.0,0.0,0.0,"",""
"SKU-TSH-0029","2023-03-05",34,2,7,15,145.7,"N",0.0,0.0,0.0,"",""
"SKU-CRO-0030","2023-03-05",3,1,8,12,11.2,"N",0.0,0.0,0.0,"",""
"SKU-JAC-0031","2023-03-05",0,3,9,13,0.0,"N",60.0,1800.0,50.0,"2023-04-24","2023-04-24"
"SKU-TSH-0032","2023-03-05",50,1,3,6,500.0,"N",0.0,0.0,0.0,"",""
"SKU-SHO-0033","2023-03-05",69,0,2,8,999.0,"N",0.0,0.0,0.0,"",""
"SKU-PAN-0034","2023-03-05",30,0,3,10,300.0,"N",0.0,0.0,0.0,"",""
"SKU-CRO-0035","2023-03-05",0,1,3,7,0.0,"N",40.0,721.0,47.0,"2023-04-19","2023-04-21"
"SKU-SHI-0036","2023-03-05",83,1,3,8,830.0,"N",0.0,0.0,0.0,"",""
"SKU-CRO-0037","2023-03-05",68,0,2,12,999.0,"N",0.0,0.0,0.0,"",""
"SKU-CRO-0038","2023-03-05",0,2,3,7,0.0,"N",0.0,0.0,0.0,"",""
"SKU-SHO-0039","2023-03-05",61,0,3,9,610.0,"N",0.0,0.0,0.0,"",""
"SKU-SHO-0040","2023-03-05",86,0,1,3,999.0,"N",0.0,0.0,0.0,"",""
"SKU-TSH-0041","2023-03-05",92,0,1,4,999.0,"N",0.0,0.0,0.0,"",""
"SKU-CRO-0042","2023-03-05",72,1,2,10,999.0,"N",0.0,0.0,0.0,"",""
"SKU-CRO-0043","2023-03-05",23,1,3,3,230.0,"N",0.0,0.0,0.0,"",""
"SKU-JAC-0044","2023-03-05",74,1,5,10,444.0,"N",0.0,0.0,0.0,"",""
"SKU-SHI-0045","2023-03-05",76,1,2,8,999.0,"N",0.0,0.0,0.0,"",""
"SKU-JAC-0046","2023-03-05",91,2,6,8,455.0,"N",0.0,0.0,0.0,"",""
"SKU-PAN-0047","2023-03-05",71,0,1,11,999.0,"N",0.0,0.0,0.0,"",""
"SKU-CRO-0048","2023-03-05",19,1,5,9,114.0,"N",0.0,0.0,0.0,"",""
"SKU-TSH-0049","2023-03-05",92,2,5,8,552.0,"N",0.0,0.0,0.0,"",""
"SKU-SHO-0050","2023-03-05",86,2,3,6,860.0,"N",0.0,0.0,0.0,"",""
"SKU-SHI-0051","2023-03-05",33,1,4,6,247.5,"N",0.0,0.0,0.0,"",""
"SKU-SHI-0052","2023-03-05",42,0,6,9,210.0,"N",0.0,0.0,0.0,"",""
"SKU-JAC-0053","2023-03-05",35,1,3,11,350.0,"N",0.0,0.0,0.0,"",""
"SKU-SHI-0054","2023-03-05",46,1,5,6,276.0,"N",0.0,0.0,0.0,"",""
"SKU-JAC-0055","2023-03-05",88,0,1,5,999.0,"N",0.0,0.0,0.0,"",""
"SKU-SHI-0001","2023-03-12",0,57,206,482,0.0,"N",0.0,0.0,0.0,"",""
"SKU-PAN-0002","2023-03-12",0,24,102,237,0.0,"N",190.0,982.0,31.0,"2023-04-12","2023-04-12"
"SKU-SHI-0003","2023-03-12",0,16,63,134,0.0,"N",0.0,0.0,0.0,"",""
"SKU-TSH-0004","2023-03-12",0,11,48,111,0.0,"N",0.0,0.0,0.0,"",""
"SKU-CRO-0005","2023-03-12",0,13,38,82,0.0,"N",0.0,0.0,0.0,"",""
"SKU-SHI-0006","2023-03-12",0,6,28,65,0.0,"N",0.0,0.0,0.0,"",""
"SKU-CRO-0007","2023-03-12",0,7,25,58,0.0,"N",74.0,818.0,50.0,"2023-04-26","2023-05-01"
"SKU-PAN-0008","2023-03-12",0,7,28,63,0.0,"N",0.0,0.0,0.0,"",""
"SKU-PAN-0009","2023-03-12",0,2,14,40,0.0,"N",0.0,0.0,0.0,"",""
"SKU-TSH-0010","2023-03-12",0,2,17,41,0.0,"N",0.0,0.0,0.0,"",""
"SKU-SHO-0011","2023-03-12",0,7,21,42,0.0,"N",0.0,0.0,0.0,"",""
"SKU-TSH-0012","2023-03-12",0,1,7,21,0.0,"N",58.0,715.0,35.0,"2023-04-14","2023-04-16"
"SKU-SHI-0013","2023-03-12",0,4,17,31,0.0,"N",0.0,0.0,0.0,"",""
"SKU-CRO-0014","2023-03-12",0,2,10,28,0.0,"N",0.0,0.0,0.0,"",""
"SKU-SHI-0015","2023-03-12",8,0,14,22,17.1,"N",0.0,0.0,0.0,"",""
"SKU-PAN-0016","2023-03-12",0,1,11,16,0.0,"N",0.0,0.0,0.0,"",""
"SKU-SHI-0017","2023-03-12",0,4,15,20,0.0,"N",72.0,842.0,55.0,"2023-05-06","2023-05-06"
"SKU-PAN-0018","2023-03-12",26,2,7,17,111.4,"N",0.0,0.0,0.0,"",""
"SKU-CRO-0019","2023-03-12",0,2,7,16,0.0,"N",0.0,0.0,0.0,"",""
"SKU-PAN-0020","2023-03-12",0,1,4,13,0.0,"N",0.0,0.0,0.0,"",""
"SKU-PAN-0021","2023-03-12",0,3,6,17,0.0,"N",40.0,1216.0,53.0,"2023-04-29","2023-05-04"
"SKU-PAN-0022","2023-03-12",16,3,14,22,34.3,"N",0.0,0.0,0.0,"",""
"SKU-SHO-0023","2023-03-12",30,1,6,19,150.0,"N",0.0,0.0,0.0,"",""
"SKU-SHI-0024","2023-03-12",0,1,8,17,0.0,"N",40.0,854.0,48.0,"2023-04-29","2023-04-29"
"SKU-JAC-0025","2023-03-12",7,2,5,12,42.0,"N",0.0,0.0,0.0,"",""
"SKU-PAN-0026","2023-03-12",23,1,4,11,172.5,"N",0.0,0.0,0.0,"",""
"SKU-JAC-0027","2023-03-12",0,1,5,13,0.0,"N",0.0,0.0,0.0,"",""
"SKU-PAN-0028","2023-03-12",23,1,8,15,86.2,"N",0.0,0.0,0.0,"",""
"SKU-TSH-0029","2023-03-12",33,1,7,14,141.4,"N",0.0,0.0,0.0,"",""
"SKU-CRO-0030","2023-03-12",1,2,9,14,3.3,"N",0.0,0.0,0.0,"",""
"SKU-JAC-0031","2023-03-12",0,1,5,12,0.0,"N",0.0,0.0,0.0,"",""
"SKU-TSH-0032","2023-03-12",50,0,2,6,750.0,"N",0.0,0.0,0.0,"",""
"SKU-SHO-0033","2023-03-12",68,1,3,8,680.0,"N",0.0,0.0,0.0,"",""
"SKU-PAN-0034","2023-03-12",30,0,3,7,300.0,"N",0.0,0.0,0.0,"",""
"SKU-CRO-0035","2023-03-12",0,1,3,7,0.0,"N",0.0,0.0,0.0,"",""
"SKU-SHI-0036","2023-03-12",80,3,6,9,400.0,"N",0.0,0.0,0.0,"",""
"SKU-CRO-0037","2023-03-12",68,0,0,9,999.0,"N",0.0,0.0,0.0,"",""
"SKU-CRO-0038","2023-03-12",0,0,3,6,0.0,"N",0.0,0.0,0.0,"",""
"SKU-SHO-0039","2023-03-12",59,2,3,10,590.0,"N",0.0,0.0,0.0,"",""
"SKU-SHO-0040","2023-03-12",86,0,1,3,999.0,"N",0.0,0.0,0.0,"",""
"SKU-TSH-0041","2023-03-12",91,1,2,4,999.0,"N",0.0,0.0,0.0,"",""
"SKU-CRO-0042","2023-03-12",71,1,2,10,999.0,"N",0.0,0.0,0.0,"",""
"SKU-CRO-0043","2023-03-12",22,1,4,4,165.0,"N",0.0,0.0,0.0,"",""
"SKU-JAC-0044","2023-03-12",74,0,5,10,444.0,"N",0.0,0.0,0.0,"",""
"SKU-SHI-0045","2023-03-12",73,3,5,11,438.0,"N",0.0,0.0,0.0,"",""
"SKU-JAC-0046","2023-03-12",90,1,4,9,675.0,"N",0.0,0.0,0.0,"",""
"SKU-PAN-0047","2023-03-12",71,0,1,9,999.0,"N",0.0,0.0,0.0,"",""
"SKU-CRO-0048","2023-03-12",16,3,7,12,68.6,"N",0.0,0.0,0.0,"",""
"SKU-TSH-0049","2023-03-12",90,2,7,10,385.7,"N",0.0,0.0,0.0,"",""
"SKU-SHO-0050","2023-03-12",86,0,3,4,860.0,"N",0.0,0.0,0.0,"",""
"SKU-SHI-0051","2023-03-12",32,1,5,7,192.0,"N",0.0,0.0,0.0,"",""
"SKU-SHI-0052","2023-03-12",42,0,5,7,252.0,"N",0.0,0.0,0.0,"",""
"SKU-JAC-0053","2023-03-12",34,1,3,10,340.0,"N",0.0,0.0,0.0,"",""
"SKU-SHI-0054","2023-03-12",46,0,3,6,460.0,"N",0.0,0.0,0.0,"",""
"SKU-JAC-0055","2023-03-12",88,0,1,4,999.0,"N",0.0,0.0,0.0,"",""
"SKU-SHI-0001","2023-03-19",0,51,220,464,0.0,"N",0.0,0.0,0.0,"",""
"SKU-PAN-0002","2023-03-19",0,19,101,229,0.0,"N",0.0,0.0,0.0,"",""
"SKU-SHI-0003","2023-03-19",0,12,60,130,0.0,"N",134.0,1004.0,28.0,"2023-04-16","2023-04-16"
"SKU-TSH-0004","2023-03-19",0,7,42,103,0.0,"N",0.0,0.0,0.0,"",""
"SKU-CRO-0005","2023-03-19",0,5,39,78,0.0,"N",0.0,0.0,0.0,"",""
"SKU-SHI-0006","2023-03-19",0,5,26,64,0.0,"N",0.0,0.0,0.0,"",""
"SKU-CRO-0007","2023-03-19",0,9,29,59,0.0,"N",0.0,0.0,0.0,"",""
"SKU-PAN-0008","2023-03-19",0,5,29,62,0.0,"N",0.0,0.0,0.0,"",""
"SKU-PAN-0009","2023-03-19",0,2,11,37,0.0,"N",0.0,0.0,0.0,"",""
"SKU-TSH-0010","2023-03-19",0,3,18,37,0.0,"N",0.0,0.0,0.0,"",""
"SKU-SHO-0011","2023-03-19",0,2,20,37,0.0,"N",0.0,0.0,0.0,"",""
"SKU-TSH-0012","2023-03-19",0,2,9,18,0.0,"N",0.0,0.0,0.0,"",""
"SKU-SHI-0013","2023-03-19",0,4,17,31,0.0,"N",0.0,0.0,0.0,"",""
"SKU-CRO-0014","2023-03-19",0,3,11,28,0.0,"N",0.0,0.0,0.0,"",""
"SKU-SHI-0015","2023-03-19",7,1,12,20,17.5,"N",0.0,0.0,0.0,"",""
"SKU-PAN-0016","2023-03-19",0,2,12,17,0.0,"N",0.0,0.0,0.0,"",""
"SKU-SHI-0017","2023-03-19",0,2,14,21,0.0,"N",0.0,0.0,0.0,"",""
"SKU-PAN-0018","2023-03-19",21,5,10,16,63.0,"N",0.0,0.0,0.0,"",""
"SKU-CRO-0019","2023-03-19",0,3,9,18,0.0,"N",0.0,0.0,0.0,"",""
"SKU-PAN-0020","2023-03-19",0,3,6,13,0.0,"N",0.0,0.0,0.0,"",""
"SKU-PAN-0021","2023-03-19",0,0,5,16,0.0,"N",0.0,0.0,0.0,"",""
"SKU-PAN-0022","2023-03-19",16,0,11,19,43.6,"N",0.0,0.0,0.0,"",""
"SKU-SHO-0023","2023-03-19",26,4,7,20,111.4,"N",0.0,0.0,0.0,"",""
"SKU-SHI-0024","2023-03-19",0,3,9,20,0.0,"N",0.0,0.0,0.0,"",""
"SKU-JAC-0025","2023-03-19",6,1,5,11,36.0,"N",0.0,0.0,0.0,"",""
"SKU-PAN-0026","2023-03-19",21,2,4,12,157.5,"N",0.0,0.0,0.0,"",""
"SKU-JAC-0027","2023-03-19",0,2,5,11,0.0,"N",0.0,0.0,0.0,"",""
"SKU-PAN-0028","2023-03-19",23,0,5,13,138.0,"N",0.0,0.0,0.0,"",""
"SKU-TSH-0029","2023-03-19",32,1,6,14,160.0,"N",0.0,0.0,0.0,"",""
"SKU-CRO-0030","2023-03-19",1,0,7,12,4.3,"N",0.0,0.0,0.0,"",""
"SKU-JAC-0031","2023-03-19",0,1,6,13,0.0,"N",0.0,0.0,0.0,"",""
"SKU-TSH-0032","2023-03-19",49,1,3,6,490.0,"N",0.0,0.0,0.0,"",""
"SKU-SHO-0033","2023-03-19",66,2,5,8,396.0,"N",0.0,0.0,0.0,"",""
"SKU-PAN-0034","2023-03-19",30,0,1,7,900.0,"N",0.0,0.0,0.0,"",""
"SKU-CRO-0035","2023-03-19",0,2,5,9,0.0,"N",0.0,0.0,0.0,"",""
"SKU-SHI-0036","2023-03-19",78,2,8,10,292.5,"N",0.0,0.0,0.0,"",""
"SKU-CRO-0037","2023-03-19",67,1,1,10,999.0,"N",0.0,0.0,0.0,"",""
"SKU-CRO-0038","2023-03-19",0,1,4,7,0.0,"N",0.0,0.0,0.0,"",""
"SKU-SHO-0039","2023-03-19",59,0,3,7,590.0,"N",0.0,0.0,0.0,"",""
"SKU-SHO-0040","2023-03-19",86,0,1,2,999.0,"N",0.0,0.0,0.0,"",""
"SKU-TSH-0041","2023-03-19",89,2,3,6,890.0,"N",0.0,0.0,0.0,"",""
"SKU-CRO-0042","2023-03-19",71,0,2,9,999.0,"N",0.0,0.0,0.0,"",""
"SKU-CRO-0043","2023-03-19",21,1,5,5,126.0,"N",0.0,0.0,0.0,"",""
"SKU-JAC-0044","2023-03-19",71,3,8,13,266.2,"N",0.0,0.0,0.0,"",""
"SKU-SHI-0045","2023-03-19",72,1,6,12,360.0,"N",0.0,0.0,0.0,"",""
"SKU-JAC-0046","2023-03-19",90,0,3,9,900.0,"N",0.0,0.0,0.0,"",""
"SKU-PAN-0047","2023-03-19",70,1,2,8,999.0,"N",0.0,0.0,0.0,"",""
"SKU-CRO-0048","2023-03-19",15,1,7,11,64.3,"N",0.0,0.0,0.0,"",""
"SKU-TSH-0049","2023-03-19",90,0,6,10,450.0,"N",0.0,0.0,0.0,"",""
"SKU-SHO-0050","2023-03-19",85,1,3,5,850.0,"N",0.0,0.0,0.0,"",""
"SKU-SHI-0051","2023-03-19",31,1,5,8,186.0,"N",0.0,0.0,0.0,"",""
"SKU-SHI-0052","2023-03-19",42,0,4,7,315.0,"N",0.0,0.0,0.0,"",""
"SKU-JAC-0053","2023-03-19",33,1,4,9,247.5,"N",0.0,0.0,0.0,"",""
"SKU-SHI-0054","2023-03-19",44,2,3,8,440.0,"N",0.0,0.0,0.0,"",""
"SKU-JAC-0055","2023-03-19",88,0,1,3,999.0,"N",0.0,0.0,0.0,"",""
"SKU-SHI-0001","2023-03-26",0,48,221,450,0.0,"N",0.0,0.0,0.0,"",""
"SKU-PAN-0002","2023-03-26",0,24,96,214,0.0,"N",0.0,0.0,0.0,"",""
"SKU-SHI-0003","2023-03-26",0,17,63,127,0.0,"N",0.0,0.0,0.0,"",""
"SKU-TSH-0004","2023-03-26",0,9,39,96,0.0,"N",82.0,539.0,44.0,"2023-05-06","2023-05-09"
"SKU-CRO-0005","2023-03-26",0,7,35,72,0.0,"N",0.0,0.0,0.0,"",""
"SKU-SHI-0006","2023-03-26",0,9,31,65,0.0,"N",104.0,1097.0,55.0,"2023-05-18","2023-05-20"
"SKU-CRO-0007","2023-03-26",0,7,30,59,0.0,"N",0.0,0.0,0.0,"",""
"SKU-PAN-0008","2023-03-26",0,9,30,63,0.0,"N",79.0,1152.0,50.0,"2023-05-10","2023-05-15"
"SKU-PAN-0009","2023-03-26",0,2,10,30,0.0,"N",40.0,1008.0,52.0,"2023-05-17","2023-05-17"
"SKU-TSH-0010","2023-03-26",0,5,18,35,0.0,"N",70.0,782.0,42.0,"2023-05-05","2023-05-07"
"SKU-SHO-0011","2023-03-26",0,6,22,40,0.0,"N",49.0,761.0,51.0,"2023-05-11","2023-05-16"
"SKU-TSH-0012","2023-03-26",0,1,5,16,0.0,"N",0.0,0.0,0.0,"",""
"SKU-SHI-0013","2023-03-26",0,0,15,26,0.0,"N",0.0,0.0,0.0,"",""
"SKU-CRO-0014","2023-03-26",0,2,13,25,0.0,"N",0.0,0.0,0.0,"",""
"SKU-SHI-0015","2023-03-26",5,2,11,20,13.6,"N",0.0,0.0,0.0,"",""
"SKU-PAN-0016","2023-03-26",0,0,8,15,0.0,"N",42.0,970.0,31.0,"2023-04-26","2023-04-26"
"SKU-SHI-0017","2023-03-26",0,1,11,20,0.0,"N",0.0,0.0,0.0,"",""
"SKU-PAN-0018","2023-03-26",20,1,8,15,75.0,"N",0.0,0.0,0.0,"",""
"SKU-CRO-0019","2023-03-26",0,0,6,17,0.0,"N",0.0,0.0,0.0,"",""
"SKU-PAN-0020","2023-03-26",0,4,8,16,0.0,"N",0.0,0.0,0.0,"",""
"SKU-PAN-0021","2023-03-26",0,2,6,15,0.0,"N",0.0,0.0,0.0,"",""
"SKU-PAN-0022","2023-03-26",11,5,10,23,33.0,"N",0.0,0.0,0.0,"",""
"SKU-SHO-0023","2023-03-26",24,2,9,16,80.0,"N",0.0,0.0,0.0,"",""
"SKU-SHI-0024","2023-03-26",0,0,7,18,0.0,"N",0.0,0.0,0.0,"",""
"SKU-JAC-0025","2023-03-26",4,2,5,11,24.0,"N",0.0,0.0,0.0,"",""
"SKU-PAN-0026","2023-03-26",20,1,5,8,120.0,"N",0.0,0.0,0.0,"",""
"SKU-JAC-0027","2023-03-26",0,0,4,9,0.0,"N",0.0,0.0,0.0,"",""
"SKU-PAN-0028","2023-03-26",23,0,5,10,138.0,"N",0.0,0.0,0.0,"",""
"SKU-TSH-0029","2023-03-26",30,2,6,13,150.0,"N",0.0,0.0,0.0,"",""
"SKU-CRO-0030","2023-03-26",0,1,4,12,0.0,"N",41.0,621.0,47.0,"2023-05-12","2023-05-12"
"SKU-JAC-0031","2023-03-26",0,1,6,12,0.0,"N",0.0,0.0,0.0,"",""
"SKU-TSH-0032","2023-03-26",47,2,4,7,352.5,"N",0.0,0.0,0.0,"",""
"SKU-SHO-0033","2023-03-26",65,1,5,8,390.0,"N",0.0,0.0,0.0,"",""
"SKU-PAN-0034","2023-03-26",28,2,2,5,420.0,"N",0.0,0.0,0.0,"",""
"SKU-CRO-0035","2023-03-26",0,1,6,8,0.0,"N",0.0,0.0,0.0,"",""
"SKU-SHI-0036","2023-03-26",78,0,6,8,390.0,"N",0.0,0.0,0.0,"",""
"SKU-CRO-0037","2023-03-26",67,0,1,7,999.0,"N",0.0,0.0,0.0,"",""
"SKU-CRO-0038","2023-03-26",0,1,4,7,0.0,"N",40.0,1060.0,47.0,"2023-05-12","2023-05-12"
"SKU-SHO-0039","2023-03-26",59,0,2,5,885.0,"N",0.0,0.0,0.0,"",""
"SKU-SHO-0040","2023-03-26",85,1,1,3,999.0,"N",0.0,0.0,0.0,"",""
"SKU-TSH-0041","2023-03-26",87,2,5,8,522.0,"N",0.0,0.0,0.0,"",""
"SKU-CRO-0042","2023-03-26",71,0,2,8,999.0,"N",0.0,0.0,0.0,"",""
"SKU-CRO-0043","2023-03-26",21,0,3,5,210.0,"N",0.0,0.0,0.0,"",""
"SKU-JAC-0044","2023-03-26",71,0,4,13,532.5,"N",0.0,0.0,0.0,"",""
"SKU-SHI-0045","2023-03-26",71,1,7,12,304.3,"N",0.0,0.0,0.0,"",""
"SKU-JAC-0046","2023-03-26",90,0,3,8,900.0,"N",0.0,0.0,0.0,"",""
"SKU-PAN-0047","2023-03-26",68,2,3,8,680.0,"N",0.0,0.0,0.0,"",""
"SKU-CRO-0048","2023-03-26",15,0,5,9,90.0,"N",0.0,0.0,0.0,"",""
"SKU-TSH-0049","2023-03-26",90,0,4,9,675.0,"N",0.0,0.0,0.0,"",""
"SKU-SHO-0050","2023-03-26",85,0,3,5,850.0,"N",0.0,0.0,0.0,"",""
"SKU-SHI-0051","2023-03-26",30,1,5,8,180.0,"N",0.0,0.0,0.0,"",""
"SKU-SHI-0052","2023-03-26",42,0,2,7,630.0,"N",0.0,0.0,0.0,"",""
"SKU-JAC-0053","2023-03-26",32,1,5,8,192.0,"N",0.0,0.0,0.0,"",""
"SKU-SHI-0054","2023-03-26",44,0,3,7,440.0,"N",0.0,0.0,0.0,"",""
"SKU-JAC-0055","2023-03-26",88,0,0,1,999.0,"N",0.0,0.0,0.0,"",""
"SKU-SHI-0001","2023-04-02",0,53,219,419,0.0,"N",362.0,705.0,28.0,"2023-04-30","2023-04-30"
"SKU-PAN-0002","2023-04-02",0,26,96,199,0.0,"N",0.0,0.0,0.0,"",""
"SKU-SHI-0003","2023-04-02",0,16,65,124,0.0,"N",0.0,0.0,0.0,"",""
"SKU-TSH-0004","2023-04-02",0,5,36,87,0.0,"N",0.0,0.0,0.0,"",""
"SKU-CRO-0005","2023-04-02",0,14,41,75,0.0,"N",108.0,846.0,56.0,"2023-05-26","2023-05-28"
"SKU-SHI-0006","2023-04-02",0,13,35,62,0.0,"N",0.0,0.0,0.0,"",""
"SKU-CRO-0007","2023-04-02",0,7,32,60,0.0,"N",0.0,0.0,0.0,"",""
"SKU-PAN-0008","2023-04-02",0,3,25,52,0.0,"N",0.0,0.0,0.0,"",""
"SKU-PAN-0009","2023-04-02",0,3,11,26,0.0,"N",0.0,0.0,0.0,"",""
"SKU-TSH-0010","2023-04-02",0,6,16,36,0.0,"N",0.0,0.0,0.0,"",""
"SKU-SHO-0011","2023-04-02",0,2,19,35,0.0,"N",0.0,0.0,0.0,"",""
"SKU-TSH-0012","2023-04-02",0,2,6,13,0.0,"N",0.0,0.0,0.0,"",""
"SKU-SHI-0013","2023-04-02",0,4,12,26,0.0,"N",60.0,1227.0,46.0,"2023-05-18","2023-05-18"
"SKU-CRO-0014","2023-04-02",0,7,14,27,0.0,"N",52.0,756.0,34.0,"2023-05-05","2023-05-06"
"SKU-SHI-0015","2023-04-02",0,5,8,24,0.0,"N",49.0,940.0,32.0,"2023-05-04","2023-05-04"
"SKU-PAN-0016","2023-04-02",0,2,6,16,0.0,"N",0.0,0.0,0.0,"",""
"SKU-SHI-0017","2023-04-02",0,3,12,22,0.0,"N",0.0,0.0,0.0,"",""
"SKU-PAN-0018","2023-04-02",18,2,10,16,54.0,"N",0.0,0.0,0.0,"",""
"SKU-CRO-0019","2023-04-02",0,2,7,13,0.0,"N",40.0,726.0,41.0,"2023-05-11","2023-05-13"
"SKU-PAN-0020","2023-04-02",0,4,12,16,0.0,"N",40.0,1163.0,44.0,"2023-05-13","2023-05-16"
"SKU-PAN-0021","2023-04-02",0,0,5,10,0.0,"N",0.0,0.0,0.0,"",""
"SKU-PAN-0022","2023-04-02",10,1,10,22,30.0,"N",0.0,0.0,0.0,"",""
"SKU-SHO-0023","2023-04-02",24,0,7,14,102.9,"N",0.0,0.0,0.0,"",""
"SKU-SHI-0024","2023-04-02",0,3,9,18,0.0,"N",0.0,0.0,0.0,"",""
"SKU-JAC-0025","2023-04-02",4,0,5,10,24.0,"N",0.0,0.0,0.0,"",""
"SKU-PAN-0026","2023-04-02",19,1,6,9,95.0,"N",0.0,0.0,0.0,"",""
"SKU-JAC-0027","2023-04-02",0,1,4,9,0.0,"N",47.0,1871.0,32.0,"2023-05-03","2023-05-04"
"SKU-PAN-0028","2023-04-02",22,1,3,9,220.0,"N",0.0,0.0,0.0,"",""
"SKU-TSH-0029","2023-04-02",28,2,6,13,140.0,"N",0.0,0.0,0.0,"",""
"SKU-CRO-0030","2023-04-02",0,3,6,14,0.0,"N",0.0,0.0,0.0,"",""
"SKU-JAC-0031","2023-04-02",0,1,5,13,0.0,"N",40.0,1800.0,38.0,"2023-05-08","2023-05-10"
"SKU-TSH-0032","2023-04-02",46,1,4,7,345.0,"N",0.0,0.0,0.0,"",""
"SKU-SHO-0033","2023-04-02",63,2,6,8,315.0,"N",0.0,0.0,0.0,"",""
"SKU-PAN-0034","2023-04-02",28,0,2,5,420.0,"N",0.0,0.0,0.0,"",""
"SKU-CRO-0035","2023-04-02",0,3,8,10,0.0,"N",68.0,721.0,30.0,"2023-05-02","2023-05-02"
"SKU-SHI-0036","2023-04-02",78,0,5,8,468.0,"N",0.0,0.0,0.0,"",""
"SKU-CRO-0037","2023-04-02",67,0,1,5,999.0,"N",0.0,0.0,0.0,"",""
"SKU-CRO-0038","2023-04-02",0,0,4,6,0.0,"N",0.0,0.0,0.0,"",""
"SKU-SHO-0039","2023-04-02",59,0,2,5,885.0,"N",0.0,0.0,0.0,"",""
"SKU-SHO-0040","2023-04-02",84,1,2,3,999.0,"N",0.0,0.0,0.0,"",""
"SKU-TSH-0041","2023-04-02",85,2,7,8,364.3,"N",0.0,0.0,0.0,"",""
"SKU-CRO-0042","2023-04-02",70,1,3,7,700.0,"N",0.0,0.0,0.0,"",""
"SKU-CRO-0043","2023-04-02",21,0,3,5,210.0,"N",0.0,0.0,0.0,"",""
"SKU-JAC-0044","2023-04-02",70,1,4,9,525.0,"N",0.0,0.0,0.0,"",""
"SKU-SHI-0045","2023-04-02",71,0,5,7,426.0,"N",0.0,0.0,0.0,"",""
"SKU-JAC-0046","2023-04-02",88,2,4,9,660.0,"N",0.0,0.0,0.0,"",""
"SKU-PAN-0047","2023-04-02",68,0,3,4,680.0,"N",0.0,0.0,0.0,"",""
"SKU-CRO-0048","2023-04-02",13,2,6,11,65.0,"N",0.0,0.0,0.0,"",""
"SKU-TSH-0049","2023-04-02",90,0,3,7,900.0,"N",0.0,0.0,0.0,"",""
"SKU-SHO-0050","2023-04-02",85,0,1,4,999.0,"N",0.0,0.0,0.0,"",""
"SKU-SHI-0051","2023-04-02",30,0,3,7,300.0,"N",0.0,0.0,0.0,"",""
"SKU-SHI-0052","2023-04-02",41,1,1,7,999.0,"N",0.0,0.0,0.0,"",""
"SKU-JAC-0053","2023-04-02",31,1,4,9,232.5,"N",0.0,0.0,0.0,"",""
"SKU-SHI-0054","2023-04-02",44,0,2,7,660.0,"N",0.0,0.0,0.0,"",""
"SKU-JAC-0055","2023-04-02",87,1,1,2,999.0,"N",0.0,0.0,0.0,"",""
"SKU-SHI-0001","2023-04-09",0,61,235,435,0.0,"N",0.0,0.0,0.0,"",""
"SKU-PAN-0002","2023-04-09",0,26,106,203,0.0,"N",184.0,982.0,33.0,"2023-05-11","2023-05-12"
"SKU-SHI-0003","2023-04-09",0,11,62,121,0.0,"N",0.0,0.0,0.0,"",""
"SKU-TSH-0004","2023-04-09",0,14,42,86,0.0,"N",0.0,0.0,0.0,"",""
"SKU-CRO-0005","2023-04-09",0,8,36,73,0.0,"N",0.0,0.0,0.0,"",""
"SKU-SHI-0006","2023-04-09",0,7,36,63,0.0,"N",0.0,0.0,0.0,"",""
"SKU-CRO-0007","2023-04-09",0,7,32,57,0.0,"N",100.0,818.0,51.0,"2023-05-30","2023-05-30"
"SKU-PAN-0008","2023-04-09",0,4,23,51,0.0,"N",0.0,0.0,0.0,"",""
"SKU-PAN-0009","2023-04-09",0,5,12,28,0.0,"N",0.0,0.0,0.0,"",""
"SKU-TSH-0010","2023-04-09",0,5,19,38,0.0,"N",0.0,0.0,0.0,"",""
"SKU-SHO-0011","2023-04-09",0,3,14,34,0.0,"N",0.0,0.0,0.0,"",""
"SKU-TSH-0012","2023-04-09",0,2,8,14,0.0,"N",67.0,715.0,51.0,"2023-05-29","2023-05-30"
"SKU-SHI-0013","2023-04-09",0,5,14,30,0.0,"N",0.0,0.0,0.0,"",""
"SKU-CRO-0014","2023-04-09",0,1,13,25,0.0,"N",0.0,0.0,0.0,"",""
"SKU-SHI-0015","2023-04-09",0,2,10,24,0.0,"N",0.0,0.0,0.0,"",""
"SKU-PAN-0016","2023-04-09",0,4,9,20,0.0,"N",0.0,0.0,0.0,"",""
"SKU-SHI-0017","2023-04-09",0,4,10,25,0.0,"N",67.0,842.0,34.0,"2023-05-10","2023-05-13"
"SKU-PAN-0018","2023-04-09",12,6,14,22,25.7,"N",0.0,0.0,0.0,"",""
"SKU-CRO-0019","2023-04-09",0,5,10,18,0.0,"N",0.0,0.0,0.0,"",""
"SKU-PAN-0020","2023-04-09",0,1,12,16,0.0,"N",0.0,0.0,0.0,"",""
"SKU-PAN-0021","2023-04-09",0,4,7,12,0.0,"N",50.0,1216.0,40.0,"2023-05-14","2023-05-19"
"SKU-PAN-0022","2023-04-09",8,2,9,23,26.7,"N",0.0,0.0,0.0,"",""
"SKU-SHO-0023","2023-04-09",23,1,7,13,98.6,"N",0.0,0.0,0.0,"",""
"SKU-SHI-0024","2023-04-09",0,3,10,17,0.0,"N",44.0,854.0,50.0,"2023-05-28","2023-05-29"
"SKU-JAC-0025","2023-04-09",0,4,7,12,0.0,"N",54.0,1639.0,39.0,"2023-05-15","2023-05-18"
"SKU-PAN-0026","2023-04-09",19,0,4,9,142.5,"N",0.0,0.0,0.0,"",""
"SKU-JAC-0027","2023-04-09",0,3,6,11,0.0,"N",0.0,0.0,0.0,"",""
"SKU-PAN-0028","2023-04-09",22,0,1,9,660.0,"N",0.0,0.0,0.0,"",""
"SKU-TSH-0029","2023-04-09",26,2,7,14,111.4,"N",0.0,0.0,0.0,"",""
"SKU-CRO-0030","2023-04-09",0,0,5,13,0.0,"N",0.0,0.0,0.0,"",""
"SKU-JAC-0031","2023-04-09",0,1,4,9,0.0,"N",0.0,0.0,0.0,"",""
"SKU-TSH-0032","2023-04-09",44,2,6,8,220.0,"N",0.0,0.0,0.0,"",""
"SKU-SHO-0033","2023-04-09",62,1,6,9,310.0,"N",0.0,0.0,0.0,"",""
"SKU-PAN-0034","2023-04-09",28,0,2,5,420.0,"N",0.0,0.0,0.0,"",""
"SKU-CRO-0035","2023-04-09",0,2,8,11,0.0,"N",0.0,0.0,0.0,"",""
"SKU-SHI-0036","2023-04-09",75,3,6,11,375.0,"N",0.0,0.0,0.0,"",""
"SKU-CRO-0037","2023-04-09",66,1,2,3,990.0,"N",0.0,0.0,0.0,"",""
"SKU-CRO-0038","2023-04-09",0,1,3,6,0.0,"N",0.0,0.0,0.0,"",""
"SKU-SHO-0039","2023-04-09",57,2,3,6,570.0,"N",0.0,0.0,0.0,"",""
"SKU-SHO-0040","2023-04-09",83,1,3,4,830.0,"N",0.0,0.0,0.0,"",""
"SKU-TSH-0041","2023-04-09",85,0,7,8,364.3,"N",0.0,0.0,0.0,"",""
"SKU-CRO-0042","2023-04-09",67,3,4,7,502.5,"N",0.0,0.0,0.0,"",""
"SKU-CRO-0043","2023-04-09",21,0,1,5,630.0,"N",0.0,0.0,0.0,"",""
"SKU-JAC-0044","2023-04-09",68,2,6,11,340.0,"N",0.0,0.0,0.0,"",""
"SKU-SHI-0045","2023-04-09",71,0,2,7,999.0,"N",0.0,0.0,0.0,"",""
"SKU-JAC-0046","2023-04-09",87,1,3,9,870.0,"N",0.0,0.0,0.0,"",""
"SKU-PAN-0047","2023-04-09",67,1,4,5,502.5,"N",0.0,0.0,0.0,"",""
"SKU-CRO-0048","2023-04-09",12,1,6,12,60.0,"N",0.0,0.0,0.0,"",""
"SKU-TSH-0049","2023-04-09",89,1,2,8,999.0,"N",0.0,0.0,0.0,"",""
"SKU-SHO-0050","2023-04-09",84,1,2,5,999.0,"N",0.0,0.0,0.0,"",""
"SKU-SHI-0051","2023-04-09",29,1,3,8,290.0,"N",0.0,0.0,0.0,"",""
"SKU-SHI-0052","2023-04-09",41,0,1,7,999.0,"N",0.0,0.0,0.0,"",""
"SKU-JAC-0053","2023-04-09",29,2,5,8,174.0,"N",0.0,0.0,0.0,"",""
"SKU-SHI-0054","2023-04-09",43,1,3,7,430.0,"N",0.0,0.0,0.0,"",""
"SKU-JAC-0055","2023-04-09",86,1,2,3,999.0,"N",0.0,0.0,0.0,"",""
"SKU-SHI-0001","2023-04-16",0,60,239,449,0.0,"N",0.0,0.0,0.0,"",""
"SKU-PAN-0002","2023-04-16",0,24,107,205,0.0,"N",0.0,0.0,0.0,"",""
"SKU-SHI-0003","2023-04-16",0,20,64,129,0.0,"N",139.0,1004.0,41.0,"2023-05-25","2023-05-27"
"SKU-TSH-0004","2023-04-16",0,13,43,86,0.0,"N",0.0,0.0,0.0,"",""
"SKU-CRO-0005","2023-04-16",0,9,39,80,0.0,"N",0.0,0.0,0.0,"",""
"SKU-SHI-0006","2023-04-16",0,16,45,72,0.0,"N",0.0,0.0,0.0,"",""
"SKU-CRO-0007","2023-04-16",0,9,31,62,0.0,"N",0.0,0.0,0.0,"",""
"SKU-PAN-0008","2023-04-16",0,7,26,52,0.0,"N",0.0,0.0,0.0,"",""
"SKU-PAN-0009","2023-04-16",0,2,12,24,0.0,"N",0.0,0.0,0.0,"",""
"SKU-TSH-0010","2023-04-16",0,9,28,44,0.0,"N",0.0,0.0,0.0,"",""
"SKU-SHO-0011","2023-04-16",0,3,16,37,0.0,"N",0.0,0.0,0.0,"",""
"SKU-TSH-0012","2023-04-16",0,5,12,19,0.0,"N",0.0,0.0,0.0,"",""
"SKU-SHI-0013","2023-04-16",0,2,12,29,0.0,"N",0.0,0.0,0.0,"",""
"SKU-CRO-0014","2023-04-16",0,5,16,26,0.0,"N",0.0,0.0,0.0,"",""
"SKU-SHI-0015","2023-04-16",0,4,13,25,0.0,"N",0.0,0.0,0.0,"",""
"SKU-PAN-0016","2023-04-16",0,3,9,22,0.0,"N",0.0,0.0,0.0,"",""
"SKU-SHI-0017","2023-04-16",0,6,15,28,0.0,"N",0.0,0.0,0.0,"",""
"SKU-PAN-0018","2023-04-16",9,3,13,23,20.8,"N",0.0,0.0,0.0,"",""
"SKU-CRO-0019","2023-04-16",0,1,8,17,0.0,"N",0.0,0.0,0.0,"",""
"SKU-PAN-0020","2023-04-16",0,3,12,18,0.0,"N",0.0,0.0,0.0,"",""
"SKU-PAN-0021","2023-04-16",0,2,8,13,0.0,"N",0.0,0.0,0.0,"",""
"SKU-PAN-0022","2023-04-16",4,4,12,24,10.0,"N",56.0,1076.0,55.0,"2023-06-10","2023-06-10"
"SKU-SHO-0023","2023-04-16",20,3,6,14,100.0,"N",0.0,0.0,0.0,"",""
"SKU-SHI-0024","2023-04-16",0,1,8,17,0.0,"N",0.0,0.0,0.0,"",""
"SKU-JAC-0025","2023-04-16",0,3,9,14,0.0,"N",0.0,0.0,0.0,"",""
"SKU-PAN-0026","2023-04-16",17,2,5,8,102.0,"N",0.0,0.0,0.0,"",""
"SKU-JAC-0027","2023-04-16",0,2,7,11,0.0,"N",0.0,0.0,0.0,"",""
"SKU-PAN-0028","2023-04-16",20,2,3,9,200.0,"N",0.0,0.0,0.0,"",""
"SKU-TSH-0029","2023-04-16",24,2,8,16,90.0,"N",0.0,0.0,0.0,"",""
"SKU-CRO-0030","2023-04-16",0,1,5,12,0.0,"N",0.0,0.0,0.0,"",""
"SKU-JAC-0031","2023-04-16",0,3,6,12,0.0,"N",0.0,0.0,0.0,"",""
"SKU-TSH-0032","2023-04-16",44,0,5,8,264.0,"N",0.0,0.0,0.0,"",""
"SKU-SHO-0033","2023-04-16",61,1,5,10,366.0,"N",0.0,0.0,0.0,"",""
"SKU-PAN-0034","2023-04-16",27,1,3,4,270.0,"N",0.0,0.0,0.0,"",""
"SKU-CRO-0035","2023-04-16",0,1,7,12,0.0,"N",0.0,0.0,0.0,"",""
"SKU-SHI-0036","2023-04-16",73,2,5,13,438.0,"N",0.0,0.0,0.0,"",""
"SKU-CRO-0037","2023-04-16",66,0,2,2,990.0,"N",0.0,0.0,0.0,"",""
"SKU-CRO-0038","2023-04-16",0,1,3,7,0.0,"N",0.0,0.0,0.0,"",""
"SKU-SHO-0039","2023-04-16",57,0,2,5,855.0,"N",0.0,0.0,0.0,"",""
"SKU-SHO-0040","2023-04-16",81,2,5,6,486.0,"N",0.0,0.0,0.0,"",""
"SKU-TSH-0041","2023-04-16",84,1,6,8,420.0,"N",0.0,0.0,0.0,"",""
"SKU-CRO-0042","2023-04-16",67,0,4,6,502.5,"N",0.0,0.0,0.0,"",""
"SKU-CRO-0043","2023-04-16",19,2,2,7,285.0,"N",0.0,0.0,0.0,"",""
"SKU-JAC-0044","2023-04-16",68,0,3,11,680.0,"N",0.0,0.0,0.0,"",""
"SKU-SHI-0045","2023-04-16",68,3,4,10,510.0,"N",0.0,0.0,0.0,"",""
"SKU-JAC-0046","2023-04-16",86,1,4,8,645.0,"N",0.0,0.0,0.0,"",""
"SKU-PAN-0047","2023-04-16",66,1,4,6,495.0,"N",0.0,0.0,0.0,"",""
"SKU-CRO-0048","2023-04-16",11,1,5,11,66.0,"N",0.0,0.0,0.0,"",""
"SKU-TSH-0049","2023-04-16",89,0,1,7,999.0,"N",0.0,0.0,0.0,"",""
"SKU-SHO-0050","2023-04-16",82,2,4,6,615.0,"N",0.0,0.0,0.0,"",""
"SKU-SHI-0051","2023-04-16",29,0,2,7,435.0,"N",0.0,0.0,0.0,"",""
"SKU-SHI-0052","2023-04-16",41,0,1,6,999.0,"N",0.0,0.0,0.0,"",""
"SKU-JAC-0053","2023-04-16",28,1,6,9,140.0,"N",0.0,0.0,0.0,"",""
"SKU-SHI-0054","2023-04-16",42,1,2,5,630.0,"N",0.0,0.0,0.0,"",""
"SKU-JAC-0055","2023-04-16",86,0,2,3,999.0,"N",0.0,0.0,0.0,"",""
"SKU-SHI-0001","2023-04-23",0,56,249,468,0.0,"N",0.0,0.0,0.0,"",""
"SKU-PAN-0002","2023-04-23",0,39,121,218,0.0,"N",0.0,0.0,0.0,"",""
"SKU-SHI-0003","2023-04-23",0,25,81,140,0.0,"N",0.0,0.0,0.0,"",""
"SKU-TSH-0004","2023-04-23",0,14,50,87,0.0,"N",133.0,539.0,46.0,"2023-06-07","2023-06-08"
"SKU-CRO-0005","2023-04-23",0,13,48,82,0.0,"N",0.0,0.0,0.0,"",""
"SKU-SHI-0006","2023-04-23",0,7,47,77,0.0,"N",112.0,1097.0,33.0,"2023-05-23","2023-05-26"
"SKU-CRO-0007","2023-04-23",0,8,34,62,0.0,"N",0.0,0.0,0.0,"",""
"SKU-PAN-0008","2023-04-23",0,4,23,51,0.0,"N",54.0,1152.0,50.0,"2023-06-09","2023-06-12"
"SKU-PAN-0009","2023-04-23",0,7,19,27,0.0,"N",54.0,1008.0,45.0,"2023-06-07","2023-06-07"
"SKU-TSH-0010","2023-04-23",0,4,26,44,0.0,"N",53.0,782.0,33.0,"2023-05-23","2023-05-26"
"SKU-SHO-0011","2023-04-23",0,2,13,34,0.0,"N",78.0,761.0,55.0,"2023-06-12","2023-06-17"
"SKU-TSH-0012","2023-04-23",0,7,16,24,0.0,"N",0.0,0.0,0.0,"",""
"SKU-SHI-0013","2023-04-23",0,6,17,34,0.0,"N",0.0,0.0,0.0,"",""
"SKU-CRO-0014","2023-04-23",0,2,15,28,0.0,"N",0.0,0.0,0.0,"",""
"SKU-SHI-0015","2023-04-23",0,3,15,26,0.0,"N",0.0,0.0,0.0,"",""
"SKU-PAN-0016","2023-04-23",0,3,12,20,0.0,"N",62.0,970.0,45.0,"2023-06-06","2023-06-07"
"SKU-SHI-0017","2023-04-23",0,5,18,29,0.0,"N",0.0,0.0,0.0,"",""
"SKU-PAN-0018","2023-04-23",8,1,13,21,18.5,"N",0.0,0.0,0.0,"",""
"SKU-CRO-0019","2023-04-23",0,2,10,18,0.0,"N",0.0,0.0,0.0,"",""
"SKU-PAN-0020","2023-04-23",0,4,12,21,0.0,"N",0.0,0.0,0.0,"",""
"SKU-PAN-0021","2023-04-23",0,5,12,17,0.0,"N",0.0,0.0,0.0,"",""
"SKU-PAN-0022","2023-04-23",0,6,16,27,0.0,"N",0.0,0.0,0.0,"",""
"SKU-SHO-0023","2023-04-23",18,2,6,15,90.0,"N",0.0,0.0,0.0,"",""
"SKU-SHI-0024","2023-04-23",0,2,9,16,0.0,"N",0.0,0.0,0.0,"",""
"SKU-JAC-0025","2023-04-23",0,1,9,13,0.0,"N",0.0,0.0,0.0,"",""
"SKU-PAN-0026","2023-04-23",16,1,4,9,120.0,"N",0.0,0.0,0.0,"",""
"SKU-JAC-0027","2023-04-23",0,1,7,12,0.0,"N",0.0,0.0,0.0,"",""
"SKU-PAN-0028","2023-04-23",19,1,4,9,142.5,"N",0.0,0.0,0.0,"",""
"SKU-TSH-0029","2023-04-23",23,1,8,13,86.2,"N",0.0,0.0,0.0,"",""
"SKU-CRO-0030","2023-04-23",0,0,4,10,0.0,"N",52.0,621.0,59.0,"2023-06-16","2023-06-21"
"SKU-JAC-0031","2023-04-23",0,0,6,11,0.0,"N",0.0,0.0,0.0,"",""
"SKU-TSH-0032","2023-04-23",43,1,5,8,258.0,"N",0.0,0.0,0.0,"",""
"SKU-SHO-0033","2023-04-23",60,1,5,11,360.0,"N",0.0,0.0,0.0,"",""
"SKU-PAN-0034","2023-04-23",26,1,2,4,390.0,"N",0.0,0.0,0.0,"",""
"SKU-CRO-0035","2023-04-23",0,4,11,16,0.0,"N",0.0,0.0,0.0,"",""
"SKU-SHI-0036","2023-04-23",73,0,5,12,438.0,"N",0.0,0.0,0.0,"",""
"SKU-CRO-0037","2023-04-23",66,0,1,2,999.0,"N",0.0,0.0,0.0,"",""
"SKU-CRO-0038","2023-04-23",0,2,4,9,0.0,"N",40.0,1060.0,28.0,"2023-05-21","2023-05-21"
"SKU-SHO-0039","2023-04-23",57,0,2,4,855.0,"N",0.0,0.0,0.0,"",""
"SKU-SHO-0040","2023-04-23",77,4,8,9,288.8,"N",0.0,0.0,0.0,"",""
"SKU-TSH-0041","2023-04-23",84,0,4,8,630.0,"N",0.0,0.0,0.0,"",""
"SKU-CRO-0042","2023-04-23",66,1,5,7,396.0,"N",0.0,0.0,0.0,"",""
"SKU-CRO-0043","2023-04-23",18,1,3,7,180.0,"N",0.0,0.0,0.0,"",""
"SKU-JAC-0044","2023-04-23",66,2,5,10,396.0,"N",0.0,0.0,0.0,"",""
"SKU-SHI-0045","2023-04-23",67,1,4,11,502.5,"N",0.0,0.0,0.0,"",""
"SKU-JAC-0046","2023-04-23",85,1,5,8,510.0,"N",0.0,0.0,0.0,"",""
"SKU-PAN-0047","2023-04-23",64,2,4,7,480.0,"N",0.0,0.0,0.0,"",""
"SKU-CRO-0048","2023-04-23",10,1,5,10,60.0,"N",0.0,0.0,0.0,"",""
"SKU-TSH-0049","2023-04-23",89,0,1,6,999.0,"N",0.0,0.0,0.0,"",""
"SKU-SHO-0050","2023-04-23",81,1,4,7,607.5,"N",0.0,0.0,0.0,"",""
"SKU-SHI-0051","2023-04-23",28,1,3,8,280.0,"N",0.0,0.0,0.0,"",""
"SKU-SHI-0052","2023-04-23",40,1,2,5,600.0,"N",0.0,0.0,0.0,"",""
"SKU-JAC-0053","2023-04-23",27,1,6,10,135.0,"N",0.0,0.0,0.0,"",""
"SKU-SHI-0054","2023-04-23",41,1,3,6,410.0,"N",0.0,0.0,0.0,"",""
"SKU-JAC-0055","2023-04-23",85,1,3,3,850.0,"N",0.0,0.0,0.0,"",""
"SKU-SHI-0001","2023-04-30",0,64,269,474,0.0,"N",418.0,705.0,46.0,"2023-06-15","2023-06-15"
"SKU-PAN-0002","2023-04-30",0,21,123,216,0.0,"N",0.0,0.0,0.0,"",""
"SKU-SHI-0003","2023-04-30",0,22,86,148,0.0,"N",0.0,0.0,0.0,"",""
"SKU-TSH-0004","2023-04-30",0,21,65,102,0.0,"N",0.0,0.0,0.0,"",""
"SKU-CRO-0005","2023-04-30",0,14,50,88,0.0,"N",133.0,846.0,48.0,"2023-06-14","2023-06-17"
"SKU-SHI-0006","2023-04-30",0,12,47,82,0.0,"N",0.0,0.0,0.0,"",""
"SKU-CRO-0007","2023-04-30",0,9,36,68,0.0,"N",0.0,0.0,0.0,"",""
"SKU-PAN-0008","2023-04-30",0,7,22,50,0.0,"N",0.0,0.0,0.0,"",""
"SKU-PAN-0009","2023-04-30",0,6,23,33,0.0,"N",0.0,0.0,0.0,"",""
"SKU-TSH-0010","2023-04-30",0,7,28,43,0.0,"N",0.0,0.0,0.0,"",""
"SKU-SHO-0011","2023-04-30",0,7,16,34,0.0,"N",0.0,0.0,0.0,"",""
"SKU-TSH-0012","2023-04-30",0,4,20,24,0.0,"N",0.0,0.0,0.0,"",""
"SKU-SHI-0013","2023-04-30",0,3,18,31,0.0,"N",53.0,1227.0,34.0,"2023-06-03","2023-06-03"
"SKU-CRO-0014","2023-04-30",0,3,16,25,0.0,"N",70.0,756.0,48.0,"2023-06-15","2023-06-17"
"SKU-SHI-0015","2023-04-30",0,2,12,22,0.0,"N",71.0,940.0,36.0,"2023-05-31","2023-06-05"
"SKU-PAN-0016","2023-04-30",0,4,15,22,0.0,"N",0.0,0.0,0.0,"",""
"SKU-SHI-0017","2023-04-30",0,4,20,31,0.0,"N",0.0,0.0,0.0,"",""
"SKU-PAN-0018","2023-04-30",7,1,11,21,19.1,"N",0.0,0.0,0.0,"",""
"SKU-CRO-0019","2023-04-30",0,5,14,20,0.0,"N",64.0,726.0,35.0,"2023-06-03","2023-06-04"
"SKU-PAN-0020","2023-04-30",0,3,13,23,0.0,"N",62.0,1163.0,56.0,"2023-06-25","2023-06-25"
"SKU-PAN-0021","2023-04-30",0,3,14,19,0.0,"N",0.0,0.0,0.0,"",""
"SKU-PAN-0022","2023-04-30",0,6,19,29,0.0,"N",0.0,0.0,0.0,"",""
"SKU-SHO-0023","2023-04-30",15,3,9,17,50.0,"N",0.0,0.0,0.0,"",""
"SKU-SHI-0024","2023-04-30",0,3,11,19,0.0,"N",0.0,0.0,0.0,"",""
"SKU-JAC-0025","2023-04-30",0,1,9,14,0.0,"N",0.0,0.0,0.0,"",""
"SKU-PAN-0026","2023-04-30",15,1,4,10,112.5,"N",0.0,0.0,0.0,"",""
"SKU-JAC-0027","2023-04-30",0,1,8,11,0.0,"N",40.0,1871.0,31.0,"2023-05-29","2023-05-31"
"SKU-PAN-0028","2023-04-30",15,4,8,10,56.2,"N",0.0,0.0,0.0,"",""
"SKU-TSH-0029","2023-04-30",19,4,10,17,57.0,"N",0.0,0.0,0.0,"",""
"SKU-CRO-0030","2023-04-30",0,2,4,9,0.0,"N",0.0,0.0,0.0,"",""
"SKU-JAC-0031","2023-04-30",0,1,5,10,0.0,"N",40.0,1800.0,29.0,"2023-05-28","2023-05-29"
"SKU-TSH-0032","2023-04-30",41,2,5,9,246.0,"N",0.0,0.0,0.0,"",""
"SKU-SHO-0033","2023-04-30",56,4,7,13,240.0,"N",0.0,0.0,0.0,"",""
"SKU-PAN-0034","2023-04-30",24,2,4,6,180.0,"N",0.0,0.0,0.0,"",""
"SKU-CRO-0035","2023-04-30",0,0,8,15,0.0,"N",72.0,721.0,39.0,"2023-06-08","2023-06-08"
"SKU-SHI-0036","2023-04-30",71,2,7,13,304.3,"N",0.0,0.0,0.0,"",""
"SKU-CRO-0037","2023-04-30",63,3,4,5,472.5,"N",0.0,0.0,0.0,"",""
"SKU-CRO-0038","2023-04-30",0,0,4,8,0.0,"N",0.0,0.0,0.0,"",""
"SKU-SHO-0039","2023-04-30",57,0,2,4,855.0,"N",0.0,0.0,0.0,"",""
"SKU-SHO-0040","2023-04-30",76,1,8,10,285.0,"N",0.0,0.0,0.0,"",""
"SKU-TSH-0041","2023-04-30",84,0,3,8,840.0,"N",0.0,0.0,0.0,"",""
"SKU-CRO-0042","2023-04-30",66,0,5,7,396.0,"N",0.0,0.0,0.0,"",""
"SKU-CRO-0043","2023-04-30",17,1,4,7,127.5,"N",0.0,0.0,0.0,"",""
"SKU-JAC-0044","2023-04-30",65,1,6,9,325.0,"N",0.0,0.0,0.0,"",""
"SKU-SHI-0045","2023-04-30",66,1,5,10,396.0,"N",0.0,0.0,0.0,"",""
"SKU-JAC-0046","2023-04-30",85,0,5,7,510.0,"N",0.0,0.0,0.0,"",""
"SKU-PAN-0047","2023-04-30",63,1,5,8,378.0,"N",0.0,0.0,0.0,"",""
"SKU-CRO-0048","2023-04-30",9,1,4,11,67.5,"N",0.0,0.0,0.0,"",""
"SKU-TSH-0049","2023-04-30",88,1,2,5,999.0,"N",0.0,0.0,0.0,"",""
"SKU-SHO-0050","2023-04-30",80,1,5,7,480.0,"N",0.0,0.0,0.0,"",""
"SKU-SHI-0051","2023-04-30",26,2,4,7,195.0,"N",0.0,0.0,0.0,"",""
"SKU-SHI-0052","2023-04-30",40,0,1,2,999.0,"N",0.0,0.0,0.0,"",""
"SKU-JAC-0053","2023-04-30",27,0,5,8,162.0,"N",0.0,0.0,0.0,"",""
"SKU-SHI-0054","2023-04-30",41,0,3,6,410.0,"N",0.0,0.0,0.0,"",""
"SKU-JAC-0055","2023-04-30",85,0,3,3,850.0,"N",0.0,0.0,0.0,"",""
"SKU-SHI-0001","2023-05-07",0,38,235,464,0.0,"N",0.0,0.0,0.0,"",""
"SKU-PAN-0002","2023-05-07",0,16,111,210,0.0,"N",206.0,982.0,46.0,"2023-06-22","2023-06-22"
"SKU-SHI-0003","2023-05-07",0,16,83,153,0.0,"N",0.0,0.0,0.0,"",""
"SKU-TSH-0004","2023-05-07",0,13,64,104,0.0,"N",0.0,0.0,0.0,"",""
"SKU-CRO-0005","2023-05-07",0,12,48,90,0.0,"N",0.0,0.0,0.0,"",""
"SKU-SHI-0006","2023-05-07",0,7,46,79,0.0,"N",0.0,0.0,0.0,"",""
"SKU-CRO-0007","2023-05-07",0,3,32,62,0.0,"N",105.0,818.0,36.0,"2023-06-11","2023-06-12"
"SKU-PAN-0008","2023-05-07",0,3,21,47,0.0,"N",0.0,0.0,0.0,"",""
"SKU-PAN-0009","2023-05-07",0,5,23,32,0.0,"N",0.0,0.0,0.0,"",""
"SKU-TSH-0010","2023-05-07",0,3,26,42,0.0,"N",0.0,0.0,0.0,"",""
"SKU-SHO-0011","2023-05-07",0,7,21,35,0.0,"N",0.0,0.0,0.0,"",""
"SKU-TSH-0012","2023-05-07",0,1,17,25,0.0,"N",42.0,715.0,50.0,"2023-06-26","2023-06-26"
"SKU-SHI-0013","2023-05-07",0,3,16,30,0.0,"N",0.0,0.0,0.0,"",""
"SKU-CRO-0014","2023-05-07",0,1,12,24,0.0,"N",0.0,0.0,0.0,"",""
"SKU-SHI-0015","2023-05-07",0,1,10,20,0.0,"N",0.0,0.0,0.0,"",""
"SKU-PAN-0016","2023-05-07",0,4,14,23,0.0,"N",0.0,0.0,0.0,"",""
"SKU-SHI-0017","2023-05-07",0,1,18,26,0.0,"N",44.0,842.0,37.0,"2023-06-12","2023-06-13"
"SKU-PAN-0018","2023-05-07",7,0,6,20,35.0,"N",0.0,0.0,0.0,"",""
"SKU-CRO-0019","2023-05-07",0,0,9,19,0.0,"N",0.0,0.0,0.0,"",""
"SKU-PAN-0020","2023-05-07",0,2,12,24,0.0,"N",0.0,0.0,0.0,"",""
"SKU-PAN-0021","2023-05-07",0,1,13,20,0.0,"N",68.0,1216.0,48.0,"2023-06-22","2023-06-24"
"SKU-PAN-0022","2023-05-07",0,2,18,28,0.0,"N",0.0,0.0,0.0,"",""
"SKU-SHO-0023","2023-05-07",14,1,9,16,46.7,"N",0.0,0.0,0.0,"",""
"SKU-SHI-0024","2023-05-07",0,0,8,16,0.0,"N",40.0,854.0,37.0,"2023-06-13","2023-06-13"
"SKU-JAC-0025","2023-05-07",0,2,10,15,0.0,"N",64.0,1639.0,30.0,"2023-06-06","2023-06-06"
"SKU-PAN-0026","2023-05-07",15,0,4,8,112.5,"N",0.0,0.0,0.0,"",""
"SKU-JAC-0027","2023-05-07",0,0,6,10,0.0,"N",0.0,0.0,0.0,"",""
"SKU-PAN-0028","2023-05-07",14,1,8,9,52.5,"N",0.0,0.0,0.0,"",""
"SKU-TSH-0029","2023-05-07",18,1,10,15,54.0,"N",0.0,0.0,0.0,"",""
"SKU-CRO-0030","2023-05-07",0,0,3,9,0.0,"N",0.0,0.0,0.0,"",""
"SKU-JAC-0031","2023-05-07",0,0,4,9,0.0,"N",0.0,0.0,0.0,"",""
"SKU-TSH-0032","2023-05-07",38,3,7,12,162.9,"N",0.0,0.0,0.0,"",""
"SKU-SHO-0033","2023-05-07",56,0,7,13,240.0,"N",0.0,0.0,0.0,"",""
"SKU-PAN-0034","2023-05-07",24,0,4,6,180.0,"N",0.0,0.0,0.0,"",""
"SKU-CRO-0035","2023-05-07",0,0,5,13,0.0,"N",0.0,0.0,0.0,"",""
"SKU-SHI-0036","2023-05-07",71,0,5,10,426.0,"N",0.0,0.0,0.0,"",""
"SKU-CRO-0037","2023-05-07",63,0,3,5,630.0,"N",0.0,0.0,0.0,"",""
"SKU-CRO-0038","2023-05-07",0,0,3,6,0.0,"N",0.0,0.0,0.0,"",""
"SKU-SHO-0039","2023-05-07",57,0,1,3,999.0,"N",0.0,0.0,0.0,"",""
"SKU-SHO-0040","2023-05-07",75,1,8,11,281.2,"N",0.0,0.0,0.0,"",""
"SKU-TSH-0041","2023-05-07",83,1,2,9,999.0,"N",0.0,0.0,0.0,"",""
"SKU-CRO-0042","2023-05-07",66,0,2,6,990.0,"N",0.0,0.0,0.0,"",""
"SKU-CRO-0043","2023-05-07",16,1,5,6,96.0,"N",0.0,0.0,0.0,"",""
"SKU-JAC-0044","2023-05-07",65,0,3,9,650.0,"N",0.0,0.0,0.0,"",""
"SKU-SHI-0045","2023-05-07",66,0,5,9,396.0,"N",0.0,0.0,0.0,"",""
"SKU-JAC-0046","2023-05-07",84,1,3,6,840.0,"N",0.0,0.0,0.0,"",""
"SKU-PAN-0047","2023-05-07",60,3,8,11,225.0,"N",0.0,0.0,0.0,"",""
"SKU-CRO-0048","2023-05-07",9,0,3,9,90.0,"N",0.0,0.0,0.0,"",""
"SKU-TSH-0049","2023-05-07",88,0,1,4,999.0,"N",0.0,0.0,0.0,"",""
"SKU-SHO-0050","2023-05-07",80,0,4,6,600.0,"N",0.0,0.0,0.0,"",""
"SKU-SHI-0051","2023-05-07",25,1,5,7,150.0,"N",0.0,0.0,0.0,"",""
"SKU-SHI-0052","2023-05-07",39,1,2,3,585.0,"N",0.0,0.0,0.0,"",""
"SKU-JAC-0053","2023-05-07",27,0,3,8,270.0,"N",0.0,0.0,0.0,"",""
"SKU-SHI-0054","2023-05-07",40,1,3,6,400.0,"N",0.0,0.0,0.0,"",""
"SKU-JAC-0055","2023-05-07",84,1,2,4,999.0,"N",0.0,0.0,0.0,"",""
"SKU-SHI-0001","2023-05-14",0,38,225,448,0.0,"N",0.0,0.0,0.0,"",""
"SKU-PAN-0002","2023-05-14",0,13,100,199,0.0,"N",0.0,0.0,0.0,"",""
"SKU-SHI-0003","2023-05-14",0,9,79,140,0.0,"N",178.0,1004.0,46.0,"2023-06-29","2023-06-29"
"SKU-TSH-0004","2023-05-14",0,8,63,101,0.0,"N",0.0,0.0,0.0,"",""
"SKU-CRO-0005","2023-05-14",0,7,50,88,0.0,"N",0.0,0.0,0.0,"",""
"SKU-SHI-0006","2023-05-14",0,6,37,78,0.0,"N",0.0,0.0,0.0,"",""
"SKU-CRO-0007","2023-05-14",0,3,25,62,0.0,"N",0.0,0.0,0.0,"",""
"SKU-PAN-0008","2023-05-14",0,5,22,46,0.0,"N",0.0,0.0,0.0,"",""
"SKU-PAN-0009","2023-05-14",0,1,20,32,0.0,"N",0.0,0.0,0.0,"",""
"SKU-TSH-0010","2023-05-14",0,4,24,46,0.0,"N",0.0,0.0,0.0,"",""
"SKU-SHO-0011","2023-05-14",0,5,22,37,0.0,"N",0.0,0.0,0.0,"",""
"SKU-TSH-0012","2023-05-14",0,2,17,26,0.0,"N",0.0,0.0,0.0,"",""
"SKU-SHI-0013","2023-05-14",0,3,16,28,0.0,"N",0.0,0.0,0.0,"",""
"SKU-CRO-0014","2023-05-14",0,0,6,24,0.0,"N",0.0,0.0,0.0,"",""
"SKU-SHI-0015","2023-05-14",0,6,16,25,0.0,"N",0.0,0.0,0.0,"",""
"SKU-PAN-0016","2023-05-14",0,0,12,21,0.0,"N",0.0,0.0,0.0,"",""
"SKU-SHI-0017","2023-05-14",0,3,14,28,0.0,"N",0.0,0.0,0.0,"",""
"SKU-PAN-0018","2023-05-14",4,3,6,20,20.0,"N",0.0,0.0,0.0,"",""
"SKU-CRO-0019","2023-05-14",0,2,10,19,0.0,"N",0.0,0.0,0.0,"",""
"SKU-PAN-0020","2023-05-14",0,1,12,23,0.0,"N",0.0,0.0,0.0,"",""
"SKU-PAN-0021","2023-05-14",0,5,16,22,0.0,"N",0.0,0.0,0.0,"",""
"SKU-PAN-0022","2023-05-14",0,1,17,27,0.0,"N",66.0,1076.0,58.0,"2023-07-06","2023-07-11"
"SKU-SHO-0023","2023-05-14",12,2,9,16,40.0,"N",0.0,0.0,0.0,"",""
"SKU-SHI-0024","2023-05-14",0,0,6,13,0.0,"N",0.0,0.0,0.0,"",""
"SKU-JAC-0025","2023-05-14",0,2,7,16,0.0,"N",0.0,0.0,0.0,"",""
"SKU-PAN-0026","2023-05-14",13,2,6,9,65.0,"N",0.0,0.0,0.0,"",""
"SKU-JAC-0027","2023-05-14",0,1,4,11,0.0,"N",0.0,0.0,0.0,"",""
"SKU-PAN-0028","2023-05-14",13,1,8,10,48.8,"N",0.0,0.0,0.0,"",""
"SKU-TSH-0029","2023-05-14",18,0,6,14,90.0,"N",0.0,0.0,0.0,"",""
"SKU-CRO-0030","2023-05-14",0,2,4,9,0.0,"N",0.0,0.0,0.0,"",""
"SKU-JAC-0031","2023-05-14",0,0,3,7,0.0,"N",0.0,0.0,0.0,"",""
"SKU-TSH-0032","2023-05-14",38,0,6,11,190.0,"N",0.0,0.0,0.0,"",""
"SKU-SHO-0033","2023-05-14",55,1,6,11,275.0,"N",0.0,0.0,0.0,"",""
"SKU-PAN-0034","2023-05-14",24,0,3,6,240.0,"N",0.0,0.0,0.0,"",""
"SKU-CRO-0035","2023-05-14",0,2,6,14,0.0,"N",0.0,0.0,0.0,"",""
"SKU-SHI-0036","2023-05-14",69,2,4,9,517.5,"N",0.0,0.0,0.0,"",""
"SKU-CRO-0037","2023-05-14",63,0,3,5,630.0,"N",0.0,0.0,0.0,"",""
"SKU-CRO-0038","2023-05-14",0,0,3,5,0.0,"N",0.0,0.0,0.0,"",""
"SKU-SHO-0039","2023-05-14",57,0,0,2,999.0,"N",0.0,0.0,0.0,"",""
"SKU-SHO-0040","2023-05-14",74,1,9,12,246.7,"N",0.0,0.0,0.0,"",""
"SKU-TSH-0041","2023-05-14",83,0,1,7,999.0,"N",0.0,0.0,0.0,"",""
"SKU-CRO-0042","2023-05-14",65,1,2,6,975.0,"N",0.0,0.0,0.0,"",""
"SKU-CRO-0043","2023-05-14",16,0,3,5,160.0,"N",0.0,0.0,0.0,"",""
"SKU-JAC-0044","2023-05-14",64,1,4,7,480.0,"N",0.0,0.0,0.0,"",""
"SKU-SHI-0045","2023-05-14",66,0,5,6,396.0,"N",0.0,0.0,0.0,"",""
"SKU-JAC-0046","2023-05-14",84,0,2,6,999.0,"N",0.0,0.0,0.0,"",""
"SKU-PAN-0047","2023-05-14",60,0,6,10,300.0,"N",0.0,0.0,0.0,"",""
"SKU-CRO-0048","2023-05-14",8,1,3,8,80.0,"N",0.0,0.0,0.0,"",""
"SKU-TSH-0049","2023-05-14",87,1,2,3,999.0,"N",0.0,0.0,0.0,"",""
"SKU-SHO-0050","2023-05-14",80,0,3,6,800.0,"N",0.0,0.0,0.0,"",""
"SKU-SHI-0051","2023-05-14",24,1,5,7,144.0,"N",0.0,0.0,0.0,"",""
"SKU-SHI-0052","2023-05-14",38,1,3,4,380.0,"N",0.0,0.0,0.0,"",""
"SKU-JAC-0053","2023-05-14",26,1,2,8,390.0,"N",0.0,0.0,0.0,"",""
"SKU-SHI-0054","2023-05-14",40,0,3,6,400.0,"N",0.0,0.0,0.0,"",""
"SKU-JAC-0055","2023-05-14",83,1,3,5,830.0,"N",0.0,0.0,0.0,"",""
"SKU-SHI-0001","2023-05-21",0,53,210,454,0.0,"N",0.0,0.0,0.0,"",""
"SKU-PAN-0002","2023-05-21",0,21,80,198,0.0,"N",0.0,0.0,0.0,"",""
"SKU-SHI-0003","2023-05-21",0,17,68,146,0.0,"N",0.0,0.0,0.0,"",""
"SKU-TSH-0004","2023-05-21",0,12,57,108,0.0,"N",114.0,539.0,35.0,"2023-06-23","2023-06-25"
"SKU-CRO-0005","2023-05-21",0,3,41,84,0.0,"N",0.0,0.0,0.0,"",""
"SKU-SHI-0006","2023-05-21",0,5,31,79,0.0,"N",96.0,1097.0,47.0,"2023-07-07","2023-07-07"
"SKU-CRO-0007","2023-05-21",0,6,24,57,0.0,"N",0.0,0.0,0.0,"",""
"SKU-PAN-0008","2023-05-21",0,2,18,41,0.0,"N",43.0,1152.0,48.0,"2023-07-05","2023-07-08"
"SKU-PAN-0009","2023-05-21",0,9,23,40,0.0,"N",92.0,1008.0,36.0,"2023-06-24","2023-06-26"
"SKU-TSH-0010","2023-05-21",0,1,15,41,0.0,"N",44.0,782.0,37.0,"2023-06-27","2023-06-27"
"SKU-SHO-0011","2023-05-21",0,1,20,34,0.0,"N",57.0,761.0,45.0,"2023-07-02","2023-07-05"
"SKU-TSH-0012","2023-05-21",0,1,9,24,0.0,"N",0.0,0.0,0.0,"",""
"SKU-SHI-0013","2023-05-21",0,5,16,31,0.0,"N",0.0,0.0,0.0,"",""
"SKU-CRO-0014","2023-05-21",0,2,6,21,0.0,"N",0.0,0.0,0.0,"",""
"SKU-SHI-0015","2023-05-21",0,3,13,28,0.0,"N",0.0,0.0,0.0,"",""
"SKU-PAN-0016","2023-05-21",0,2,11,22,0.0,"N",54.0,970.0,48.0,"2023-07-07","2023-07-08"
"SKU-SHI-0017","2023-05-21",0,2,12,29,0.0,"N",0.0,0.0,0.0,"",""
"SKU-PAN-0018","2023-05-21",2,2,6,19,10.0,"N",41.0,1176.0,43.0,"2023-06-30","2023-07-03"
"SKU-CRO-0019","2023-05-21",0,3,10,20,0.0,"N",0.0,0.0,0.0,"",""
"SKU-PAN-0020","2023-05-21",0,1,8,20,0.0,"N",0.0,0.0,0.0,"",""
"SKU-PAN-0021","2023-05-21",0,2,13,23,0.0,"N",0.0,0.0,0.0,"",""
"SKU-PAN-0022","2023-05-21",0,2,13,28,0.0,"N",0.0,0.0,0.0,"",""
"SKU-SHO-0023","2023-05-21",11,1,7,13,47.1,"N",0.0,0.0,0.0,"",""
"SKU-SHI-0024","2023-05-21",0,1,4,13,0.0,"N",0.0,0.0,0.0,"",""
"SKU-JAC-0025","2023-05-21",0,3,9,17,0.0,"N",0.0,0.0,0.0,"",""
"SKU-PAN-0026","2023-05-21",12,1,4,8,90.0,"N",0.0,0.0,0.0,"",""
"SKU-JAC-0027","2023-05-21",0,1,3,10,0.0,"N",0.0,0.0,0.0,"",""
"SKU-PAN-0028","2023-05-21",13,0,7,10,55.7,"N",0.0,0.0,0.0,"",""
"SKU-TSH-0029","2023-05-21",16,2,7,15,68.6,"N",0.0,0.0,0.0,"",""
"SKU-CRO-0030","2023-05-21",0,3,7,11,0.0,"N",40.0,621.0,43.0,"2023-06-30","2023-07-03"
"SKU-JAC-0031","2023-05-21",0,1,2,8,0.0,"N",0.0,0.0,0.0,"",""
"SKU-TSH-0032","2023-05-21",37,1,6,12,185.0,"N",0.0,0.0,0.0,"",""
"SKU-SHO-0033","2023-05-21",54,1,7,12,231.4,"N",0.0,0.0,0.0,"",""
"SKU-PAN-0034","2023-05-21",24,0,3,4,240.0,"N",0.0,0.0,0.0,"",""
"SKU-CRO-0035","2023-05-21",0,0,4,13,0.0,"N",0.0,0.0,0.0,"",""
"SKU-SHI-0036","2023-05-21",68,1,5,10,408.0,"N",0.0,0.0,0.0,"",""
"SKU-CRO-0037","2023-05-21",63,0,3,4,630.0,"N",0.0,0.0,0.0,"",""
"SKU-CRO-0038","2023-05-21",0,1,2,6,0.0,"N",40.0,1060.0,52.0,"2023-07-12","2023-07-12"
"SKU-SHO-0039","2023-05-21",57,0,0,2,999.0,"N",0.0,0.0,0.0,"",""
"SKU-SHO-0040","2023-05-21",74,0,3,12,740.0,"N",0.0,0.0,0.0,"",""
"SKU-TSH-0041","2023-05-21",81,2,3,7,810.0,"N",0.0,0.0,0.0,"",""
"SKU-CRO-0042","2023-05-21",64,1,2,7,960.0,"N",0.0,0.0,0.0,"",""
"SKU-CRO-0043","2023-05-21",15,1,3,6,150.0,"N",0.0,0.0,0.0,"",""
"SKU-JAC-0044","2023-05-21",64,0,3,7,640.0,"N",0.0,0.0,0.0,"",""
"SKU-SHI-0045","2023-05-21",66,0,1,6,999.0,"N",0.0,0.0,0.0,"",""
"SKU-JAC-0046","2023-05-21",84,0,1,6,999.0,"N",0.0,0.0,0.0,"",""
"SKU-PAN-0047","2023-05-21",60,0,4,10,450.0,"N",0.0,0.0,0.0,"",""
"SKU-CRO-0048","2023-05-21",8,0,2,7,120.0,"N",0.0,0.0,0.0,"",""
"SKU-TSH-0049","2023-05-21",87,0,2,3,999.0,"N",0.0,0.0,0.0,"",""
"SKU-SHO-0050","2023-05-21",80,0,2,5,999.0,"N",0.0,0.0,0.0,"",""
"SKU-SHI-0051","2023-05-21",24,0,4,7,180.0,"N",0.0,0.0,0.0,"",""
"SKU-SHI-0052","2023-05-21",38,0,2,4,570.0,"N",0.0,0.0,0.0,"",""
"SKU-JAC-0053","2023-05-21",25,1,2,8,375.0,"N",0.0,0.0,0.0,"",""
"SKU-SHI-0054","2023-05-21",40,0,1,4,999.0,"N",0.0,0.0,0.0,"",""
"SKU-JAC-0055","2023-05-21",83,0,2,5,999.0,"N",0.0,0.0,0.0,"",""
"SKU-SHI-0001","2023-05-28",0,52,202,462,0.0,"N",343.0,705.0,58.0,"2023-07-23","2023-07-25"
"SKU-PAN-0002","2023-05-28",0,21,79,196,0.0,"N",0.0,0.0,0.0,"",""
"SKU-SHI-0003","2023-05-28",0,20,66,149,0.0,"N",0.0,0.0,0.0,"",""
"SKU-TSH-0004","2023-05-28",0,12,51,110,0.0,"N",0.0,0.0,0.0,"",""
"SKU-CRO-0005","2023-05-28",0,2,28,77,0.0,"N",62.0,846.0,42.0,"2023-07-08","2023-07-09"
"SKU-SHI-0006","2023-05-28",0,6,29,73,0.0,"N",0.0,0.0,0.0,"",""
"SKU-CRO-0007","2023-05-28",0,7,23,55,0.0,"N",0.0,0.0,0.0,"",""
"SKU-PAN-0008","2023-05-28",0,7,17,40,0.0,"N",0.0,0.0,0.0,"",""
"SKU-PAN-0009","2023-05-28",0,3,20,41,0.0,"N",0.0,0.0,0.0,"",""
"SKU-TSH-0010","2023-05-28",0,3,12,39,0.0,"N",0.0,0.0,0.0,"",""
"SKU-SHO-0011","2023-05-28",0,4,18,34,0.0,"N",0.0,0.0,0.0,"",""
"SKU-TSH-0012","2023-05-28",0,1,6,25,0.0,"N",0.0,0.0,0.0,"",""
"SKU-SHI-0013","2023-05-28",0,3,15,32,0.0,"N",66.0,1227.0,55.0,"2023-07-20","2023-07-22"
"SKU-CRO-0014","2023-05-28",0,4,7,23,0.0,"N",58.0,756.0,47.0,"2023-07-14","2023-07-14"
"SKU-SHI-0015","2023-05-28",0,0,10,23,0.0,"N",48.0,940.0,55.0,"2023-07-17","2023-07-22"
"SKU-PAN-0016","2023-05-28",0,3,13,24,0.0,"N",0.0,0.0,0.0,"",""
"SKU-SHI-0017","2023-05-28",0,1,8,28,0.0,"N",0.0,0.0,0.0,"",""
"SKU-PAN-0018","2023-05-28",2,0,6,16,10.0,"N",0.0,0.0,0.0,"",""
"SKU-CRO-0019","2023-05-28",0,0,6,19,0.0,"N",40.0,726.0,55.0,"2023-07-21","2023-07-22"
"SKU-PAN-0020","2023-05-28",0,2,6,21,0.0,"N",40.0,1163.0,43.0,"2023-07-08","2023-07-10"
"SKU-PAN-0021","2023-05-28",0,2,12,24,0.0,"N",0.0,0.0,0.0,"",""
"SKU-PAN-0022","2023-05-28",0,2,11,26,0.0,"N",0.0,0.0,0.0,"",""
"SKU-SHO-0023","2023-05-28",10,1,6,14,50.0,"N",0.0,0.0,0.0,"",""
"SKU-SHI-0024","2023-05-28",0,2,3,15,0.0,"N",0.0,0.0,0.0,"",""
"SKU-JAC-0025","2023-05-28",0,2,10,18,0.0,"N",0.0,0.0,0.0,"",""
"SKU-PAN-0026","2023-05-28",10,2,6,9,50.0,"N",0.0,0.0,0.0,"",""
"SKU-JAC-0027","2023-05-28",0,0,2,10,0.0,"N",40.0,1871.0,48.0,"2023-07-15","2023-07-15"
"SKU-PAN-0028","2023-05-28",11,2,4,12,82.5,"N",0.0,0.0,0.0,"",""
"SKU-TSH-0029","2023-05-28",13,3,7,16,55.7,"N",0.0,0.0,0.0,"",""
"SKU-CRO-0030","2023-05-28",0,2,7,12,0.0,"N",0.0,0.0,0.0,"",""
"SKU-JAC-0031","2023-05-28",0,2,3,8,0.0,"N",40.0,1800.0,55.0,"2023-07-17","2023-07-22"
"SKU-TSH-0032","2023-05-28",36,1,6,11,180.0,"N",0.0,0.0,0.0,"",""
"SKU-SHO-0033","2023-05-28",52,2,5,11,312.0,"N",0.0,0.0,0.0,"",""
"SKU-PAN-0034","2023-05-28",24,0,1,4,720.0,"N",0.0,0.0,0.0,"",""
"SKU-CRO-0035","2023-05-28",0,0,2,12,0.0,"N",40.0,721.0,35.0,"2023-06-27","2023-07-02"
"SKU-SHI-0036","2023-05-28",67,1,4,11,502.5,"N",0.0,0.0,0.0,"",""
"SKU-CRO-0037","2023-05-28",63,0,1,4,999.0,"N",0.0,0.0,0.0,"",""
"SKU-CRO-0038","2023-05-28",0,1,2,6,0.0,"N",0.0,0.0,0.0,"",""
"SKU-SHO-0039","2023-05-28",57,0,0,2,999.0,"N",0.0,0.0,0.0,"",""
"SKU-SHO-0040","2023-05-28",73,1,4,12,547.5,"N",0.0,0.0,0.0,"",""
"SKU-TSH-0041","2023-05-28",79,2,5,8,474.0,"N",0.0,0.0,0.0,"",""
"SKU-CRO-0042","2023-05-28",64,0,2,7,960.0,"N",0.0,0.0,0.0,"",""
"SKU-CRO-0043","2023-05-28",15,0,2,6,225.0,"N",0.0,0.0,0.0,"",""
"SKU-JAC-0044","2023-05-28",64,0,1,7,999.0,"N",0.0,0.0,0.0,"",""
"SKU-SHI-0045","2023-05-28",66,0,1,5,999.0,"N",0.0,0.0,0.0,"",""
"SKU-JAC-0046","2023-05-28",83,1,2,7,999.0,"N",0.0,0.0,0.0,"",""
"SKU-PAN-0047","2023-05-28",59,1,4,9,442.5,"N",0.0,0.0,0.0,"",""
"SKU-CRO-0048","2023-05-28",6,2,3,8,60.0,"N",0.0,0.0,0.0,"",""
"SKU-TSH-0049","2023-05-28",86,1,3,4,860.0,"N",0.0,0.0,0.0,"",""
"SKU-SHO-0050","2023-05-28",80,0,1,5,999.0,"N",0.0,0.0,0.0,"",""
"SKU-SHI-0051","2023-05-28",24,0,3,6,240.0,"N",0.0,0.0,0.0,"",""
"SKU-SHI-0052","2023-05-28",38,0,2,4,570.0,"N",0.0,0.0,0.0,"",""
"SKU-JAC-0053","2023-05-28",24,1,3,8,240.0,"N",0.0,0.0,0.0,"",""
"SKU-SHI-0054","2023-05-28",40,0,1,4,999.0,"N",0.0,0.0,0.0,"",""
"SKU-JAC-0055","2023-05-28",83,0,2,5,999.0,"N",0.0,0.0,0.0,"",""
"SKU-SHI-0001","2023-06-04",0,33,188,428,0.0,"N",0.0,0.0,0.0,"",""
"SKU-PAN-0002","2023-06-04",0,13,72,185,0.0,"N",133.0,982.0,46.0,"2023-07-15","2023-07-20"
"SKU-SHI-0003","2023-06-04",0,13,68,148,0.0,"N",0.0,0.0,0.0,"",""
"SKU-TSH-0004","2023-06-04",0,9,45,112,0.0,"N",0.0,0.0,0.0,"",""
"SKU-CRO-0005","2023-06-04",0,10,25,74,0.0,"N",0.0,0.0,0.0,"",""
"SKU-SHI-0006","2023-06-04",0,5,24,68,0.0,"N",0.0,0.0,0.0,"",""
"SKU-CRO-0007","2023-06-04",0,7,25,56,0.0,"N",68.0,818.0,40.0,"2023-07-12","2023-07-14"
"SKU-PAN-0008","2023-06-04",0,6,22,42,0.0,"N",0.0,0.0,0.0,"",""
"SKU-PAN-0009","2023-06-04",0,5,18,41,0.0,"N",0.0,0.0,0.0,"",""
"SKU-TSH-0010","2023-06-04",0,2,11,36,0.0,"N",0.0,0.0,0.0,"",""
"SKU-SHO-0011","2023-06-04",0,6,19,37,0.0,"N",0.0,0.0,0.0,"",""
"SKU-TSH-0012","2023-06-04",0,2,6,24,0.0,"N",58.0,715.0,39.0,"2023-07-08","2023-07-13"
"SKU-SHI-0013","2023-06-04",0,1,14,29,0.0,"N",0.0,0.0,0.0,"",""
"SKU-CRO-0014","2023-06-04",0,1,7,19,0.0,"N",0.0,0.0,0.0,"",""
"SKU-SHI-0015","2023-06-04",0,2,12,22,0.0,"N",0.0,0.0,0.0,"",""
"SKU-PAN-0016","2023-06-04",0,2,7,21,0.0,"N",0.0,0.0,0.0,"",""
"SKU-SHI-0017","2023-06-04",0,5,12,30,0.0,"N",40.0,842.0,30.0,"2023-07-02","2023-07-04"
"SKU-PAN-0018","2023-06-04",0,4,9,17,0.0,"N",0.0,0.0,0.0,"",""
"SKU-CRO-0019","2023-06-04",0,2,7,18,0.0,"N",0.0,0.0,0.0,"",""
"SKU-PAN-0020","2023-06-04",0,4,9,21,0.0,"N",0.0,0.0,0.0,"",""
"SKU-PAN-0021","2023-06-04",0,1,10,24,0.0,"N",72.0,1216.0,44.0,"2023-07-17","2023-07-18"
"SKU-PAN-0022","2023-06-04",0,2,7,25,0.0,"N",0.0,0.0,0.0,"",""
"SKU-SHO-0023","2023-06-04",10,0,4,14,75.0,"N",0.0,0.0,0.0,"",""
"SKU-SHI-0024","2023-06-04",0,0,3,11,0.0,"N",40.0,854.0,47.0,"2023-07-18","2023-07-21"
"SKU-JAC-0025","2023-06-04",0,5,13,22,0.0,"N",40.0,1639.0,46.0,"2023-07-20","2023-07-20"
"SKU-PAN-0026","2023-06-04",8,2,7,11,34.3,"N",0.0,0.0,0.0,"",""
"SKU-JAC-0027","2023-06-04",0,0,2,8,0.0,"N",0.0,0.0,0.0,"",""
"SKU-PAN-0028","2023-06-04",11,0,3,11,110.0,"N",0.0,0.0,0.0,"",""
"SKU-TSH-0029","2023-06-04",13,0,6,15,65.0,"N",0.0,0.0,0.0,"",""
"SKU-CRO-0030","2023-06-04",0,0,7,10,0.0,"N",0.0,0.0,0.0,"",""
"SKU-JAC-0031","2023-06-04",0,0,3,7,0.0,"N",0.0,0.0,0.0,"",""
"SKU-TSH-0032","2023-06-04",36,0,4,10,270.0,"N",0.0,0.0,0.0,"",""
"SKU-SHO-0033","2023-06-04",52,0,4,11,390.0,"N",0.0,0.0,0.0,"",""
"SKU-PAN-0034","2023-06-04",24,0,0,4,999.0,"N",0.0,0.0,0.0,"",""
"SKU-CRO-0035","2023-06-04",0,2,4,10,0.0,"N",0.0,0.0,0.0,"",""
"SKU-SHI-0036","2023-06-04",66,1,5,10,396.0,"N",0.0,0.0,0.0,"",""
"SKU-CRO-0037","2023-06-04",63,0,0,3,999.0,"N",0.0,0.0,0.0,"",""
"SKU-CRO-0038","2023-06-04",0,1,3,6,0.0,"N",0.0,0.0,0.0,"",""
"SKU-SHO-0039","2023-06-04",55,2,2,4,825.0,"N",0.0,0.0,0.0,"",""
"SKU-SHO-0040","2023-06-04",73,0,3,11,730.0,"N",0.0,0.0,0.0,"",""
"SKU-TSH-0041","2023-06-04",79,0,4,6,592.5,"N",0.0,0.0,0.0,"",""
"SKU-CRO-0042","2023-06-04",64,0,2,5,960.0,"N",0.0,0.0,0.0,"",""
"SKU-CRO-0043","2023-06-04",15,0,2,6,225.0,"N",0.0,0.0,0.0,"",""
"SKU-JAC-0044","2023-06-04",63,1,2,5,945.0,"N",0.0,0.0,0.0,"",""
"SKU-SHI-0045","2023-06-04",66,0,0,5,999.0,"N",0.0,0.0,0.0,"",""
"SKU-JAC-0046","2023-06-04",83,0,2,4,999.0,"N",0.0,0.0,0.0,"",""
"SKU-PAN-0047","2023-06-04",58,1,3,10,580.0,"N",0.0,0.0,0.0,"",""
"SKU-CRO-0048","2023-06-04",6,0,3,7,60.0,"N",0.0,0.0,0.0,"",""
"SKU-TSH-0049","2023-06-04",84,2,4,6,630.0,"N",0.0,0.0,0.0,"",""
"SKU-SHO-0050","2023-06-04",78,2,2,7,999.0,"N",0.0,0.0,0.0,"",""
"SKU-SHI-0051","2023-06-04",23,1,2,7,345.0,"N",0.0,0.0,0.0,"",""
"SKU-SHI-0052","2023-06-04",37,1,2,4,555.0,"N",0.0,0.0,0.0,"",""
"SKU-JAC-0053","2023-06-04",23,1,4,7,172.5,"N",0.0,0.0,0.0,"",""
"SKU-SHI-0054","2023-06-04",39,1,2,4,585.0,"N",0.0,0.0,0.0,"",""
"SKU-JAC-0055","2023-06-04",82,1,2,4,999.0,"N",0.0,0.0,0.0,"",""
"SKU-SHI-0001","2023-06-11",0,40,189,416,0.0,"N",0.0,0.0,0.0,"",""
"SKU-PAN-0002","2023-06-11",0,28,87,192,0.0,"N",0.0,0.0,0.0,"",""
"SKU-SHI-0003","2023-06-11",0,13,64,144,0.0,"N",122.0,1004.0,39.0,"2023-07-20","2023-07-20"
"SKU-TSH-0004","2023-06-11",0,11,46,109,0.0,"N",0.0,0.0,0.0,"",""
"SKU-CRO-0005","2023-06-11",0,10,29,77,0.0,"N",0.0,0.0,0.0,"",""
"SKU-SHI-0006","2023-06-11",0,5,24,63,0.0,"N",0.0,0.0,0.0,"",""
"SKU-CRO-0007","2023-06-11",0,11,31,59,0.0,"N",0.0,0.0,0.0,"",""
"SKU-PAN-0008","2023-06-11",0,7,23,46,0.0,"N",0.0,0.0,0.0,"",""
"SKU-PAN-0009","2023-06-11",0,7,24,45,0.0,"N",0.0,0.0,0.0,"",""
"SKU-TSH-0010","2023-06-11",0,5,11,35,0.0,"N",0.0,0.0,0.0,"",""
"SKU-SHO-0011","2023-06-11",0,5,18,39,0.0,"N",0.0,0.0,0.0,"",""
"SKU-TSH-0012","2023-06-11",0,4,8,26,0.0,"N",0.0,0.0,0.0,"",""
"SKU-SHI-0013","2023-06-11",0,4,15,29,0.0,"N",0.0,0.0,0.0,"",""
"SKU-CRO-0014","2023-06-11",0,3,10,16,0.0,"N",0.0,0.0,0.0,"",""
"SKU-SHI-0015","2023-06-11",0,1,8,22,0.0,"N",0.0,0.0,0.0,"",""
"SKU-PAN-0016","2023-06-11",0,3,10,23,0.0,"N",0.0,0.0,0.0,"",""
"SKU-SHI-0017","2023-06-11",0,3,13,26,0.0,"N",0.0,0.0,0.0,"",""
"SKU-PAN-0018","2023-06-11",0,1,8,14,0.0,"N",0.0,0.0,0.0,"",""
"SKU-CRO-0019","2023-06-11",0,1,6,16,0.0,"N",0.0,0.0,0.0,"",""
"SKU-PAN-0020","2023-06-11",0,1,8,20,0.0,"N",0.0,0.0,0.0,"",""
"SKU-PAN-0021","2023-06-11",0,3,10,24,0.0,"N",0.0,0.0,0.0,"",""
"SKU-PAN-0022","2023-06-11",0,2,9,26,0.0,"N",40.0,1076.0,53.0,"2023-08-02","2023-08-03"
"SKU-SHO-0023","2023-06-11",7,3,5,15,42.0,"N",0.0,0.0,0.0,"",""
"SKU-SHI-0024","2023-06-11",0,3,6,12,0.0,"N",0.0,0.0,0.0,"",""
"SKU-JAC-0025","2023-06-11",0,2,13,21,0.0,"N",0.0,0.0,0.0,"",""
"SKU-PAN-0026","2023-06-11",6,2,8,13,22.5,"N",0.0,0.0,0.0,"",""
"SKU-JAC-0027","2023-06-11",0,0,1,5,0.0,"N",0.0,0.0,0.0,"",""
"SKU-PAN-0028","2023-06-11",10,1,3,11,100.0,"N",0.0,0.0,0.0,"",""
"SKU-TSH-0029","2023-06-11",13,0,5,11,78.0,"N",0.0,0.0,0.0,"",""
"SKU-CRO-0030","2023-06-11",0,0,5,10,0.0,"N",0.0,0.0,0.0,"",""
"SKU-JAC-0031","2023-06-11",0,0,3,6,0.0,"N",0.0,0.0,0.0,"",""
"SKU-TSH-0032","2023-06-11",35,1,3,9,350.0,"N",0.0,0.0,0.0,"",""
"SKU-SHO-0033","2023-06-11",51,1,4,10,382.5,"N",0.0,0.0,0.0,"",""
"SKU-PAN-0034","2023-06-11",22,2,2,5,330.0,"N",0.0,0.0,0.0,"",""
"SKU-CRO-0035","2023-06-11",0,2,5,10,0.0,"N",0.0,0.0,0.0,"",""
"SKU-SHI-0036","2023-06-11",65,1,6,9,325.0,"N",0.0,0.0,0.0,"",""
"SKU-CRO-0037","2023-06-11",62,1,1,4,999.0,"N",0.0,0.0,0.0,"",""
"SKU-CRO-0038","2023-06-11",0,1,4,7,0.0,"N",0.0,0.0,0.0,"",""
"SKU-SHO-0039","2023-06-11",54,1,3,3,540.0,"N",0.0,0.0,0.0,"",""
"SKU-SHO-0040","2023-06-11",72,1,2,11,999.0,"N",0.0,0.0,0.0,"",""
"SKU-TSH-0041","2023-06-11",77,2,6,7,385.0,"N",0.0,0.0,0.0,"",""
"SKU-CRO-0042","2023-06-11",64,0,1,3,999.0,"N",0.0,0.0,0.0,"",""
"SKU-CRO-0043","2023-06-11",13,2,3,6,130.0,"N",0.0,0.0,0.0,"",""
"SKU-JAC-0044","2023-06-11",63,0,2,5,945.0,"N",0.0,0.0,0.0,"",""
"SKU-SHI-0045","2023-06-11",66,0,0,5,999.0,"N",0.0,0.0,0.0,"",""
"SKU-JAC-0046","2023-06-11",83,0,1,3,999.0,"N",0.0,0.0,0.0,"",""
"SKU-PAN-0047","2023-06-11",58,0,2,9,870.0,"N",0.0,0.0,0.0,"",""
"SKU-CRO-0048","2023-06-11",5,1,3,6,50.0,"N",0.0,0.0,0.0,"",""
"SKU-TSH-0049","2023-06-11",79,5,8,10,296.2,"N",0.0,0.0,0.0,"",""
"SKU-SHO-0050","2023-06-11",78,0,2,5,999.0,"N",0.0,0.0,0.0,"",""
"SKU-SHI-0051","2023-06-11",21,2,3,8,210.0,"N",0.0,0.0,0.0,"",""
"SKU-SHI-0052","2023-06-11",36,1,2,5,540.0,"N",0.0,0.0,0.0,"",""
"SKU-JAC-0053","2023-06-11",23,0,3,6,230.0,"N",0.0,0.0,0.0,"",""
"SKU-SHI-0054","2023-06-11",39,0,1,4,999.0,"N",0.0,0.0,0.0,"",""
"SKU-JAC-0055","2023-06-11",81,1,3,5,810.0,"N",0.0,0.0,0.0,"",""
"SKU-SHI-0001","2023-06-18",0,33,169,381,0.0,"N",0.0,0.0,0.0,"",""
"SKU-PAN-0002","2023-06-18",0,23,90,177,0.0,"N",0.0,0.0,0.0,"",""
"SKU-SHI-0003","2023-06-18",0,13,64,135,0.0,"N",0.0,0.0,0.0,"",""
"SKU-TSH-0004","2023-06-18",0,5,39,98,0.0,"N",68.0,539.0,37.0,"2023-07-24","2023-07-25"
"SKU-CRO-0005","2023-06-18",0,8,32,72,0.0,"N",0.0,0.0,0.0,"",""
"SKU-SHI-0006","2023-06-18",0,6,22,53,0.0,"N",72.0,1097.0,45.0,"2023-08-02","2023-08-02"
"SKU-CRO-0007","2023-06-18",0,7,33,58,0.0,"N",0.0,0.0,0.0,"",""
"SKU-PAN-0008","2023-06-18",0,6,27,45,0.0,"N",88.0,1152.0,54.0,"2023-08-06","2023-08-11"
"SKU-PAN-0009","2023-06-18",0,4,19,44,0.0,"N",70.0,1008.0,55.0,"2023-08-11","2023-08-12"
"SKU-TSH-0010","2023-06-18",0,3,13,29,0.0,"N",70.0,782.0,48.0,"2023-08-02","2023-08-05"
"SKU-SHO-0011","2023-06-18",0,4,19,41,0.0,"N",76.0,761.0,31.0,"2023-07-19","2023-07-19"
"SKU-TSH-0012","2023-06-18",0,3,10,22,0.0,"N",0.0,0.0,0.0,"",""
"SKU-SHI-0013","2023-06-18",0,1,10,27,0.0,"N",0.0,0.0,0.0,"",""
"SKU-CRO-0014","2023-06-18",0,4,13,19,0.0,"N",0.0,0.0,0.0,"",""
"SKU-SHI-0015","2023-06-18",0,0,4,17,0.0,"N",0.0,0.0,0.0,"",""
"SKU-PAN-0016","2023-06-18",0,1,9,21,0.0,"N",40.0,970.0,45.0,"2023-08-02","2023-08-02"
"SKU-SHI-0017","2023-06-18",0,2,12,24,0.0,"N",0.0,0.0,0.0,"",""
"SKU-PAN-0018","2023-06-18",0,3,8,14,0.0,"N",44.0,1176.0,47.0,"2023-07-30","2023-08-04"
"SKU-CRO-0019","2023-06-18",0,3,8,17,0.0,"N",0.0,0.0,0.0,"",""
"SKU-PAN-0020","2023-06-18",0,2,9,18,0.0,"N",0.0,0.0,0.0,"",""
"SKU-PAN-0021","2023-06-18",0,1,7,22,0.0,"N",0.0,0.0,0.0,"",""
"SKU-PAN-0022","2023-06-18",0,0,6,20,0.0,"N",0.0,0.0,0.0,"",""
"SKU-SHO-0023","2023-06-18",6,1,5,13,36.0,"N",0.0,0.0,0.0,"",""
"SKU-SHI-0024","2023-06-18",0,1,7,12,0.0,"N",0.0,0.0,0.0,"",""
"SKU-JAC-0025","2023-06-18",0,1,12,19,0.0,"N",0.0,0.0,0.0,"",""
"SKU-PAN-0026","2023-06-18",4,2,8,12,15.0,"N",40.0,1332.0,49.0,"2023-08-05","2023-08-06"
"SKU-JAC-0027","2023-06-18",0,0,1,4,0.0,"N",0.0,0.0,0.0,"",""
"SKU-PAN-0028","2023-06-18",9,1,4,11,67.5,"N",0.0,0.0,0.0,"",""
"SKU-TSH-0029","2023-06-18",13,0,4,11,97.5,"N",0.0,0.0,0.0,"",""
"SKU-CRO-0030","2023-06-18",0,0,2,9,0.0,"N",46.0,621.0,40.0,"2023-07-27","2023-07-28"
"SKU-JAC-0031","2023-06-18",0,0,2,4,0.0,"N",0.0,0.0,0.0,"",""
"SKU-TSH-0032","2023-06-18",35,0,2,9,525.0,"N",0.0,0.0,0.0,"",""
"SKU-SHO-0033","2023-06-18",51,0,3,10,510.0,"N",0.0,0.0,0.0,"",""
"SKU-PAN-0034","2023-06-18",22,0,2,5,330.0,"N",0.0,0.0,0.0,"",""
"SKU-CRO-0035","2023-06-18",0,0,4,9,0.0,"N",0.0,0.0,0.0,"",""
"SKU-SHI-0036","2023-06-18",63,2,5,10,378.0,"N",0.0,0.0,0.0,"",""
"SKU-CRO-0037","2023-06-18",62,0,1,4,999.0,"N",0.0,0.0,0.0,"",""
"SKU-CRO-0038","2023-06-18",0,3,6,9,0.0,"N",49.0,1060.0,48.0,"2023-08-03","2023-08-05"
"SKU-SHO-0039","2023-06-18",52,2,5,5,312.0,"N",0.0,0.0,0.0,"",""
"SKU-SHO-0040","2023-06-18",70,2,4,8,525.0,"N",0.0,0.0,0.0,"",""
"SKU-TSH-0041","2023-06-18",76,1,5,8,456.0,"N",0.0,0.0,0.0,"",""
"SKU-CRO-0042","2023-06-18",63,1,1,3,999.0,"N",0.0,0.0,0.0,"",""
"SKU-CRO-0043","2023-06-18",13,0,2,5,195.0,"N",0.0,0.0,0.0,"",""
"SKU-JAC-0044","2023-06-18",63,0,1,4,999.0,"N",0.0,0.0,0.0,"",""
"SKU-SHI-0045","2023-06-18",65,1,1,2,999.0,"N",0.0,0.0,0.0,"",""
"SKU-JAC-0046","2023-06-18",83,0,1,3,999.0,"N",0.0,0.0,0.0,"",""
"SKU-PAN-0047","2023-06-18",57,1,3,8,570.0,"N",0.0,0.0,0.0,"",""
"SKU-CRO-0048","2023-06-18",5,0,3,6,50.0,"N",0.0,0.0,0.0,"",""
"SKU-TSH-0049","2023-06-18",79,0,8,10,296.2,"N",0.0,0.0,0.0,"",""
"SKU-SHO-0050","2023-06-18",78,0,2,4,999.0,"N",0.0,0.0,0.0,"",""
"SKU-SHI-0051","2023-06-18",20,1,4,9,150.0,"N",0.0,0.0,0.0,"",""
"SKU-SHI-0052","2023-06-18",36,0,2,5,540.0,"N",0.0,0.0,0.0,"",""
"SKU-JAC-0053","2023-06-18",22,1,4,5,165.0,"N",0.0,0.0,0.0,"",""
"SKU-SHI-0054","2023-06-18",39,0,1,2,999.0,"N",0.0,0.0,0.0,"",""
"SKU-JAC-0055","2023-06-18",80,1,3,5,800.0,"N",0.0,0.0,0.0,"",""
"SKU-SHI-0001","2023-06-25",0,44,171,371,0.0,"N",308.0,705.0,49.0,"2023-08-08","2023-08-13"
"SKU-PAN-0002","2023-06-25",0,22,96,168,0.0,"N",0.0,0.0,0.0,"",""
"SKU-SHI-0003","2023-06-25",0,15,61,128,0.0,"N",0.0,0.0,0.0,"",""
"SKU-TSH-0004","2023-06-25",0,8,38,91,0.0,"N",0.0,0.0,0.0,"",""
"SKU-CRO-0005","2023-06-25",0,9,39,71,0.0,"N",74.0,846.0,43.0,"2023-08-05","2023-08-07"
"SKU-SHI-0006","2023-06-25",0,11,28,62,0.0,"N",0.0,0.0,0.0,"",""
"SKU-CRO-0007","2023-06-25",0,3,31,54,0.0,"N",0.0,0.0,0.0,"",""
"SKU-PAN-0008","2023-06-25",0,3,26,45,0.0,"N",0.0,0.0,0.0,"",""
"SKU-PAN-0009","2023-06-25",0,2,18,40,0.0,"N",0.0,0.0,0.0,"",""
"SKU-TSH-0010","2023-06-25",0,4,14,28,0.0,"N",0.0,0.0,0.0,"",""
"SKU-SHO-0011","2023-06-25",0,5,20,41,0.0,"N",0.0,0.0,0.0,"",""
"SKU-TSH-0012","2023-06-25",0,2,11,19,0.0,"N",0.0,0.0,0.0,"",""
"SKU-SHI-0013","2023-06-25",0,1,8,24,0.0,"N",53.0,1227.0,42.0,"2023-08-01","2023-08-06"
"SKU-CRO-0014","2023-06-25",0,5,15,21,0.0,"N",68.0,756.0,39.0,"2023-08-03","2023-08-03"
"SKU-SHI-0015","2023-06-25",0,1,4,14,0.0,"N",45.0,940.0,56.0,"2023-08-18","2023-08-20"
"SKU-PAN-0016","2023-06-25",0,0,7,19,0.0,"N",0.0,0.0,0.0,"",""
"SKU-SHI-0017","2023-06-25",0,3,13,23,0.0,"N",0.0,0.0,0.0,"",""
"SKU-PAN-0018","2023-06-25",0,3,11,17,0.0,"N",0.0,0.0,0.0,"",""
"SKU-CRO-0019","2023-06-25",0,1,7,14,0.0,"N",64.0,726.0,42.0,"2023-08-03","2023-08-06"
"SKU-PAN-0020","2023-06-25",0,1,9,16,0.0,"N",62.0,1163.0,38.0,"2023-08-02","2023-08-02"
"SKU-PAN-0021","2023-06-25",0,2,7,20,0.0,"N",0.0,0.0,0.0,"",""
"SKU-PAN-0022","2023-06-25",0,2,6,17,0.0,"N",0.0,0.0,0.0,"",""
"SKU-SHO-0023","2023-06-25",4,2,6,12,20.0,"N",0.0,0.0,0.0,"",""
"SKU-SHI-0024","2023-06-25",0,3,8,11,0.0,"N",0.0,0.0,0.0,"",""
"SKU-JAC-0025","2023-06-25",0,2,10,20,0.0,"N",0.0,0.0,0.0,"",""
"SKU-PAN-0026","2023-06-25",2,2,9,14,6.7,"N",0.0,0.0,0.0,"",""
"SKU-JAC-0027","2023-06-25",0,1,1,4,0.0,"N",42.0,1871.0,42.0,"2023-08-04","2023-08-06"
"SKU-PAN-0028","2023-06-25",9,0,2,7,135.0,"N",0.0,0.0,0.0,"",""
"SKU-TSH-0029","2023-06-25",11,2,4,11,82.5,"N",0.0,0.0,0.0,"",""
"SKU-CRO-0030","2023-06-25",0,1,1,9,0.0,"N",0.0,0.0,0.0,"",""
"SKU-JAC-0031","2023-06-25",0,0,1,4,0.0,"N",40.0,1800.0,49.0,"2023-08-08","2023-08-13"
"SKU-TSH-0032","2023-06-25",34,1,2,8,510.0,"N",0.0,0.0,0.0,"",""
"SKU-SHO-0033","2023-06-25",48,3,5,10,288.0,"N",0.0,0.0,0.0,"",""
"SKU-PAN-0034","2023-06-25",21,1,3,5,210.0,"N",0.0,0.0,0.0,"",""
"SKU-CRO-0035","2023-06-25",0,2,6,8,0.0,"N",49.0,721.0,51.0,"2023-08-15","2023-08-15"
"SKU-SHI-0036","2023-06-25",62,1,5,10,372.0,"N",0.0,0.0,0.0,"",""
"SKU-CRO-0037","2023-06-25",62,0,1,2,999.0,"N",0.0,0.0,0.0,"",""
"SKU-CRO-0038","2023-06-25",0,0,6,7,0.0,"N",0.0,0.0,0.0,"",""
"SKU-SHO-0039","2023-06-25",51,1,6,6,255.0,"N",0.0,0.0,0.0,"",""
"SKU-SHO-0040","2023-06-25",69,1,5,8,414.0,"N",0.0,0.0,0.0,"",""
"SKU-TSH-0041","2023-06-25",75,1,4,9,562.5,"N",0.0,0.0,0.0,"",""
"SKU-CRO-0042","2023-06-25",62,1,2,4,930.0,"N",0.0,0.0,0.0,"",""
"SKU-CRO-0043","2023-06-25",12,1,3,5,120.0,"N",0.0,0.0,0.0,"",""
"SKU-JAC-0044","2023-06-25",62,1,2,4,930.0,"N",0.0,0.0,0.0,"",""
"SKU-SHI-0045","2023-06-25",63,2,3,4,630.0,"N",0.0,0.0,0.0,"",""
"SKU-JAC-0046","2023-06-25",83,0,0,2,999.0,"N",0.0,0.0,0.0,"",""
"SKU-PAN-0047","2023-06-25",56,1,4,7,420.0,"N",0.0,0.0,0.0,"",""
"SKU-CRO-0048","2023-06-25",5,0,3,4,50.0,"N",0.0,0.0,0.0,"",""
"SKU-TSH-0049","2023-06-25",78,1,8,11,292.5,"N",0.0,0.0,0.0,"",""
"SKU-SHO-0050","2023-06-25",78,0,2,3,999.0,"N",0.0,0.0,0.0,"",""
"SKU-SHI-0051","2023-06-25",19,1,5,8,114.0,"N",0.0,0.0,0.0,"",""
"SKU-SHI-0052","2023-06-25",35,1,3,5,350.0,"N",0.0,0.0,0.0,"",""
"SKU-JAC-0053","2023-06-25",22,0,2,5,330.0,"N",0.0,0.0,0.0,"",""
"SKU-SHI-0054","2023-06-25",39,0,1,2,999.0,"N",0.0,0.0,0.0,"",""
"SKU-JAC-0055","2023-06-25",79,1,4,6,592.5,"N",0.0,0.0,0.0,"",""
"SKU-SHI-0001","2023-07-02",0,43,168,360,0.0,"N",0.0,0.0,0.0,"",""
"SKU-PAN-0002","2023-07-02",0,17,97,167,0.0,"N",174.0,982.0,37.0,"2023-08-07","2023-08-08"
"SKU-SHI-0003","2023-07-02",0,16,61,129,0.0,"N",0.0,0.0,0.0,"",""
"SKU-TSH-0004","2023-07-02",0,11,37,85,0.0,"N",0.0,0.0,0.0,"",""
"SKU-CRO-0005","2023-07-02",0,8,39,64,0.0,"N",0.0,0.0,0.0,"",""
"SKU-SHI-0006","2023-07-02",0,8,33,55,0.0,"N",0.0,0.0,0.0,"",""
"SKU-CRO-0007","2023-07-02",0,8,30,54,0.0,"N",73.0,818.0,39.0,"2023-08-05","2023-08-10"
"SKU-PAN-0008","2023-07-02",0,3,19,41,0.0,"N",0.0,0.0,0.0,"",""
"SKU-PAN-0009","2023-07-02",0,2,17,36,0.0,"N",0.0,0.0,0.0,"",""
"SKU-TSH-0010","2023-07-02",0,6,18,31,0.0,"N",0.0,0.0,0.0,"",""
"SKU-SHO-0011","2023-07-02",0,4,19,39,0.0,"N",0.0,0.0,0.0,"",""
"SKU-TSH-0012","2023-07-02",0,2,12,18,0.0,"N",40.0,715.0,43.0,"2023-08-14","2023-08-14"
"SKU-SHI-0013","2023-07-02",0,4,10,25,0.0,"N",0.0,0.0,0.0,"",""
"SKU-CRO-0014","2023-07-02",0,2,14,21,0.0,"N",0.0,0.0,0.0,"",""
"SKU-SHI-0015","2023-07-02",0,3,6,17,0.0,"N",0.0,0.0,0.0,"",""
"SKU-PAN-0016","2023-07-02",0,4,9,18,0.0,"N",0.0,0.0,0.0,"",""
"SKU-SHI-0017","2023-07-02",0,1,11,21,0.0,"N",54.0,842.0,50.0,"2023-08-19","2023-08-21"
"SKU-PAN-0018","2023-07-02",0,3,11,19,0.0,"N",0.0,0.0,0.0,"",""
"SKU-CRO-0019","2023-07-02",0,1,6,13,0.0,"N",0.0,0.0,0.0,"",""
"SKU-PAN-0020","2023-07-02",0,2,8,16,0.0,"N",0.0,0.0,0.0,"",""
"SKU-PAN-0021","2023-07-02",0,1,7,18,0.0,"N",66.0,1216.0,39.0,"2023-08-10","2023-08-10"
"SKU-PAN-0022","2023-07-02",0,2,8,14,0.0,"N",0.0,0.0,0.0,"",""
"SKU-SHO-0023","2023-07-02",3,1,7,11,12.9,"N",40.0,668.0,45.0,"2023-08-14","2023-08-16"
"SKU-SHI-0024","2023-07-02",0,3,10,13,0.0,"N",40.0,854.0,50.0,"2023-08-21","2023-08-21"
"SKU-JAC-0025","2023-07-02",0,1,7,19,0.0,"N",40.0,1639.0,48.0,"2023-08-17","2023-08-19"
"SKU-PAN-0026","2023-07-02",0,2,8,15,0.0,"N",0.0,0.0,0.0,"",""
"SKU-JAC-0027","2023-07-02",0,0,1,3,0.0,"N",0.0,0.0,0.0,"",""
"SKU-PAN-0028","2023-07-02",7,2,4,8,52.5,"N",0.0,0.0,0.0,"",""
"SKU-TSH-0029","2023-07-02",10,1,3,9,100.0,"N",0.0,0.0,0.0,"",""
"SKU-CRO-0030","2023-07-02",0,1,2,9,0.0,"N",0.0,0.0,0.0,"",""
"SKU-JAC-0031","2023-07-02",0,0,0,3,999.0,"N",0.0,0.0,0.0,"",""
"SKU-TSH-0032","2023-07-02",32,2,4,9,240.0,"N",0.0,0.0,0.0,"",""
"SKU-SHO-0033","2023-07-02",47,1,5,9,282.0,"N",0.0,0.0,0.0,"",""
"SKU-PAN-0034","2023-07-02",18,3,6,6,90.0,"N",0.0,0.0,0.0,"",""
"SKU-CRO-0035","2023-07-02",0,1,6,9,0.0,"N",0.0,0.0,0.0,"",""
"SKU-SHI-0036","2023-07-02",62,0,5,9,372.0,"N",0.0,0.0,0.0,"",""
"SKU-CRO-0037","2023-07-02",62,0,1,1,999.0,"N",0.0,0.0,0.0,"",""
"SKU-CRO-0038","2023-07-02",0,1,6,8,0.0,"N",0.0,0.0,0.0,"",""
"SKU-SHO-0039","2023-07-02",51,0,4,6,382.5,"N",0.0,0.0,0.0,"",""
"SKU-SHO-0040","2023-07-02",69,0,4,7,517.5,"N",0.0,0.0,0.0,"",""
"SKU-TSH-0041","2023-07-02",74,1,5,10,444.0,"N",0.0,0.0,0.0,"",""
"SKU-CRO-0042","2023-07-02",60,2,4,6,450.0,"N",0.0,0.0,0.0,"",""
"SKU-CRO-0043","2023-07-02",12,0,3,5,120.0,"N",0.0,0.0,0.0,"",""
"SKU-JAC-0044","2023-07-02",62,0,2,3,930.0,"N",0.0,0.0,0.0,"",""
"SKU-SHI-0045","2023-07-02",63,0,3,3,630.0,"N",0.0,0.0,0.0,"",""
"SKU-JAC-0046","2023-07-02",83,0,0,2,999.0,"N",0.0,0.0,0.0,"",""
"SKU-PAN-0047","2023-07-02",55,1,4,7,412.5,"N",0.0,0.0,0.0,"",""
"SKU-CRO-0048","2023-07-02",4,1,2,5,60.0,"N",0.0,0.0,0.0,"",""
"SKU-TSH-0049","2023-07-02",78,0,6,10,390.0,"N",0.0,0.0,0.0,"",""
"SKU-SHO-0050","2023-07-02",76,2,3,4,760.0,"N",0.0,0.0,0.0,"",""
"SKU-SHI-0051","2023-07-02",19,0,4,6,142.5,"N",0.0,0.0,0.0,"",""
"SKU-SHI-0052","2023-07-02",33,2,5,6,198.0,"N",0.0,0.0,0.0,"",""
"SKU-JAC-0053","2023-07-02",22,0,1,5,660.0,"N",0.0,0.0,0.0,"",""
"SKU-SHI-0054","2023-07-02",39,0,1,2,999.0,"N",0.0,0.0,0.0,"",""
"SKU-JAC-0055","2023-07-02",79,0,3,6,790.0,"N",0.0,0.0,0.0,"",""
"SKU-SHI-0001","2023-07-09",0,47,177,363,0.0,"N",0.0,0.0,0.0,"",""
"SKU-PAN-0002","2023-07-09",0,20,96,175,0.0,"N",0.0,0.0,0.0,"",""
"SKU-SHI-0003","2023-07-09",0,21,68,132,0.0,"N",151.0,1004.0,42.0,"2023-08-15","2023-08-20"
"SKU-TSH-0004","2023-07-09",0,10,37,82,0.0,"N",0.0,0.0,0.0,"",""
"SKU-CRO-0005","2023-07-09",0,10,36,65,0.0,"N",0.0,0.0,0.0,"",""
"SKU-SHI-0006","2023-07-09",0,6,33,57,0.0,"N",0.0,0.0,0.0,"",""
"SKU-CRO-0007","2023-07-09",0,9,31,60,0.0,"N",0.0,0.0,0.0,"",""
"SKU-PAN-0008","2023-07-09",0,4,17,41,0.0,"N",0.0,0.0,0.0,"",""
"SKU-PAN-0009","2023-07-09",0,1,11,33,0.0,"N",0.0,0.0,0.0,"",""
"SKU-TSH-0010","2023-07-09",0,2,16,26,0.0,"N",0.0,0.0,0.0,"",""
"SKU-SHO-0011","2023-07-09",0,6,20,39,0.0,"N",0.0,0.0,0.0,"",""
"SKU-TSH-0012","2023-07-09",0,6,13,22,0.0,"N",0.0,0.0,0.0,"",""
"SKU-SHI-0013","2023-07-09",0,1,8,23,0.0,"N",0.0,0.0,0.0,"",""
"SKU-CRO-0014","2023-07-09",0,2,14,23,0.0,"N",0.0,0.0,0.0,"",""
"SKU-SHI-0015","2023-07-09",0,4,8,17,0.0,"N",0.0,0.0,0.0,"",""
"SKU-PAN-0016","2023-07-09",0,2,7,17,0.0,"N",0.0,0.0,0.0,"",""
"SKU-SHI-0017","2023-07-09",0,5,13,25,0.0,"N",0.0,0.0,0.0,"",""
"SKU-PAN-0018","2023-07-09",0,1,10,18,0.0,"N",0.0,0.0,0.0,"",""
"SKU-CRO-0019","2023-07-09",0,1,7,13,0.0,"N",0.0,0.0,0.0,"",""
"SKU-PAN-0020","2023-07-09",0,2,7,15,0.0,"N",0.0,0.0,0.0,"",""
"SKU-PAN-0021","2023-07-09",0,0,4,15,0.0,"N",0.0,0.0,0.0,"",""
"SKU-PAN-0022","2023-07-09",0,2,6,15,0.0,"N",40.0,1076.0,46.0,"2023-08-24","2023-08-24"
"SKU-SHO-0023","2023-07-09",1,2,7,12,4.3,"N",0.0,0.0,0.0,"",""
"SKU-SHI-0024","2023-07-09",0,1,9,14,0.0,"N",0.0,0.0,0.0,"",""
"SKU-JAC-0025","2023-07-09",0,1,6,18,0.0,"N",0.0,0.0,0.0,"",""
"SKU-PAN-0026","2023-07-09",0,2,8,17,0.0,"N",0.0,0.0,0.0,"",""
"SKU-JAC-0027","2023-07-09",0,2,3,4,0.0,"N",0.0,0.0,0.0,"",""
"SKU-PAN-0028","2023-07-09",6,1,4,8,45.0,"N",0.0,0.0,0.0,"",""
"SKU-TSH-0029","2023-07-09",9,1,4,9,67.5,"N",0.0,0.0,0.0,"",""
"SKU-CRO-0030","2023-07-09",0,1,3,9,0.0,"N",0.0,0.0,0.0,"",""
"SKU-JAC-0031","2023-07-09",0,2,2,5,0.0,"N",0.0,0.0,0.0,"",""
"SKU-TSH-0032","2023-07-09",30,2,5,8,180.0,"N",0.0,0.0,0.0,"",""
"SKU-SHO-0033","2023-07-09",46,1,6,9,230.0,"N",0.0,0.0,0.0,"",""
"SKU-PAN-0034","2023-07-09",18,0,4,6,135.0,"N",0.0,0.0,0.0,"",""
"SKU-CRO-0035","2023-07-09",0,1,4,9,0.0,"N",0.0,0.0,0.0,"",""
"SKU-SHI-0036","2023-07-09",60,2,5,11,360.0,"N",0.0,0.0,0.0,"",""
"SKU-CRO-0037","2023-07-09",61,1,1,2,999.0,"N",0.0,0.0,0.0,"",""
"SKU-CRO-0038","2023-07-09",0,0,4,8,0.0,"N",0.0,0.0,0.0,"",""
"SKU-SHO-0039","2023-07-09",51,0,3,6,510.0,"N",0.0,0.0,0.0,"",""
"SKU-SHO-0040","2023-07-09",69,0,3,6,690.0,"N",0.0,0.0,0.0,"",""
"SKU-TSH-0041","2023-07-09",73,1,5,10,438.0,"N",0.0,0.0,0.0,"",""
"SKU-CRO-0042","2023-07-09",59,1,5,6,354.0,"N",0.0,0.0,0.0,"",""
"SKU-CRO-0043","2023-07-09",11,1,3,5,110.0,"N",0.0,0.0,0.0,"",""
"SKU-JAC-0044","2023-07-09",61,1,2,4,915.0,"N",0.0,0.0,0.0,"",""
"SKU-SHI-0045","2023-07-09",63,0,3,3,630.0,"N",0.0,0.0,0.0,"",""
"SKU-JAC-0046","2023-07-09",82,1,1,2,999.0,"N",0.0,0.0,0.0,"",""
"SKU-PAN-0047","2023-07-09",55,0,3,5,550.0,"N",0.0,0.0,0.0,"",""
"SKU-CRO-0048","2023-07-09",2,2,3,7,20.0,"N",0.0,0.0,0.0,"",""
"SKU-TSH-0049","2023-07-09",78,0,2,10,999.0,"N",0.0,0.0,0.0,"",""
"SKU-SHO-0050","2023-07-09",75,1,3,5,750.0,"N",0.0,0.0,0.0,"",""
"SKU-SHI-0051","2023-07-09",17,2,6,7,85.0,"N",0.0,0.0,0.0,"",""
"SKU-SHI-0052","2023-07-09",31,2,5,7,186.0,"N",0.0,0.0,0.0,"",""
"SKU-JAC-0053","2023-07-09",22,0,1,4,660.0,"N",0.0,0.0,0.0,"",""
"SKU-SHI-0054","2023-07-09",38,1,1,2,999.0,"N",0.0,0.0,0.0,"",""
"SKU-JAC-0055","2023-07-09",78,1,3,6,780.0,"N",0.0,0.0,0.0,"",""
"SKU-SHI-0001","2023-07-16",0,42,187,364,0.0,"N",0.0,0.0,0.0,"",""
"SKU-PAN-0002","2023-07-16",0,16,86,171,0.0,"N",0.0,0.0,0.0,"",""
"SKU-SHI-0003","2023-07-16",0,15,71,132,0.0,"N",0.0,0.0,0.0,"",""
"SKU-TSH-0004","2023-07-16",0,10,41,81,0.0,"N",94.0,539.0,59.0,"2023-09-08","2023-09-13"
"SKU-CRO-0005","2023-07-16",0,10,41,70,0.0,"N",0.0,0.0,0.0,"",""
"SKU-SHI-0006","2023-07-16",0,7,32,56,0.0,"N",104.0,1097.0,33.0,"2023-08-13","2023-08-18"
"SKU-CRO-0007","2023-07-16",0,10,31,65,0.0,"N",0.0,0.0,0.0,"",""
"SKU-PAN-0008","2023-07-16",0,4,17,42,0.0,"N",40.0,1152.0,41.0,"2023-08-26","2023-08-26"
"SKU-PAN-0009","2023-07-16",0,7,12,33,0.0,"N",40.0,1008.0,54.0,"2023-09-03","2023-09-08"
"SKU-TSH-0010","2023-07-16",0,5,17,30,0.0,"N",76.0,782.0,35.0,"2023-08-17","2023-08-20"
"SKU-SHO-0011","2023-07-16",0,4,20,39,0.0,"N",85.0,761.0,36.0,"2023-08-18","2023-08-21"
"SKU-TSH-0012","2023-07-16",0,2,13,23,0.0,"N",0.0,0.0,0.0,"",""
"SKU-SHI-0013","2023-07-16",0,4,10,22,0.0,"N",0.0,0.0,0.0,"",""
"SKU-CRO-0014","2023-07-16",0,0,11,23,0.0,"N",0.0,0.0,0.0,"",""
"SKU-SHI-0015","2023-07-16",0,2,10,14,0.0,"N",0.0,0.0,0.0,"",""
"SKU-PAN-0016","2023-07-16",0,3,10,19,0.0,"N",65.0,970.0,28.0,"2023-08-13","2023-08-13"
"SKU-SHI-0017","2023-07-16",0,1,10,22,0.0,"N",0.0,0.0,0.0,"",""
"SKU-PAN-0018","2023-07-16",0,3,12,19,0.0,"N",40.0,1176.0,44.0,"2023-08-28","2023-08-29"
"SKU-CRO-0019","2023-07-16",0,1,4,12,0.0,"N",0.0,0.0,0.0,"",""
"SKU-PAN-0020","2023-07-16",0,0,6,14,0.0,"N",0.0,0.0,0.0,"",""
"SKU-PAN-0021","2023-07-16",0,0,4,10,0.0,"N",0.0,0.0,0.0,"",""
"SKU-PAN-0022","2023-07-16",0,1,7,14,0.0,"N",0.0,0.0,0.0,"",""
"SKU-SHO-0023","2023-07-16",1,0,5,11,6.0,"N",0.0,0.0,0.0,"",""
"SKU-SHI-0024","2023-07-16",0,4,11,18,0.0,"N",0.0,0.0,0.0,"",""
"SKU-JAC-0025","2023-07-16",0,0,5,17,0.0,"N",0.0,0.0,0.0,"",""
"SKU-PAN-0026","2023-07-16",0,1,8,16,0.0,"N",40.0,1332.0,57.0,"2023-09-09","2023-09-11"
"SKU-JAC-0027","2023-07-16",0,0,3,4,0.0,"N",0.0,0.0,0.0,"",""
"SKU-PAN-0028","2023-07-16",5,1,4,8,37.5,"N",0.0,0.0,0.0,"",""
"SKU-TSH-0029","2023-07-16",8,1,5,9,48.0,"N",0.0,0.0,0.0,"",""
"SKU-CRO-0030","2023-07-16",0,4,7,10,0.0,"N",66.0,621.0,52.0,"2023-09-06","2023-09-06"
"SKU-JAC-0031","2023-07-16",0,2,4,6,0.0,"N",0.0,0.0,0.0,"",""
"SKU-TSH-0032","2023-07-16",29,1,6,9,145.0,"N",0.0,0.0,0.0,"",""
"SKU-SHO-0033","2023-07-16",44,2,7,10,188.6,"N",0.0,0.0,0.0,"",""
"SKU-PAN-0034","2023-07-16",17,1,5,7,102.0,"N",0.0,0.0,0.0,"",""
"SKU-CRO-0035","2023-07-16",0,1,5,9,0.0,"N",0.0,0.0,0.0,"",""
"SKU-SHI-0036","2023-07-16",59,1,5,9,354.0,"N",0.0,0.0,0.0,"",""
"SKU-CRO-0037","2023-07-16",60,1,2,3,900.0,"N",0.0,0.0,0.0,"",""
"SKU-CRO-0038","2023-07-16",0,1,2,8,0.0,"N",43.0,1060.0,47.0,"2023-08-30","2023-09-01"
"SKU-SHO-0039","2023-07-16",49,2,3,8,490.0,"N",0.0,0.0,0.0,"",""
"SKU-SHO-0040","2023-07-16",68,1,3,6,680.0,"N",0.0,0.0,0.0,"",""
"SKU-TSH-0041","2023-07-16",72,1,4,10,540.0,"N",0.0,0.0,0.0,"",""
"SKU-CRO-0042","2023-07-16",59,0,5,5,354.0,"N",0.0,0.0,0.0,"",""
"SKU-CRO-0043","2023-07-16",11,0,2,5,165.0,"N",0.0,0.0,0.0,"",""
"SKU-JAC-0044","2023-07-16",57,4,6,7,285.0,"N",0.0,0.0,0.0,"",""
"SKU-SHI-0045","2023-07-16",62,1,3,4,620.0,"N",0.0,0.0,0.0,"",""
"SKU-JAC-0046","2023-07-16",81,1,2,3,999.0,"N",0.0,0.0,0.0,"",""
"SKU-PAN-0047","2023-07-16",54,1,4,6,405.0,"N",0.0,0.0,0.0,"",""
"SKU-CRO-0048","2023-07-16",2,0,3,6,20.0,"N",0.0,0.0,0.0,"",""
"SKU-TSH-0049","2023-07-16",78,0,1,9,999.0,"N",0.0,0.0,0.0,"",""
"SKU-SHO-0050","2023-07-16",75,0,3,5,750.0,"N",0.0,0.0,0.0,"",""
"SKU-SHI-0051","2023-07-16",16,1,5,8,96.0,"N",0.0,0.0,0.0,"",""
"SKU-SHI-0052","2023-07-16",30,1,6,8,150.0,"N",0.0,0.0,0.0,"",""
"SKU-JAC-0053","2023-07-16",22,0,0,4,999.0,"N",0.0,0.0,0.0,"",""
"SKU-SHI-0054","2023-07-16",37,1,2,3,555.0,"N",0.0,0.0,0.0,"",""
"SKU-JAC-0055","2023-07-16",77,1,4,6,577.5,"N",0.0,0.0,0.0,"",""
"SKU-SHI-0001","2023-07-23",0,50,189,371,0.0,"N",320.0,705.0,42.0,"2023-09-03","2023-09-03"
"SKU-PAN-0002","2023-07-23",0,20,78,176,0.0,"N",0.0,0.0,0.0,"",""
"SKU-SHI-0003","2023-07-23",0,11,68,127,0.0,"N",0.0,0.0,0.0,"",""
"SKU-TSH-0004","2023-07-23",0,17,51,89,0.0,"N",0.0,0.0,0.0,"",""
"SKU-CRO-0005","2023-07-23",0,16,46,83,0.0,"N",90.0,846.0,57.0,"2023-09-16","2023-09-18"
"SKU-SHI-0006","2023-07-23",0,7,30,58,0.0,"N",0.0,0.0,0.0,"",""
"SKU-CRO-0007","2023-07-23",0,7,36,68,0.0,"N",0.0,0.0,0.0,"",""
"SKU-PAN-0008","2023-07-23",0,8,20,46,0.0,"N",0.0,0.0,0.0,"",""
"SKU-PAN-0009","2023-07-23",0,6,17,35,0.0,"N",0.0,0.0,0.0,"",""
"SKU-TSH-0010","2023-07-23",0,4,17,32,0.0,"N",0.0,0.0,0.0,"",""
"SKU-SHO-0011","2023-07-23",0,4,20,39,0.0,"N",0.0,0.0,0.0,"",""
"SKU-TSH-0012","2023-07-23",0,6,16,27,0.0,"N",0.0,0.0,0.0,"",""
"SKU-SHI-0013","2023-07-23",0,0,9,19,0.0,"N",44.0,1227.0,55.0,"2023-09-11","2023-09-16"
"SKU-CRO-0014","2023-07-23",0,2,8,21,0.0,"N",40.0,756.0,57.0,"2023-09-15","2023-09-18"
"SKU-SHI-0015","2023-07-23",0,6,15,19,0.0,"N",40.0,940.0,57.0,"2023-09-16","2023-09-18"
"SKU-PAN-0016","2023-07-23",0,2,11,20,0.0,"N",0.0,0.0,0.0,"",""
"SKU-SHI-0017","2023-07-23",0,2,9,22,0.0,"N",0.0,0.0,0.0,"",""
"SKU-PAN-0018","2023-07-23",0,2,11,20,0.0,"N",0.0,0.0,0.0,"",""
"SKU-CRO-0019","2023-07-23",0,1,4,11,0.0,"N",40.0,726.0,47.0,"2023-09-07","2023-09-08"
"SKU-PAN-0020","2023-07-23",0,2,7,16,0.0,"N",40.0,1163.0,48.0,"2023-09-04","2023-09-09"
"SKU-PAN-0021","2023-07-23",0,1,2,10,0.0,"N",0.0,0.0,0.0,"",""
"SKU-PAN-0022","2023-07-23",0,4,9,16,0.0,"N",0.0,0.0,0.0,"",""
"SKU-SHO-0023","2023-07-23",0,2,6,11,0.0,"N",0.0,0.0,0.0,"",""
"SKU-SHI-0024","2023-07-23",0,1,12,18,0.0,"N",0.0,0.0,0.0,"",""
"SKU-JAC-0025","2023-07-23",0,0,4,14,0.0,"N",0.0,0.0,0.0,"",""
"SKU-PAN-0026","2023-07-23",0,1,7,15,0.0,"N",0.0,0.0,0.0,"",""
"SKU-JAC-0027","2023-07-23",0,2,4,5,0.0,"N",52.0,1871.0,34.0,"2023-08-21","2023-08-26"
"SKU-PAN-0028","2023-07-23",2,3,7,9,8.6,"N",40.0,1317.0,34.0,"2023-08-24","2023-08-26"
"SKU-TSH-0029","2023-07-23",7,1,4,8,52.5,"N",0.0,0.0,0.0,"",""
"SKU-CRO-0030","2023-07-23",0,0,7,8,0.0,"N",0.0,0.0,0.0,"",""
"SKU-JAC-0031","2023-07-23",0,0,4,6,0.0,"N",40.0,1800.0,47.0,"2023-09-05","2023-09-08"
"SKU-TSH-0032","2023-07-23",28,1,7,8,120.0,"N",0.0,0.0,0.0,"",""
"SKU-SHO-0033","2023-07-23",43,1,6,11,215.0,"N",0.0,0.0,0.0,"",""
"SKU-PAN-0034","2023-07-23",16,1,5,8,96.0,"N",0.0,0.0,0.0,"",""
"SKU-CRO-0035","2023-07-23",0,3,6,12,0.0,"N",40.0,721.0,43.0,"2023-09-02","2023-09-04"
"SKU-SHI-0036","2023-07-23",56,3,6,12,280.0,"N",0.0,0.0,0.0,"",""
"SKU-CRO-0037","2023-07-23",59,1,3,4,590.0,"N",0.0,0.0,0.0,"",""
"SKU-CRO-0038","2023-07-23",0,0,2,8,0.0,"N",0.0,0.0,0.0,"",""
"SKU-SHO-0039","2023-07-23",48,1,3,9,480.0,"N",0.0,0.0,0.0,"",""
"SKU-SHO-0040","2023-07-23",67,1,2,7,999.0,"N",0.0,0.0,0.0,"",""
"SKU-TSH-0041","2023-07-23",72,0,3,9,720.0,"N",0.0,0.0,0.0,"",""
"SKU-CRO-0042","2023-07-23",58,1,4,6,435.0,"N",0.0,0.0,0.0,"",""
"SKU-CRO-0043","2023-07-23",11,0,2,4,165.0,"N",0.0,0.0,0.0,"",""
"SKU-JAC-0044","2023-07-23",56,1,6,8,280.0,"N",0.0,0.0,0.0,"",""
"SKU-SHI-0045","2023-07-23",61,1,3,5,610.0,"N",0.0,0.0,0.0,"",""
"SKU-JAC-0046","2023-07-23",80,1,3,4,800.0,"N",0.0,0.0,0.0,"",""
"SKU-PAN-0047","2023-07-23",54,0,2,6,810.0,"N",0.0,0.0,0.0,"",""
"SKU-CRO-0048","2023-07-23",2,0,3,6,20.0,"N",0.0,0.0,0.0,"",""
"SKU-TSH-0049","2023-07-23",77,1,1,9,999.0,"N",0.0,0.0,0.0,"",""
"SKU-SHO-0050","2023-07-23",75,0,3,5,750.0,"N",0.0,0.0,0.0,"",""
"SKU-SHI-0051","2023-07-23",15,1,5,9,90.0,"N",0.0,0.0,0.0,"",""
"SKU-SHI-0052","2023-07-23",30,0,5,8,180.0,"N",0.0,0.0,0.0,"",""
"SKU-JAC-0053","2023-07-23",22,0,0,3,999.0,"N",0.0,0.0,0.0,"",""
"SKU-SHI-0054","2023-07-23",36,1,3,4,360.0,"N",0.0,0.0,0.0,"",""
"SKU-JAC-0055","2023-07-23",77,0,2,6,999.0,"N",0.0,0.0,0.0,"",""
"SKU-SHI-0001","2023-07-30",0,39,190,356,0.0,"N",0.0,0.0,0.0,"",""
"SKU-PAN-0002","2023-07-30",0,19,77,174,0.0,"N",156.0,982.0,42.0,"2023-09-08","2023-09-10"
"SKU-SHI-0003","2023-07-30",0,12,63,123,0.0,"N",0.0,0.0,0.0,"",""
"SKU-TSH-0004","2023-07-30",0,9,51,86,0.0,"N",0.0,0.0,0.0,"",""
"SKU-CRO-0005","2023-07-30",0,8,46,84,0.0,"N",0.0,0.0,0.0,"",""
"SKU-SHI-0006","2023-07-30",0,14,35,67,0.0,"N",0.0,0.0,0.0,"",""
"SKU-CRO-0007","2023-07-30",0,7,35,66,0.0,"N",64.0,818.0,33.0,"2023-08-29","2023-09-01"
"SKU-PAN-0008","2023-07-30",0,6,23,42,0.0,"N",0.0,0.0,0.0,"",""
"SKU-PAN-0009","2023-07-30",0,7,21,39,0.0,"N",0.0,0.0,0.0,"",""
"SKU-TSH-0010","2023-07-30",0,1,13,32,0.0,"N",0.0,0.0,0.0,"",""
"SKU-SHO-0011","2023-07-30",0,5,20,40,0.0,"N",0.0,0.0,0.0,"",""
"SKU-TSH-0012","2023-07-30",0,3,17,29,0.0,"N",40.0,715.0,44.0,"2023-09-11","2023-09-12"
"SKU-SHI-0013","2023-07-30",0,4,9,20,0.0,"N",0.0,0.0,0.0,"",""
"SKU-CRO-0014","2023-07-30",0,4,9,22,0.0,"N",0.0,0.0,0.0,"",""
"SKU-SHI-0015","2023-07-30",0,3,17,22,0.0,"N",0.0,0.0,0.0,"",""
"SKU-PAN-0016","2023-07-30",0,3,11,19,0.0,"N",0.0,0.0,0.0,"",""
"SKU-SHI-0017","2023-07-30",0,2,10,21,0.0,"N",40.0,842.0,59.0,"2023-09-22","2023-09-27"
"SKU-PAN-0018","2023-07-30",0,2,8,19,0.0,"N",0.0,0.0,0.0,"",""
"SKU-CRO-0019","2023-07-30",0,0,3,10,0.0,"N",0.0,0.0,0.0,"",""
"SKU-PAN-0020","2023-07-30",0,1,5,13,0.0,"N",0.0,0.0,0.0,"",""
"SKU-PAN-0021","2023-07-30",0,1,2,10,0.0,"N",47.0,1216.0,54.0,"2023-09-19","2023-09-22"
"SKU-PAN-0022","2023-07-30",0,2,9,17,0.0,"N",0.0,0.0,0.0,"",""
"SKU-SHO-0023","2023-07-30",0,2,6,13,0.0,"N",47.0,668.0,44.0,"2023-09-07","2023-09-12"
"SKU-SHI-0024","2023-07-30",0,2,10,18,0.0,"N",40.0,854.0,56.0,"2023-09-21","2023-09-24"
"SKU-JAC-0025","2023-07-30",0,3,5,11,0.0,"N",40.0,1639.0,33.0,"2023-08-30","2023-09-01"
"SKU-PAN-0026","2023-07-30",0,3,8,16,0.0,"N",0.0,0.0,0.0,"",""
"SKU-JAC-0027","2023-07-30",0,0,4,5,0.0,"N",0.0,0.0,0.0,"",""
"SKU-PAN-0028","2023-07-30",0,4,9,13,0.0,"N",0.0,0.0,0.0,"",""
"SKU-TSH-0029","2023-07-30",6,1,4,7,45.0,"N",0.0,0.0,0.0,"",""
"SKU-CRO-0030","2023-07-30",0,1,6,8,0.0,"N",0.0,0.0,0.0,"",""
"SKU-JAC-0031","2023-07-30",0,1,5,5,0.0,"N",0.0,0.0,0.0,"",""
"SKU-TSH-0032","2023-07-30",27,1,5,9,162.0,"N",0.0,0.0,0.0,"",""
"SKU-SHO-0033","2023-07-30",43,0,4,9,322.5,"N",0.0,0.0,0.0,"",""
"SKU-PAN-0034","2023-07-30",14,2,4,10,105.0,"N",0.0,0.0,0.0,"",""
"SKU-CRO-0035","2023-07-30",0,4,9,16,0.0,"N",0.0,0.0,0.0,"",""
"SKU-SHI-0036","2023-07-30",55,1,7,12,235.7,"N",0.0,0.0,0.0,"",""
"SKU-CRO-0037","2023-07-30",58,1,4,5,435.0,"N",0.0,0.0,0.0,"",""
"SKU-CRO-0038","2023-07-30",0,4,5,11,0.0,"N",0.0,0.0,0.0,"",""
"SKU-SHO-0039","2023-07-30",47,1,4,10,352.5,"N",0.0,0.0,0.0,"",""
"SKU-SHO-0040","2023-07-30",66,1,3,7,660.0,"N",0.0,0.0,0.0,"",""
"SKU-TSH-0041","2023-07-30",72,0,2,7,999.0,"N",0.0,0.0,0.0,"",""
"SKU-CRO-0042","2023-07-30",57,1,3,7,570.0,"N",0.0,0.0,0.0,"",""
"SKU-CRO-0043","2023-07-30",10,1,2,5,150.0,"N",0.0,0.0,0.0,"",""
"SKU-JAC-0044","2023-07-30",55,1,7,9,235.7,"N",0.0,0.0,0.0,"",""
"SKU-SHI-0045","2023-07-30",61,0,2,5,915.0,"N",0.0,0.0,0.0,"",""
"SKU-JAC-0046","2023-07-30",78,2,5,5,468.0,"N",0.0,0.0,0.0,"",""
"SKU-PAN-0047","2023-07-30",54,0,1,5,999.0,"N",0.0,0.0,0.0,"",""
"SKU-CRO-0048","2023-07-30",1,1,3,5,10.0,"N",46.0,736.0,37.0,"2023-09-02","2023-09-05"
"SKU-TSH-0049","2023-07-30",77,0,1,7,999.0,"N",0.0,0.0,0.0,"",""
"SKU-SHO-0050","2023-07-30",75,0,1,4,999.0,"N",0.0,0.0,0.0,"",""
"SKU-SHI-0051","2023-07-30",15,0,4,8,112.5,"N",0.0,0.0,0.0,"",""
"SKU-SHI-0052","2023-07-30",30,0,4,8,225.0,"N",0.0,0.0,0.0,"",""
"SKU-JAC-0053","2023-07-30",22,0,0,2,999.0,"N",0.0,0.0,0.0,"",""
"SKU-SHI-0054","2023-07-30",35,1,4,5,262.5,"N",0.0,0.0,0.0,"",""
"SKU-JAC-0055","2023-07-30",76,1,3,7,760.0,"N",0.0,0.0,0.0,"",""
"SKU-SHI-0001","2023-08-06",0,63,208,383,0.0,"N",0.0,0.0,0.0,"",""
"SKU-PAN-0002","2023-08-06",0,31,93,192,0.0,"N",0.0,0.0,0.0,"",""
"SKU-SHI-0003","2023-08-06",0,13,59,124,0.0,"N",98.0,1004.0,44.0,"2023-09-14","2023-09-19"
"SKU-TSH-0004","2023-08-06",0,11,51,88,0.0,"N",0.0,0.0,0.0,"",""
"SKU-CRO-0005","2023-08-06",0,12,50,86,0.0,"N",0.0,0.0,0.0,"",""
"SKU-SHI-0006","2023-08-06",0,6,36,69,0.0,"N",0.0,0.0,0.0,"",""
"SKU-CRO-0007","2023-08-06",0,6,30,63,0.0,"N",0.0,0.0,0.0,"",""
"SKU-PAN-0008","2023-08-06",0,5,23,42,0.0,"N",0.0,0.0,0.0,"",""
"SKU-PAN-0009","2023-08-06",0,10,30,42,0.0,"N",0.0,0.0,0.0,"",""
"SKU-TSH-0010","2023-08-06",0,6,17,32,0.0,"N",0.0,0.0,0.0,"",""
"SKU-SHO-0011","2023-08-06",0,6,23,42,0.0,"N",0.0,0.0,0.0,"",""
"SKU-TSH-0012","2023-08-06",0,6,17,32,0.0,"N",0.0,0.0,0.0,"",""
"SKU-SHI-0013","2023-08-06",0,7,16,24,0.0,"N",0.0,0.0,0.0,"",""
"SKU-CRO-0014","2023-08-06",0,3,10,23,0.0,"N",0.0,0.0,0.0,"",""
"SKU-SHI-0015","2023-08-06",0,2,14,22,0.0,"N",0.0,0.0,0.0,"",""
"SKU-PAN-0016","2023-08-06",0,3,12,19,0.0,"N",0.0,0.0,0.0,"",""
"SKU-SHI-0017","2023-08-06",0,3,10,21,0.0,"N",0.0,0.0,0.0,"",""
"SKU-PAN-0018","2023-08-06",0,4,12,22,0.0,"N",0.0,0.0,0.0,"",""
"SKU-CRO-0019","2023-08-06",0,1,3,10,0.0,"N",0.0,0.0,0.0,"",""
"SKU-PAN-0020","2023-08-06",0,2,6,12,0.0,"N",0.0,0.0,0.0,"",""
"SKU-PAN-0021","2023-08-06",0,1,3,7,0.0,"N",0.0,0.0,0.0,"",""
"SKU-PAN-0022","2023-08-06",0,1,10,14,0.0,"N",64.0,1076.0,30.0,"2023-09-05","2023-09-05"
"SKU-SHO-0023","2023-08-06",0,3,8,14,0.0,"N",0.0,0.0,0.0,"",""
"SKU-SHI-0024","2023-08-06",0,2,10,20,0.0,"N",0.0,0.0,0.0,"",""
"SKU-JAC-0025","2023-08-06",0,0,3,10,0.0,"N",0.0,0.0,0.0,"",""
"SKU-PAN-0026","2023-08-06",0,1,7,15,0.0,"N",0.0,0.0,0.0,"",""
"SKU-JAC-0027","2023-08-06",0,2,5,7,0.0,"N",0.0,0.0,0.0,"",""
"SKU-PAN-0028","2023-08-06",0,1,9,13,0.0,"N",0.0,0.0,0.0,"",""
"SKU-TSH-0029","2023-08-06",5,1,5,8,30.0,"N",0.0,0.0,0.0,"",""
"SKU-CRO-0030","2023-08-06",0,1,6,9,0.0,"N",0.0,0.0,0.0,"",""
"SKU-JAC-0031","2023-08-06",0,5,8,10,0.0,"N",0.0,0.0,0.0,"",""
"SKU-TSH-0032","2023-08-06",26,1,5,10,156.0,"N",0.0,0.0,0.0,"",""
"SKU-SHO-0033","2023-08-06",42,1,4,10,315.0,"N",0.0,0.0,0.0,"",""
"SKU-PAN-0034","2023-08-06",13,1,5,11,78.0,"N",0.0,0.0,0.0,"",""
"SKU-CRO-0035","2023-08-06",0,0,9,12,0.0,"N",0.0,0.0,0.0,"",""
"SKU-SHI-0036","2023-08-06",55,0,7,10,235.7,"N",0.0,0.0,0.0,"",""
"SKU-CRO-0037","2023-08-06",56,2,5,7,336.0,"N",0.0,0.0,0.0,"",""
"SKU-CRO-0038","2023-08-06",0,1,6,10,0.0,"N",0.0,0.0,0.0,"",""
"SKU-SHO-0039","2023-08-06",45,2,6,9,225.0,"N",0.0,0.0,0.0,"",""
"SKU-SHO-0040","2023-08-06",64,2,5,8,384.0,"N",0.0,0.0,0.0,"",""
"SKU-TSH-0041","2023-08-06",72,0,1,7,999.0,"N",0.0,0.0,0.0,"",""
"SKU-CRO-0042","2023-08-06",56,1,3,8,560.0,"N",0.0,0.0,0.0,"",""
"SKU-CRO-0043","2023-08-06",10,0,1,4,300.0,"N",0.0,0.0,0.0,"",""
"SKU-JAC-0044","2023-08-06",54,1,7,9,231.4,"N",0.0,0.0,0.0,"",""
"SKU-SHI-0045","2023-08-06",58,3,5,8,348.0,"N",0.0,0.0,0.0,"",""
"SKU-JAC-0046","2023-08-06",77,1,6,6,385.0,"N",0.0,0.0,0.0,"",""
"SKU-PAN-0047","2023-08-06",53,1,2,5,795.0,"N",0.0,0.0,0.0,"",""
"SKU-CRO-0048","2023-08-06",0,3,4,8,0.0,"N",0.0,0.0,0.0,"",""
"SKU-TSH-0049","2023-08-06",76,1,2,7,999.0,"N",0.0,0.0,0.0,"",""
"SKU-SHO-0050","2023-08-06",74,1,2,4,999.0,"N",0.0,0.0,0.0,"",""
"SKU-SHI-0051","2023-08-06",15,0,2,8,225.0,"N",0.0,0.0,0.0,"",""
"SKU-SHI-0052","2023-08-06",30,0,1,7,900.0,"N",0.0,0.0,0.0,"",""
"SKU-JAC-0053","2023-08-06",22,0,0,1,999.0,"N",0.0,0.0,0.0,"",""
"SKU-SHI-0054","2023-08-06",33,2,6,6,165.0,"N",0.0,0.0,0.0,"",""
"SKU-JAC-0055","2023-08-06",75,1,4,7,562.5,"N",0.0,0.0,0.0,"",""
"SKU-SHI-0001","2023-08-13",0,72,238,426,0.0,"N",0.0,0.0,0.0,"",""
"SKU-PAN-0002","2023-08-13",0,39,114,199,0.0,"N",0.0,0.0,0.0,"",""
"SKU-SHI-0003","2023-08-13",0,18,57,128,0.0,"N",0.0,0.0,0.0,"",""
"SKU-TSH-0004","2023-08-13",0,20,58,100,0.0,"N",117.0,539.0,44.0,"2023-09-26","2023-09-26"
"SKU-CRO-0005","2023-08-13",0,14,55,94,0.0,"N",0.0,0.0,0.0,"",""
"SKU-SHI-0006","2023-08-13",0,10,38,71,0.0,"N",99.0,1097.0,55.0,"2023-10-04","2023-10-07"
"SKU-CRO-0007","2023-08-13",0,7,31,62,0.0,"N",0.0,0.0,0.0,"",""
"SKU-PAN-0008","2023-08-13",0,7,26,44,0.0,"N",77.0,1152.0,41.0,"2023-09-23","2023-09-23"
"SKU-PAN-0009","2023-08-13",0,8,34,44,0.0,"N",105.0,1008.0,51.0,"2023-10-01","2023-10-03"
"SKU-TSH-0010","2023-08-13",0,8,20,38,0.0,"N",66.0,782.0,34.0,"2023-09-14","2023-09-16"
"SKU-SHO-0011","2023-08-13",0,4,20,40,0.0,"N",42.0,761.0,50.0,"2023-10-02","2023-10-02"
"SKU-TSH-0012","2023-08-13",0,6,22,36,0.0,"N",0.0,0.0,0.0,"",""
"SKU-SHI-0013","2023-08-13",0,5,17,27,0.0,"N",0.0,0.0,0.0,"",""
"SKU-CRO-0014","2023-08-13",0,3,12,23,0.0,"N",0.0,0.0,0.0,"",""
"SKU-SHI-0015","2023-08-13",0,1,12,22,0.0,"N",0.0,0.0,0.0,"",""
"SKU-PAN-0016","2023-08-13",0,2,10,20,0.0,"N",69.0,970.0,46.0,"2023-09-25","2023-09-28"
"SKU-SHI-0017","2023-08-13",0,3,10,21,0.0,"N",0.0,0.0,0.0,"",""
"SKU-PAN-0018","2023-08-13",0,3,12,23,0.0,"N",40.0,1176.0,45.0,"2023-09-26","2023-09-27"
"SKU-CRO-0019","2023-08-13",0,4,6,13,0.0,"N",0.0,0.0,0.0,"",""
"SKU-PAN-0020","2023-08-13",0,3,8,15,0.0,"N",0.0,0.0,0.0,"",""
"SKU-PAN-0021","2023-08-13",0,4,7,11,0.0,"N",0.0,0.0,0.0,"",""
"SKU-PAN-0022","2023-08-13",0,2,10,16,0.0,"N",0.0,0.0,0.0,"",""
"SKU-SHO-0023","2023-08-13",0,3,10,16,0.0,"N",0.0,0.0,0.0,"",""
"SKU-SHI-0024","2023-08-13",0,1,7,17,0.0,"N",0.0,0.0,0.0,"",""
"SKU-JAC-0025","2023-08-13",0,5,8,13,0.0,"N",0.0,0.0,0.0,"",""
"SKU-PAN-0026","2023-08-13",0,2,8,15,0.0,"N",68.0,1332.0,50.0,"2023-09-27","2023-10-02"
"SKU-JAC-0027","2023-08-13",0,3,7,10,0.0,"N",0.0,0.0,0.0,"",""
"SKU-PAN-0028","2023-08-13",0,0,8,13,0.0,"N",0.0,0.0,0.0,"",""
"SKU-TSH-0029","2023-08-13",3,2,5,10,18.0,"N",0.0,0.0,0.0,"",""
"SKU-CRO-0030","2023-08-13",0,2,5,11,0.0,"N",54.0,621.0,34.0,"2023-09-13","2023-09-16"
"SKU-JAC-0031","2023-08-13",0,2,10,12,0.0,"N",0.0,0.0,0.0,"",""
"SKU-TSH-0032","2023-08-13",26,0,4,9,195.0,"N",0.0,0.0,0.0,"",""
"SKU-SHO-0033","2023-08-13",40,2,5,11,240.0,"N",0.0,0.0,0.0,"",""
"SKU-PAN-0034","2023-08-13",13,0,4,9,97.5,"N",0.0,0.0,0.0,"",""
"SKU-CRO-0035","2023-08-13",0,3,10,15,0.0,"N",0.0,0.0,0.0,"",""
"SKU-SHI-0036","2023-08-13",54,1,5,10,324.0,"N",0.0,0.0,0.0,"",""
"SKU-CRO-0037","2023-08-13",53,3,7,9,227.1,"N",0.0,0.0,0.0,"",""
"SKU-CRO-0038","2023-08-13",0,3,8,11,0.0,"N",42.0,1060.0,46.0,"2023-09-28","2023-09-28"
"SKU-SHO-0039","2023-08-13",43,2,7,9,184.3,"N",0.0,0.0,0.0,"",""
"SKU-SHO-0040","2023-08-13",64,0,5,8,384.0,"N",0.0,0.0,0.0,"",""
"SKU-TSH-0041","2023-08-13",72,0,0,4,999.0,"N",0.0,0.0,0.0,"",""
"SKU-CRO-0042","2023-08-13",56,0,3,8,560.0,"N",0.0,0.0,0.0,"",""
"SKU-CRO-0043","2023-08-13",10,0,1,3,300.0,"N",0.0,0.0,0.0,"",""
"SKU-JAC-0044","2023-08-13",52,2,6,11,260.0,"N",0.0,0.0,0.0,"",""
"SKU-SHI-0045","2023-08-13",57,1,5,8,342.0,"N",0.0,0.0,0.0,"",""
"SKU-JAC-0046","2023-08-13",75,2,7,8,321.4,"N",0.0,0.0,0.0,"",""
"SKU-PAN-0047","2023-08-13",50,3,4,8,375.0,"N",0.0,0.0,0.0,"",""
"SKU-CRO-0048","2023-08-13",0,2,6,9,0.0,"N",0.0,0.0,0.0,"",""
"SKU-TSH-0049","2023-08-13",74,2,4,5,555.0,"N",0.0,0.0,0.0,"",""
"SKU-SHO-0050","2023-08-13",74,0,1,4,999.0,"N",0.0,0.0,0.0,"",""
"SKU-SHI-0051","2023-08-13",13,2,3,8,130.0,"N",0.0,0.0,0.0,"",""
"SKU-SHI-0052","2023-08-13",29,1,1,7,870.0,"N",0.0,0.0,0.0,"",""
"SKU-JAC-0053","2023-08-13",22,0,0,0,999.0,"N",0.0,0.0,0.0,"",""
"SKU-SHI-0054","2023-08-13",33,0,5,6,198.0,"N",0.0,0.0,0.0,"",""
"SKU-JAC-0055","2023-08-13",74,1,4,7,555.0,"N",0.0,0.0,0.0,"",""
"SKU-SHI-0001","2023-08-20",0,74,259,452,0.0,"N",434.0,705.0,30.0,"2023-09-19","2023-09-19"
"SKU-PAN-0002","2023-08-20",0,23,118,197,0.0,"N",0.0,0.0,0.0,"",""
"SKU-SHI-0003","2023-08-20",0,26,71,138,0.0,"N",0.0,0.0,0.0,"",""
"SKU-TSH-0004","2023-08-20",0,14,63,106,0.0,"N",0.0,0.0,0.0,"",""
"SKU-CRO-0005","2023-08-20",0,7,47,90,0.0,"N",106.0,846.0,49.0,"2023-10-06","2023-10-08"
"SKU-SHI-0006","2023-08-20",0,12,42,76,0.0,"N",0.0,0.0,0.0,"",""
"SKU-CRO-0007","2023-08-20",0,8,28,64,0.0,"N",0.0,0.0,0.0,"",""
"SKU-PAN-0008","2023-08-20",0,6,26,45,0.0,"N",0.0,0.0,0.0,"",""
"SKU-PAN-0009","2023-08-20",0,3,29,45,0.0,"N",0.0,0.0,0.0,"",""
"SKU-TSH-0010","2023-08-20",0,4,20,36,0.0,"N",0.0,0.0,0.0,"",""
"SKU-SHO-0011","2023-08-20",0,2,17,38,0.0,"N",0.0,0.0,0.0,"",""
"SKU-TSH-0012","2023-08-20",0,5,20,37,0.0,"N",0.0,0.0,0.0,"",""
"SKU-SHI-0013","2023-08-20",0,2,18,27,0.0,"N",48.0,1227.0,46.0,"2023-10-03","2023-10-05"
"SKU-CRO-0014","2023-08-20",0,3,14,21,0.0,"N",40.0,756.0,46.0,"2023-10-03","2023-10-05"
"SKU-SHI-0015","2023-08-20",0,1,9,22,0.0,"N",64.0,940.0,45.0,"2023-09-29","2023-10-04"
"SKU-PAN-0016","2023-08-20",0,4,14,23,0.0,"N",0.0,0.0,0.0,"",""
"SKU-SHI-0017","2023-08-20",0,6,15,25,0.0,"N",0.0,0.0,0.0,"",""
"SKU-PAN-0018","2023-08-20",0,5,14,25,0.0,"N",0.0,0.0,0.0,"",""
"SKU-CRO-0019","2023-08-20",0,2,7,12,0.0,"N",40.0,726.0,39.0,"2023-09-25","2023-09-28"
"SKU-PAN-0020","2023-08-20",0,4,11,17,0.0,"N",42.0,1163.0,53.0,"2023-10-11","2023-10-12"
"SKU-PAN-0021","2023-08-20",0,5,11,14,0.0,"N",0.0,0.0,0.0,"",""
"SKU-PAN-0022","2023-08-20",0,2,7,17,0.0,"N",0.0,0.0,0.0,"",""
"SKU-SHO-0023","2023-08-20",0,4,13,19,0.0,"N",0.0,0.0,0.0,"",""
"SKU-SHI-0024","2023-08-20",0,3,8,20,0.0,"N",0.0,0.0,0.0,"",""
"SKU-JAC-0025","2023-08-20",0,0,8,12,0.0,"N",0.0,0.0,0.0,"",""
"SKU-PAN-0026","2023-08-20",0,2,9,15,0.0,"N",0.0,0.0,0.0,"",""
"SKU-JAC-0027","2023-08-20",0,2,7,12,0.0,"N",40.0,1871.0,39.0,"2023-09-28","2023-09-28"
"SKU-PAN-0028","2023-08-20",0,1,6,13,0.0,"N",40.0,1317.0,51.0,"2023-10-08","2023-10-10"
"SKU-TSH-0029","2023-08-20",2,1,5,10,12.0,"N",66.0,701.0,32.0,"2023-09-19","2023-09-21"
"SKU-CRO-0030","2023-08-20",0,0,4,11,0.0,"N",0.0,0.0,0.0,"",""
"SKU-JAC-0031","2023-08-20",0,0,8,12,0.0,"N",40.0,1800.0,34.0,"2023-09-21","2023-09-23"
"SKU-TSH-0032","2023-08-20",23,3,5,12,138.0,"N",0.0,0.0,0.0,"",""
"SKU-SHO-0033","2023-08-20",39,1,4,10,292.5,"N",0.0,0.0,0.0,"",""
"SKU-PAN-0034","2023-08-20",12,1,5,9,72.0,"N",0.0,0.0,0.0,"",""
"SKU-CRO-0035","2023-08-20",0,2,10,15,0.0,"N",63.0,721.0,40.0,"2023-09-27","2023-09-29"
"SKU-SHI-0036","2023-08-20",51,3,6,12,255.0,"N",0.0,0.0,0.0,"",""
"SKU-CRO-0037","2023-08-20",53,0,7,9,227.1,"N",0.0,0.0,0.0,"",""
"SKU-CRO-0038","2023-08-20",0,0,8,10,0.0,"N",0.0,0.0,0.0,"",""
"SKU-SHO-0039","2023-08-20",41,2,7,10,175.7,"N",0.0,0.0,0.0,"",""
"SKU-SHO-0040","2023-08-20",64,0,3,5,640.0,"N",0.0,0.0,0.0,"",""
"SKU-TSH-0041","2023-08-20",72,0,0,4,999.0,"N",0.0,0.0,0.0,"",""
"SKU-CRO-0042","2023-08-20",55,1,3,8,550.0,"N",0.0,0.0,0.0,"",""
"SKU-CRO-0043","2023-08-20",8,2,3,5,80.0,"N",0.0,0.0,0.0,"",""
"SKU-JAC-0044","2023-08-20",52,0,5,10,312.0,"N",0.0,0.0,0.0,"",""
"SKU-SHI-0045","2023-08-20",56,1,5,8,336.0,"N",0.0,0.0,0.0,"",""
"SKU-JAC-0046","2023-08-20",74,1,6,9,370.0,"N",0.0,0.0,0.0,"",""
"SKU-PAN-0047","2023-08-20",50,0,4,7,375.0,"N",0.0,0.0,0.0,"",""
"SKU-CRO-0048","2023-08-20",0,1,7,10,0.0,"N",0.0,0.0,0.0,"",""
"SKU-TSH-0049","2023-08-20",73,1,4,6,547.5,"N",0.0,0.0,0.0,"",""
"SKU-SHO-0050","2023-08-20",72,2,3,6,720.0,"N",0.0,0.0,0.0,"",""
"SKU-SHI-0051","2023-08-20",12,1,4,8,90.0,"N",0.0,0.0,0.0,"",""
"SKU-SHI-0052","2023-08-20",27,2,3,9,270.0,"N",0.0,0.0,0.0,"",""
"SKU-JAC-0053","2023-08-20",22,0,0,0,999.0,"N",0.0,0.0,0.0,"",""
"SKU-SHI-0054","2023-08-20",33,0,4,6,247.5,"N",0.0,0.0,0.0,"",""
"SKU-JAC-0055","2023-08-20",72,2,5,7,432.0,"N",0.0,0.0,0.0,"",""
"SKU-SHI-0001","2023-08-27",0,80,298,488,0.0,"N",0.0,0.0,0.0,"",""
"SKU-PAN-0002","2023-08-27",0,24,121,201,0.0,"N",196.0,982.0,54.0,"2023-10-17","2023-10-20"
"SKU-SHI-0003","2023-08-27",0,21,81,146,0.0,"N",0.0,0.0,0.0,"",""
"SKU-TSH-0004","2023-08-27",0,11,60,109,0.0,"N",0.0,0.0,0.0,"",""
"SKU-CRO-0005","2023-08-27",0,16,53,98,0.0,"N",0.0,0.0,0.0,"",""
"SKU-SHI-0006","2023-08-27",0,17,53,84,0.0,"N",0.0,0.0,0.0,"",""
"SKU-CRO-0007","2023-08-27",0,12,37,68,0.0,"N",94.0,818.0,59.0,"2023-10-20","2023-10-25"
"SKU-PAN-0008","2023-08-27",0,4,25,46,0.0,"N",0.0,0.0,0.0,"",""
"SKU-PAN-0009","2023-08-27",0,9,34,51,0.0,"N",0.0,0.0,0.0,"",""
"SKU-TSH-0010","2023-08-27",0,4,23,37,0.0,"N",0.0,0.0,0.0,"",""
"SKU-SHO-0011","2023-08-27",0,2,14,35,0.0,"N",0.0,0.0,0.0,"",""
"SKU-TSH-0012","2023-08-27",0,2,20,37,0.0,"N",42.0,715.0,34.0,"2023-09-25","2023-09-30"
"SKU-SHI-0013","2023-08-27",0,2,17,28,0.0,"N",0.0,0.0,0.0,"",""
"SKU-CRO-0014","2023-08-27",0,2,12,20,0.0,"N",0.0,0.0,0.0,"",""
"SKU-SHI-0015","2023-08-27",0,3,9,24,0.0,"N",0.0,0.0,0.0,"",""
"SKU-PAN-0016","2023-08-27",0,4,15,25,0.0,"N",0.0,0.0,0.0,"",""
"SKU-SHI-0017","2023-08-27",0,2,14,25,0.0,"N",40.0,842.0,34.0,"2023-09-30","2023-09-30"
"SKU-PAN-0018","2023-08-27",0,5,17,26,0.0,"N",0.0,0.0,0.0,"",""
"SKU-CRO-0019","2023-08-27",0,1,8,11,0.0,"N",0.0,0.0,0.0,"",""
"SKU-PAN-0020","2023-08-27",0,6,15,21,0.0,"N",0.0,0.0,0.0,"",""
"SKU-PAN-0021","2023-08-27",0,5,15,18,0.0,"N",66.0,1216.0,32.0,"2023-09-26","2023-09-28"
"SKU-PAN-0022","2023-08-27",0,2,9,18,0.0,"N",0.0,0.0,0.0,"",""
"SKU-SHO-0023","2023-08-27",0,5,16,21,0.0,"N",81.0,668.0,45.0,"2023-10-10","2023-10-11"
"SKU-SHI-0024","2023-08-27",0,0,8,17,0.0,"N",63.0,854.0,34.0,"2023-09-25","2023-09-30"
"SKU-JAC-0025","2023-08-27",0,5,12,15,0.0,"N",76.0,1639.0,52.0,"2023-10-18","2023-10-18"
"SKU-PAN-0026","2023-08-27",0,2,8,16,0.0,"N",0.0,0.0,0.0,"",""
"SKU-JAC-0027","2023-08-27",0,1,8,12,0.0,"N",0.0,0.0,0.0,"",""
"SKU-PAN-0028","2023-08-27",0,4,6,17,0.0,"N",0.0,0.0,0.0,"",""
"SKU-TSH-0029","2023-08-27",2,0,4,8,15.0,"N",0.0,0.0,0.0,"",""
"SKU-CRO-0030","2023-08-27",0,1,4,10,0.0,"N",0.0,0.0,0.0,"",""
"SKU-JAC-0031","2023-08-27",0,0,8,12,0.0,"N",0.0,0.0,0.0,"",""
"SKU-TSH-0032","2023-08-27",22,1,6,10,110.0,"N",0.0,0.0,0.0,"",""
"SKU-SHO-0033","2023-08-27",37,2,6,11,185.0,"N",0.0,0.0,0.0,"",""
"SKU-PAN-0034","2023-08-27",9,3,6,9,45.0,"N",0.0,0.0,0.0,"",""
"SKU-CRO-0035","2023-08-27",0,0,7,14,0.0,"N",0.0,0.0,0.0,"",""
"SKU-SHI-0036","2023-08-27",51,0,5,11,306.0,"N",0.0,0.0,0.0,"",""
"SKU-CRO-0037","2023-08-27",53,0,5,9,318.0,"N",0.0,0.0,0.0,"",""
"SKU-CRO-0038","2023-08-27",0,0,7,10,0.0,"N",0.0,0.0,0.0,"",""
"SKU-SHO-0039","2023-08-27",39,2,9,12,130.0,"N",0.0,0.0,0.0,"",""
"SKU-SHO-0040","2023-08-27",63,1,3,6,630.0,"N",0.0,0.0,0.0,"",""
"SKU-TSH-0041","2023-08-27",71,1,1,4,999.0,"N",0.0,0.0,0.0,"",""
"SKU-CRO-0042","2023-08-27",54,1,3,7,540.0,"N",0.0,0.0,0.0,"",""
"SKU-CRO-0043","2023-08-27",5,3,5,7,30.0,"N",0.0,0.0,0.0,"",""
"SKU-JAC-0044","2023-08-27",51,1,4,11,382.5,"N",0.0,0.0,0.0,"",""
"SKU-SHI-0045","2023-08-27",56,0,5,7,336.0,"N",0.0,0.0,0.0,"",""
"SKU-JAC-0046","2023-08-27",73,1,5,10,438.0,"N",0.0,0.0,0.0,"",""
"SKU-PAN-0047","2023-08-27",50,0,4,6,375.0,"N",0.0,0.0,0.0,"",""
"SKU-CRO-0048","2023-08-27",0,2,8,11,0.0,"N",57.0,736.0,49.0,"2023-10-14","2023-10-15"
"SKU-TSH-0049","2023-08-27",71,2,6,7,355.0,"N",0.0,0.0,0.0,"",""
"SKU-SHO-0050","2023-08-27",70,2,5,6,420.0,"N",0.0,0.0,0.0,"",""
"SKU-SHI-0051","2023-08-27",11,1,4,8,82.5,"N",0.0,0.0,0.0,"",""
"SKU-SHI-0052","2023-08-27",25,2,5,9,150.0,"N",0.0,0.0,0.0,"",""
"SKU-JAC-0053","2023-08-27",22,0,0,0,999.0,"N",0.0,0.0,0.0,"",""
"SKU-SHI-0054","2023-08-27",31,2,5,8,186.0,"N",0.0,0.0,0.0,"",""
"SKU-JAC-0055","2023-08-27",71,1,6,8,355.0,"N",0.0,0.0,0.0,"",""
"SKU-SHI-0001","2023-09-03",0,66,314,514,0.0,"N",0.0,0.0,0.0,"",""
"SKU-PAN-0002","2023-09-03",0,22,119,206,0.0,"N",0.0,0.0,0.0,"",""
"SKU-SHI-0003","2023-09-03",0,11,81,140,0.0,"N",162.0,1004.0,32.0,"2023-10-05","2023-10-05"
"SKU-TSH-0004","2023-09-03",0,13,58,109,0.0,"N",0.0,0.0,0.0,"",""
"SKU-CRO-0005","2023-09-03",0,7,46,96,0.0,"N",0.0,0.0,0.0,"",""
"SKU-SHI-0006","2023-09-03",0,10,50,88,0.0,"N",0.0,0.0,0.0,"",""
"SKU-CRO-0007","2023-09-03",0,4,33,64,0.0,"N",0.0,0.0,0.0,"",""
"SKU-PAN-0008","2023-09-03",0,4,22,46,0.0,"N",0.0,0.0,0.0,"",""
"SKU-PAN-0009","2023-09-03",0,4,24,55,0.0,"N",0.0,0.0,0.0,"",""
"SKU-TSH-0010","2023-09-03",0,3,20,36,0.0,"N",0.0,0.0,0.0,"",""
"SKU-SHO-0011","2023-09-03",0,6,15,38,0.0,"N",0.0,0.0,0.0,"",""
"SKU-TSH-0012","2023-09-03",0,2,17,33,0.0,"N",0.0,0.0,0.0,"",""
"SKU-SHI-0013","2023-09-03",0,2,16,27,0.0,"N",0.0,0.0,0.0,"",""
"SKU-CRO-0014","2023-09-03",0,4,12,23,0.0,"N",0.0,0.0,0.0,"",""
"SKU-SHI-0015","2023-09-03",0,2,7,23,0.0,"N",0.0,0.0,0.0,"",""
"SKU-PAN-0016","2023-09-03",0,2,14,25,0.0,"N",0.0,0.0,0.0,"",""
"SKU-SHI-0017","2023-09-03",0,3,15,24,0.0,"N",0.0,0.0,0.0,"",""
"SKU-PAN-0018","2023-09-03",0,1,14,26,0.0,"N",0.0,0.0,0.0,"",""
"SKU-CRO-0019","2023-09-03",0,4,12,14,0.0,"N",0.0,0.0,0.0,"",""
"SKU-PAN-0020","2023-09-03",0,1,14,20,0.0,"N",0.0,0.0,0.0,"",""
"SKU-PAN-0021","2023-09-03",0,2,16,19,0.0,"N",0.0,0.0,0.0,"",""
"SKU-PAN-0022","2023-09-03",0,1,7,17,0.0,"N",70.0,1076.0,48.0,"2023-10-16","2023-10-21"
"SKU-SHO-0023","2023-09-03",0,3,15,23,0.0,"N",0.0,0.0,0.0,"",""
"SKU-SHI-0024","2023-09-03",0,2,6,16,0.0,"N",0.0,0.0,0.0,"",""
"SKU-JAC-0025","2023-09-03",0,1,11,14,0.0,"N",0.0,0.0,0.0,"",""
"SKU-PAN-0026","2023-09-03",0,1,7,15,0.0,"N",0.0,0.0,0.0,"",""
"SKU-JAC-0027","2023-09-03",0,1,8,13,0.0,"N",0.0,0.0,0.0,"",""
"SKU-PAN-0028","2023-09-03",0,0,5,15,0.0,"N",0.0,0.0,0.0,"",""
"SKU-TSH-0029","2023-09-03",2,0,4,8,15.0,"N",0.0,0.0,0.0,"",""
"SKU-CRO-0030","2023-09-03",0,0,3,9,0.0,"N",0.0,0.0,0.0,"",""
"SKU-JAC-0031","2023-09-03",0,3,7,13,0.0,"N",0.0,0.0,0.0,"",""
"SKU-TSH-0032","2023-09-03",21,1,5,10,126.0,"N",0.0,0.0,0.0,"",""
"SKU-SHO-0033","2023-09-03",33,4,9,13,110.0,"N",0.0,0.0,0.0,"",""
"SKU-PAN-0034","2023-09-03",7,2,6,11,35.0,"N",0.0,0.0,0.0,"",""
"SKU-CRO-0035","2023-09-03",0,0,5,14,0.0,"N",0.0,0.0,0.0,"",""
"SKU-SHI-0036","2023-09-03",50,1,5,12,300.0,"N",0.0,0.0,0.0,"",""
"SKU-CRO-0037","2023-09-03",52,1,4,9,390.0,"N",0.0,0.0,0.0,"",""
"SKU-CRO-0038","2023-09-03",0,1,5,10,0.0,"N",0.0,0.0,0.0,"",""
"SKU-SHO-0039","2023-09-03",39,0,7,12,167.1,"N",0.0,0.0,0.0,"",""
"SKU-SHO-0040","2023-09-03",61,2,3,8,610.0,"N",0.0,0.0,0.0,"",""
"SKU-TSH-0041","2023-09-03",71,0,1,2,999.0,"N",0.0,0.0,0.0,"",""
"SKU-CRO-0042","2023-09-03",51,3,5,9,306.0,"N",0.0,0.0,0.0,"",""
"SKU-CRO-0043","2023-09-03",3,2,7,8,12.9,"N",60.0,677.0,56.0,"2023-10-29","2023-10-29"
"SKU-JAC-0044","2023-09-03",51,0,4,11,382.5,"N",0.0,0.0,0.0,"",""
"SKU-SHI-0045","2023-09-03",56,0,3,7,560.0,"N",0.0,0.0,0.0,"",""
"SKU-JAC-0046","2023-09-03",73,0,4,10,547.5,"N",0.0,0.0,0.0,"",""
"SKU-PAN-0047","2023-09-03",49,1,4,6,367.5,"N",0.0,0.0,0.0,"",""
"SKU-CRO-0048","2023-09-03",0,1,6,12,0.0,"N",0.0,0.0,0.0,"",""
"SKU-TSH-0049","2023-09-03",71,0,5,7,426.0,"N",0.0,0.0,0.0,"",""
"SKU-SHO-0050","2023-09-03",70,0,4,6,525.0,"N",0.0,0.0,0.0,"",""
"SKU-SHI-0051","2023-09-03",10,1,5,9,60.0,"N",0.0,0.0,0.0,"",""
"SKU-SHI-0052","2023-09-03",25,0,5,7,150.0,"N",0.0,0.0,0.0,"",""
"SKU-JAC-0053","2023-09-03",20,2,2,2,300.0,"N",0.0,0.0,0.0,"",""
"SKU-SHI-0054","2023-09-03",31,0,2,8,465.0,"N",0.0,0.0,0.0,"",""
"SKU-JAC-0055","2023-09-03",71,0,4,8,532.5,"N",0.0,0.0,0.0,"",""
"SKU-SHI-0001","2023-09-10",0,43,286,513,0.0,"N",0.0,0.0,0.0,"",""
"SKU-PAN-0002","2023-09-10",0,25,108,212,0.0,"N",0.0,0.0,0.0,"",""
"SKU-SHI-0003","2023-09-10",0,15,82,134,0.0,"N",0.0,0.0,0.0,"",""
"SKU-TSH-0004","2023-09-10",0,9,54,108,0.0,"N",136.0,539.0,49.0,"2023-10-28","2023-10-29"
"SKU-CRO-0005","2023-09-10",0,8,42,95,0.0,"N",0.0,0.0,0.0,"",""
"SKU-SHI-0006","2023-09-10",0,6,51,87,0.0,"N",136.0,1097.0,54.0,"2023-11-03","2023-11-03"
"SKU-CRO-0007","2023-09-10",0,6,32,64,0.0,"N",0.0,0.0,0.0,"",""
"SKU-PAN-0008","2023-09-10",0,9,24,51,0.0,"N",90.0,1152.0,61.0,"2023-11-05","2023-11-10"
"SKU-PAN-0009","2023-09-10",0,3,21,54,0.0,"N",46.0,1008.0,30.0,"2023-10-09","2023-10-10"
"SKU-TSH-0010","2023-09-10",0,0,14,32,0.0,"N",40.0,782.0,47.0,"2023-10-26","2023-10-27"
"SKU-SHO-0011","2023-09-10",0,5,16,38,0.0,"N",66.0,761.0,56.0,"2023-11-02","2023-11-05"
"SKU-TSH-0012","2023-09-10",0,5,15,36,0.0,"N",0.0,0.0,0.0,"",""
"SKU-SHI-0013","2023-09-10",0,4,13,28,0.0,"N",0.0,0.0,0.0,"",""
"SKU-CRO-0014","2023-09-10",0,3,12,24,0.0,"N",0.0,0.0,0.0,"",""
"SKU-SHI-0015","2023-09-10",0,3,9,22,0.0,"N",0.0,0.0,0.0,"",""
"SKU-PAN-0016","2023-09-10",0,0,10,22,0.0,"N",65.0,970.0,38.0,"2023-10-18","2023-10-18"
"SKU-SHI-0017","2023-09-10",0,1,12,22,0.0,"N",0.0,0.0,0.0,"",""
"SKU-PAN-0018","2023-09-10",0,2,14,26,0.0,"N",53.0,1176.0,57.0,"2023-11-03","2023-11-06"
"SKU-CRO-0019","2023-09-10",0,0,9,14,0.0,"N",0.0,0.0,0.0,"",""
"SKU-PAN-0020","2023-09-10",0,2,13,21,0.0,"N",0.0,0.0,0.0,"",""
"SKU-PAN-0021","2023-09-10",0,0,12,19,0.0,"N",0.0,0.0,0.0,"",""
"SKU-PAN-0022","2023-09-10",0,0,5,15,0.0,"N",0.0,0.0,0.0,"",""
"SKU-SHO-0023","2023-09-10",0,0,13,22,0.0,"N",0.0,0.0,0.0,"",""
"SKU-SHI-0024","2023-09-10",0,2,8,16,0.0,"N",0.0,0.0,0.0,"",""
"SKU-JAC-0025","2023-09-10",0,2,9,16,0.0,"N",0.0,0.0,0.0,"",""
"SKU-PAN-0026","2023-09-10",0,3,8,16,0.0,"N",69.0,1332.0,40.0,"2023-10-20","2023-10-20"
"SKU-JAC-0027","2023-09-10",0,0,6,11,0.0,"N",0.0,0.0,0.0,"",""
"SKU-PAN-0028","2023-09-10",0,3,8,16,0.0,"N",0.0,0.0,0.0,"",""
"SKU-TSH-0029","2023-09-10",0,2,4,9,0.0,"N",0.0,0.0,0.0,"",""
"SKU-CRO-0030","2023-09-10",0,0,1,7,0.0,"N",40.0,621.0,42.0,"2023-10-19","2023-10-22"
"SKU-JAC-0031","2023-09-10",0,2,6,15,0.0,"N",0.0,0.0,0.0,"",""
"SKU-TSH-0032","2023-09-10",21,0,5,9,126.0,"N",0.0,0.0,0.0,"",""
"SKU-SHO-0033","2023-09-10",30,3,10,15,90.0,"N",0.0,0.0,0.0,"",""
"SKU-PAN-0034","2023-09-10",6,1,7,12,25.7,"N",0.0,0.0,0.0,"",""
"SKU-CRO-0035","2023-09-10",0,2,6,14,0.0,"N",0.0,0.0,0.0,"",""
"SKU-SHI-0036","2023-09-10",50,0,4,10,375.0,"N",0.0,0.0,0.0,"",""
"SKU-CRO-0037","2023-09-10",51,1,3,10,510.0,"N",0.0,0.0,0.0,"",""
"SKU-CRO-0038","2023-09-10",0,0,2,9,0.0,"N",56.0,1060.0,54.0,"2023-11-03","2023-11-03"
"SKU-SHO-0039","2023-09-10",39,0,4,12,292.5,"N",0.0,0.0,0.0,"",""
"SKU-SHO-0040","2023-09-10",60,1,4,9,450.0,"N",0.0,0.0,0.0,"",""
"SKU-TSH-0041","2023-09-10",68,3,4,5,510.0,"N",0.0,0.0,0.0,"",""
"SKU-CRO-0042","2023-09-10",50,1,6,9,250.0,"N",0.0,0.0,0.0,"",""
"SKU-CRO-0043","2023-09-10",2,1,8,9,7.5,"N",0.0,0.0,0.0,"",""
"SKU-JAC-0044","2023-09-10",50,1,3,9,500.0,"N",0.0,0.0,0.0,"",""
"SKU-SHI-0045","2023-09-10",56,0,1,7,999.0,"N",0.0,0.0,0.0,"",""
"SKU-JAC-0046","2023-09-10",72,1,3,10,720.0,"N",0.0,0.0,0.0,"",""
"SKU-PAN-0047","2023-09-10",48,1,4,6,360.0,"N",0.0,0.0,0.0,"",""
"SKU-CRO-0048","2023-09-10",0,3,7,13,0.0,"N",0.0,0.0,0.0,"",""
"SKU-TSH-0049","2023-09-10",71,0,3,7,710.0,"N",0.0,0.0,0.0,"",""
"SKU-SHO-0050","2023-09-10",70,0,4,5,525.0,"N",0.0,0.0,0.0,"",""
"SKU-SHI-0051","2023-09-10",9,1,4,7,67.5,"N",0.0,0.0,0.0,"",""
"SKU-SHI-0052","2023-09-10",25,0,4,5,187.5,"N",0.0,0.0,0.0,"",""
"SKU-JAC-0053","2023-09-10",20,0,2,2,300.0,"N",0.0,0.0,0.0,"",""
"SKU-SHI-0054","2023-09-10",31,0,2,7,465.0,"N",0.0,0.0,0.0,"",""
"SKU-JAC-0055","2023-09-10",70,1,4,8,525.0,"N",0.0,0.0,0.0,"",""
"SKU-SHI-0001","2023-09-17",0,37,250,501,0.0,"N",409.0,705.0,49.0,"2023-11-04","2023-11-05"
"SKU-PAN-0002","2023-09-17",0,29,107,222,0.0,"N",0.0,0.0,0.0,"",""
"SKU-SHI-0003","2023-09-17",0,17,72,142,0.0,"N",0.0,0.0,0.0,"",""
"SKU-TSH-0004","2023-09-17",0,12,47,108,0.0,"N",0.0,0.0,0.0,"",""
"SKU-CRO-0005","2023-09-17",0,8,41,89,0.0,"N",106.0,846.0,51.0,"2023-11-02","2023-11-07"
"SKU-SHI-0006","2023-09-17",0,4,42,83,0.0,"N",0.0,0.0,0.0,"",""
"SKU-CRO-0007","2023-09-17",0,2,24,56,0.0,"N",0.0,0.0,0.0,"",""
"SKU-PAN-0008","2023-09-17",0,4,22,48,0.0,"N",0.0,0.0,0.0,"",""
"SKU-PAN-0009","2023-09-17",0,4,21,50,0.0,"N",0.0,0.0,0.0,"",""
"SKU-TSH-0010","2023-09-17",0,3,12,31,0.0,"N",0.0,0.0,0.0,"",""
"SKU-SHO-0011","2023-09-17",0,3,17,34,0.0,"N",0.0,0.0,0.0,"",""
"SKU-TSH-0012","2023-09-17",0,4,14,36,0.0,"N",0.0,0.0,0.0,"",""
"SKU-SHI-0013","2023-09-17",0,6,15,32,0.0,"N",40.0,1227.0,56.0,"2023-11-12","2023-11-12"
"SKU-CRO-0014","2023-09-17",0,6,16,29,0.0,"N",76.0,756.0,47.0,"2023-10-29","2023-11-03"
"SKU-SHI-0015","2023-09-17",0,3,11,21,0.0,"N",40.0,940.0,40.0,"2023-10-22","2023-10-27"
"SKU-PAN-0016","2023-09-17",0,3,10,23,0.0,"N",0.0,0.0,0.0,"",""
"SKU-SHI-0017","2023-09-17",0,4,11,26,0.0,"N",0.0,0.0,0.0,"",""
"SKU-PAN-0018","2023-09-17",0,1,10,24,0.0,"N",0.0,0.0,0.0,"",""
"SKU-CRO-0019","2023-09-17",0,0,5,12,0.0,"N",40.0,726.0,49.0,"2023-11-03","2023-11-05"
"SKU-PAN-0020","2023-09-17",0,2,11,23,0.0,"N",50.0,1163.0,54.0,"2023-11-09","2023-11-10"
"SKU-PAN-0021","2023-09-17",0,4,11,22,0.0,"N",0.0,0.0,0.0,"",""
"SKU-PAN-0022","2023-09-17",0,0,4,12,0.0,"N",0.0,0.0,0.0,"",""
"SKU-SHO-0023","2023-09-17",0,0,9,22,0.0,"N",0.0,0.0,0.0,"",""
"SKU-SHI-0024","2023-09-17",0,3,7,16,0.0,"N",0.0,0.0,0.0,"",""
"SKU-JAC-0025","2023-09-17",0,0,8,16,0.0,"N",0.0,0.0,0.0,"",""
"SKU-PAN-0026","2023-09-17",0,1,7,16,0.0,"N",0.0,0.0,0.0,"",""
"SKU-JAC-0027","2023-09-17",0,1,3,11,0.0,"N",40.0,1871.0,29.0,"2023-10-15","2023-10-16"
"SKU-PAN-0028","2023-09-17",0,2,9,15,0.0,"N",40.0,1317.0,33.0,"2023-10-15","2023-10-20"
"SKU-TSH-0029","2023-09-17",0,1,3,9,0.0,"N",40.0,701.0,35.0,"2023-10-20","2023-10-22"
"SKU-CRO-0030","2023-09-17",0,2,3,7,0.0,"N",0.0,0.0,0.0,"",""
"SKU-JAC-0031","2023-09-17",0,0,5,13,0.0,"N",54.0,1800.0,55.0,"2023-11-06","2023-11-11"
"SKU-TSH-0032","2023-09-17",20,1,4,8,150.0,"N",0.0,0.0,0.0,"",""
"SKU-SHO-0033","2023-09-17",29,1,10,14,87.0,"N",0.0,0.0,0.0,"",""
"SKU-PAN-0034","2023-09-17",2,4,10,15,6.0,"N",40.0,1051.0,37.0,"2023-10-21","2023-10-24"
"SKU-CRO-0035","2023-09-17",0,2,4,16,0.0,"N",47.0,721.0,44.0,"2023-10-31","2023-10-31"
"SKU-SHI-0036","2023-09-17",49,1,2,9,735.0,"N",0.0,0.0,0.0,"",""
"SKU-CRO-0037","2023-09-17",51,0,2,9,765.0,"N",0.0,0.0,0.0,"",""
"SKU-CRO-0038","2023-09-17",0,0,1,9,0.0,"N",0.0,0.0,0.0,"",""
"SKU-SHO-0039","2023-09-17",38,1,4,11,285.0,"N",0.0,0.0,0.0,"",""
"SKU-SHO-0040","2023-09-17",59,1,5,8,354.0,"N",0.0,0.0,0.0,"",""
"SKU-TSH-0041","2023-09-17",66,2,6,6,330.0,"N",0.0,0.0,0.0,"",""
"SKU-CRO-0042","2023-09-17",49,1,6,10,245.0,"N",0.0,0.0,0.0,"",""
"SKU-CRO-0043","2023-09-17",2,0,6,9,10.0,"N",0.0,0.0,0.0,"",""
"SKU-JAC-0044","2023-09-17",49,1,3,8,490.0,"N",0.0,0.0,0.0,"",""
"SKU-SHI-0045","2023-09-17",56,0,0,5,999.0,"N",0.0,0.0,0.0,"",""
"SKU-JAC-0046","2023-09-17",72,0,3,8,720.0,"N",0.0,0.0,0.0,"",""
"SKU-PAN-0047","2023-09-17",48,0,2,6,720.0,"N",0.0,0.0,0.0,"",""
"SKU-CRO-0048","2023-09-17",0,2,8,15,0.0,"N",0.0,0.0,0.0,"",""
"SKU-TSH-0049","2023-09-17",71,0,2,7,999.0,"N",0.0,0.0,0.0,"",""
"SKU-SHO-0050","2023-09-17",69,1,4,6,517.5,"N",0.0,0.0,0.0,"",""
"SKU-SHI-0051","2023-09-17",9,0,4,7,67.5,"N",0.0,0.0,0.0,"",""
"SKU-SHI-0052","2023-09-17",25,0,2,5,375.0,"N",0.0,0.0,0.0,"",""
"SKU-JAC-0053","2023-09-17",20,0,2,2,300.0,"N",0.0,0.0,0.0,"",""
"SKU-SHI-0054","2023-09-17",30,1,3,7,300.0,"N",0.0,0.0,0.0,"",""
"SKU-JAC-0055","2023-09-17",68,2,4,9,510.0,"N",0.0,0.0,0.0,"",""
"SKU-SHI-0001","2023-09-24",0,45,218,501,0.0,"N",0.0,0.0,0.0,"",""
"SKU-PAN-0002","2023-09-24",0,26,110,231,0.0,"N",210.0,982.0,28.0,"2023-10-22","2023-10-22"
"SKU-SHI-0003","2023-09-24",0,13,63,143,0.0,"N",0.0,0.0,0.0,"",""
"SKU-TSH-0004","2023-09-24",0,9,49,105,0.0,"N",0.0,0.0,0.0,"",""
"SKU-CRO-0005","2023-09-24",0,14,41,91,0.0,"N",0.0,0.0,0.0,"",""
"SKU-SHI-0006","2023-09-24",0,5,33,79,0.0,"N",0.0,0.0,0.0,"",""
"SKU-CRO-0007","2023-09-24",0,4,18,54,0.0,"N",67.0,818.0,37.0,"2023-10-30","2023-10-31"
"SKU-PAN-0008","2023-09-24",0,1,20,43,0.0,"N",0.0,0.0,0.0,"",""
"SKU-PAN-0009","2023-09-24",0,4,16,50,0.0,"N",0.0,0.0,0.0,"",""
"SKU-TSH-0010","2023-09-24",0,3,10,32,0.0,"N",0.0,0.0,0.0,"",""
"SKU-SHO-0011","2023-09-24",0,4,19,33,0.0,"N",0.0,0.0,0.0,"",""
"SKU-TSH-0012","2023-09-24",0,3,14,34,0.0,"N",64.0,715.0,43.0,"2023-11-04","2023-11-06"
"SKU-SHI-0013","2023-09-24",0,2,15,32,0.0,"N",0.0,0.0,0.0,"",""
"SKU-CRO-0014","2023-09-24",0,2,16,27,0.0,"N",0.0,0.0,0.0,"",""
"SKU-SHI-0015","2023-09-24",0,1,9,19,0.0,"N",0.0,0.0,0.0,"",""
"SKU-PAN-0016","2023-09-24",0,2,7,22,0.0,"N",0.0,0.0,0.0,"",""
"SKU-SHI-0017","2023-09-24",0,1,10,23,0.0,"N",48.0,842.0,55.0,"2023-11-15","2023-11-18"
"SKU-PAN-0018","2023-09-24",0,2,7,24,0.0,"N",0.0,0.0,0.0,"",""
"SKU-CRO-0019","2023-09-24",0,4,8,16,0.0,"N",0.0,0.0,0.0,"",""
"SKU-PAN-0020","2023-09-24",0,1,8,21,0.0,"N",0.0,0.0,0.0,"",""
"SKU-PAN-0021","2023-09-24",0,2,8,23,0.0,"N",62.0,1216.0,54.0,"2023-11-17","2023-11-17"
"SKU-PAN-0022","2023-09-24",0,2,5,12,0.0,"N",0.0,0.0,0.0,"",""
"SKU-SHO-0023","2023-09-24",0,1,5,21,0.0,"N",50.0,668.0,36.0,"2023-10-25","2023-10-30"
"SKU-SHI-0024","2023-09-24",0,1,8,16,0.0,"N",40.0,854.0,49.0,"2023-11-12","2023-11-12"
"SKU-JAC-0025","2023-09-24",0,0,4,16,0.0,"N",64.0,1639.0,50.0,"2023-11-13","2023-11-13"
"SKU-PAN-0026","2023-09-24",0,2,8,16,0.0,"N",0.0,0.0,0.0,"",""
"SKU-JAC-0027","2023-09-24",0,0,3,10,0.0,"N",0.0,0.0,0.0,"",""
"SKU-PAN-0028","2023-09-24",0,1,6,14,0.0,"N",0.0,0.0,0.0,"",""
"SKU-TSH-0029","2023-09-24",0,2,5,9,0.0,"N",0.0,0.0,0.0,"",""
"SKU-CRO-0030","2023-09-24",0,1,3,8,0.0,"N",0.0,0.0,0.0,"",""
"SKU-JAC-0031","2023-09-24",0,0,5,13,0.0,"N",0.0,0.0,0.0,"",""
"SKU-TSH-0032","2023-09-24",20,0,2,8,300.0,"N",0.0,0.0,0.0,"",""
"SKU-SHO-0033","2023-09-24",28,1,10,15,84.0,"N",0.0,0.0,0.0,"",""
"SKU-PAN-0034","2023-09-24",1,1,9,14,3.3,"N",0.0,0.0,0.0,"",""
"SKU-CRO-0035","2023-09-24",0,1,5,13,0.0,"N",0.0,0.0,0.0,"",""
"SKU-SHI-0036","2023-09-24",48,1,3,8,480.0,"N",0.0,0.0,0.0,"",""
"SKU-CRO-0037","2023-09-24",51,0,2,7,765.0,"N",0.0,0.0,0.0,"",""
"SKU-CRO-0038","2023-09-24",0,0,1,8,0.0,"N",0.0,0.0,0.0,"",""
"SKU-SHO-0039","2023-09-24",34,4,6,14,170.0,"N",0.0,0.0,0.0,"",""
"SKU-SHO-0040","2023-09-24",58,1,5,8,348.0,"N",0.0,0.0,0.0,"",""
"SKU-TSH-0041","2023-09-24",64,2,8,8,240.0,"N",0.0,0.0,0.0,"",""
"SKU-CRO-0042","2023-09-24",49,0,5,8,294.0,"N",0.0,0.0,0.0,"",""
"SKU-CRO-0043","2023-09-24",0,2,6,10,0.0,"N",0.0,0.0,0.0,"",""
"SKU-JAC-0044","2023-09-24",46,3,5,10,276.0,"N",0.0,0.0,0.0,"",""
"SKU-SHI-0045","2023-09-24",55,1,1,6,999.0,"N",0.0,0.0,0.0,"",""
"SKU-JAC-0046","2023-09-24",72,0,1,7,999.0,"N",0.0,0.0,0.0,"",""
"SKU-PAN-0047","2023-09-24",47,1,3,7,470.0,"N",0.0,0.0,0.0,"",""
"SKU-CRO-0048","2023-09-24",0,0,7,14,0.0,"N",54.0,736.0,49.0,"2023-11-12","2023-11-12"
"SKU-TSH-0049","2023-09-24",70,1,3,7,700.0,"N",0.0,0.0,0.0,"",""
"SKU-SHO-0050","2023-09-24",68,1,2,7,999.0,"N",0.0,0.0,0.0,"",""
"SKU-SHI-0051","2023-09-24",7,2,5,8,42.0,"N",0.0,0.0,0.0,"",""
"SKU-SHI-0052","2023-09-24",25,0,0,5,999.0,"N",0.0,0.0,0.0,"",""
"SKU-JAC-0053","2023-09-24",20,0,2,2,300.0,"N",0.0,0.0,0.0,"",""
"SKU-SHI-0054","2023-09-24",28,2,3,8,280.0,"N",0.0,0.0,0.0,"",""
"SKU-JAC-0055","2023-09-24",67,1,4,10,502.5,"N",0.0,0.0,0.0,"",""
"SKU-SHI-0001","2023-10-01",0,49,186,500,0.0,"N",0.0,0.0,0.0,"",""
"SKU-PAN-0002","2023-10-01",0,19,105,228,0.0,"N",0.0,0.0,0.0,"",""
"SKU-SHI-0003","2023-10-01",0,10,59,140,0.0,"N",130.0,1004.0,41.0,"2023-11-09","2023-11-11"
"SKU-TSH-0004","2023-10-01",0,9,42,104,0.0,"N",0.0,0.0,0.0,"",""
"SKU-CRO-0005","2023-10-01",0,8,40,86,0.0,"N",0.0,0.0,0.0,"",""
"SKU-SHI-0006","2023-10-01",0,6,23,74,0.0,"N",0.0,0.0,0.0,"",""
"SKU-CRO-0007","2023-10-01",0,3,15,51,0.0,"N",0.0,0.0,0.0,"",""
"SKU-PAN-0008","2023-10-01",0,3,18,41,0.0,"N",0.0,0.0,0.0,"",""
"SKU-PAN-0009","2023-10-01",0,10,22,49,0.0,"N",0.0,0.0,0.0,"",""
"SKU-TSH-0010","2023-10-01",0,4,11,33,0.0,"N",0.0,0.0,0.0,"",""
"SKU-SHO-0011","2023-10-01",0,2,17,34,0.0,"N",0.0,0.0,0.0,"",""
"SKU-TSH-0012","2023-10-01",0,2,14,32,0.0,"N",0.0,0.0,0.0,"",""
"SKU-SHI-0013","2023-10-01",0,2,15,31,0.0,"N",0.0,0.0,0.0,"",""
"SKU-CRO-0014","2023-10-01",0,5,17,30,0.0,"N",0.0,0.0,0.0,"",""
"SKU-SHI-0015","2023-10-01",0,2,10,16,0.0,"N",0.0,0.0,0.0,"",""
"SKU-PAN-0016","2023-10-01",0,2,8,21,0.0,"N",0.0,0.0,0.0,"",""
"SKU-SHI-0017","2023-10-01",0,0,6,22,0.0,"N",0.0,0.0,0.0,"",""
"SKU-PAN-0018","2023-10-01",0,3,8,23,0.0,"N",0.0,0.0,0.0,"",""
"SKU-CRO-0019","2023-10-01",0,6,11,22,0.0,"N",0.0,0.0,0.0,"",""
"SKU-PAN-0020","2023-10-01",0,1,6,20,0.0,"N",0.0,0.0,0.0,"",""
"SKU-PAN-0021","2023-10-01",0,0,7,22,0.0,"N",0.0,0.0,0.0,"",""
"SKU-PAN-0022","2023-10-01",0,3,5,13,0.0,"N",62.0,1076.0,31.0,"2023-10-30","2023-11-01"
"SKU-SHO-0023","2023-10-01",0,0,3,16,0.0,"N",0.0,0.0,0.0,"",""
"SKU-SHI-0024","2023-10-01",0,2,8,15,0.0,"N",0.0,0.0,0.0,"",""
"SKU-JAC-0025","2023-10-01",0,0,3,13,0.0,"N",0.0,0.0,0.0,"",""
"SKU-PAN-0026","2023-10-01",0,1,7,14,0.0,"N",0.0,0.0,0.0,"",""
"SKU-JAC-0027","2023-10-01",0,3,4,13,0.0,"N",0.0,0.0,0.0,"",""
"SKU-PAN-0028","2023-10-01",0,0,6,11,0.0,"N",0.0,0.0,0.0,"",""
"SKU-TSH-0029","2023-10-01",0,2,7,11,0.0,"N",0.0,0.0,0.0,"",""
"SKU-CRO-0030","2023-10-01",0,3,6,10,0.0,"N",0.0,0.0,0.0,"",""
"SKU-JAC-0031","2023-10-01",0,1,3,12,0.0,"N",0.0,0.0,0.0,"",""
"SKU-TSH-0032","2023-10-01",18,2,3,9,180.0,"N",0.0,0.0,0.0,"",""
"SKU-SHO-0033","2023-10-01",24,4,9,19,80.0,"N",0.0,0.0,0.0,"",""
"SKU-PAN-0034","2023-10-01",1,0,6,12,5.0,"N",0.0,0.0,0.0,"",""
"SKU-CRO-0035","2023-10-01",0,0,5,10,0.0,"N",0.0,0.0,0.0,"",""
"SKU-SHI-0036","2023-10-01",47,1,4,8,352.5,"N",0.0,0.0,0.0,"",""
"SKU-CRO-0037","2023-10-01",51,0,1,6,999.0,"N",0.0,0.0,0.0,"",""
"SKU-CRO-0038","2023-10-01",0,4,4,9,0.0,"N",0.0,0.0,0.0,"",""
"SKU-SHO-0039","2023-10-01",34,0,5,13,204.0,"N",0.0,0.0,0.0,"",""
"SKU-SHO-0040","2023-10-01",56,2,5,10,336.0,"N",0.0,0.0,0.0,"",""
"SKU-TSH-0041","2023-10-01",64,0,7,8,274.3,"N",0.0,0.0,0.0,"",""
"SKU-CRO-0042","2023-10-01",49,0,3,8,490.0,"N",0.0,0.0,0.0,"",""
"SKU-CRO-0043","2023-10-01",0,0,5,10,0.0,"N",40.0,677.0,58.0,"2023-11-26","2023-11-28"
"SKU-JAC-0044","2023-10-01",46,0,5,9,276.0,"N",0.0,0.0,0.0,"",""
"SKU-SHI-0045","2023-10-01",55,0,1,4,999.0,"N",0.0,0.0,0.0,"",""
"SKU-JAC-0046","2023-10-01",72,0,1,5,999.0,"N",0.0,0.0,0.0,"",""
"SKU-PAN-0047","2023-10-01",45,2,5,8,270.0,"N",0.0,0.0,0.0,"",""
"SKU-CRO-0048","2023-10-01",0,1,7,13,0.0,"N",0.0,0.0,0.0,"",""
"SKU-TSH-0049","2023-10-01",70,0,1,7,999.0,"N",0.0,0.0,0.0,"",""
"SKU-SHO-0050","2023-10-01",67,1,3,8,670.0,"N",0.0,0.0,0.0,"",""
"SKU-SHI-0051","2023-10-01",6,1,4,9,45.0,"N",0.0,0.0,0.0,"",""
"SKU-SHI-0052","2023-10-01",24,1,1,6,720.0,"N",0.0,0.0,0.0,"",""
"SKU-JAC-0053","2023-10-01",20,0,1,2,600.0,"N",0.0,0.0,0.0,"",""
"SKU-SHI-0054","2023-10-01",28,0,3,6,280.0,"N",0.0,0.0,0.0,"",""
"SKU-JAC-0055","2023-10-01",67,0,4,9,502.5,"N",0.0,0.0,0.0,"",""
"SKU-SHI-0001","2023-10-08",0,93,238,526,0.0,"N",0.0,0.0,0.0,"",""
"SKU-PAN-0002","2023-10-08",0,43,129,231,0.0,"N",0.0,0.0,0.0,"",""
"SKU-SHI-0003","2023-10-08",0,24,68,150,0.0,"N",0.0,0.0,0.0,"",""
"SKU-TSH-0004","2023-10-08",0,24,55,113,0.0,"N",116.0,539.0,37.0,"2023-11-14","2023-11-14"
"SKU-CRO-0005","2023-10-08",0,17,48,92,0.0,"N",0.0,0.0,0.0,"",""
"SKU-SHI-0006","2023-10-08",0,12,28,80,0.0,"N",63.0,1097.0,33.0,"2023-11-10","2023-11-10"
"SKU-CRO-0007","2023-10-08",0,8,20,51,0.0,"N",0.0,0.0,0.0,"",""
"SKU-PAN-0008","2023-10-08",0,4,16,40,0.0,"N",57.0,1152.0,31.0,"2023-11-06","2023-11-08"
"SKU-PAN-0009","2023-10-08",0,7,25,48,0.0,"N",84.0,1008.0,41.0,"2023-11-18","2023-11-18"
"SKU-TSH-0010","2023-10-08",0,6,16,32,0.0,"N",55.0,782.0,41.0,"2023-11-16","2023-11-18"
"SKU-SHO-0011","2023-10-08",0,7,18,34,0.0,"N",56.0,761.0,43.0,"2023-11-20","2023-11-20"
"SKU-TSH-0012","2023-10-08",0,7,17,32,0.0,"N",0.0,0.0,0.0,"",""
"SKU-SHI-0013","2023-10-08",0,4,15,28,0.0,"N",0.0,0.0,0.0,"",""
"SKU-CRO-0014","2023-10-08",0,3,18,28,0.0,"N",0.0,0.0,0.0,"",""
"SKU-SHI-0015","2023-10-08",0,4,11,19,0.0,"N",0.0,0.0,0.0,"",""
"SKU-PAN-0016","2023-10-08",0,2,9,20,0.0,"N",52.0,970.0,32.0,"2023-11-07","2023-11-09"
"SKU-SHI-0017","2023-10-08",0,4,10,22,0.0,"N",0.0,0.0,0.0,"",""
"SKU-PAN-0018","2023-10-08",0,2,9,22,0.0,"N",40.0,1176.0,45.0,"2023-11-17","2023-11-22"
"SKU-CRO-0019","2023-10-08",0,5,15,25,0.0,"N",0.0,0.0,0.0,"",""
"SKU-PAN-0020","2023-10-08",0,1,5,18,0.0,"N",0.0,0.0,0.0,"",""
"SKU-PAN-0021","2023-10-08",0,0,6,18,0.0,"N",0.0,0.0,0.0,"",""
"SKU-PAN-0022","2023-10-08",0,4,9,16,0.0,"N",0.0,0.0,0.0,"",""
"SKU-SHO-0023","2023-10-08",0,2,3,18,0.0,"N",0.0,0.0,0.0,"",""
"SKU-SHI-0024","2023-10-08",0,3,9,17,0.0,"N",0.0,0.0,0.0,"",""
"SKU-JAC-0025","2023-10-08",0,5,5,15,0.0,"N",0.0,0.0,0.0,"",""
"SKU-PAN-0026","2023-10-08",0,1,5,13,0.0,"N",56.0,1332.0,52.0,"2023-11-29","2023-11-29"
"SKU-JAC-0027","2023-10-08",0,0,4,11,0.0,"N",0.0,0.0,0.0,"",""
"SKU-PAN-0028","2023-10-08",0,4,9,15,0.0,"N",0.0,0.0,0.0,"",""
"SKU-TSH-0029","2023-10-08",0,1,8,10,0.0,"N",0.0,0.0,0.0,"",""
"SKU-CRO-0030","2023-10-08",0,0,6,8,0.0,"N",40.0,621.0,45.0,"2023-11-22","2023-11-22"
"SKU-JAC-0031","2023-10-08",0,2,5,9,0.0,"N",0.0,0.0,0.0,"",""
"SKU-TSH-0032","2023-10-08",18,0,3,8,180.0,"N",0.0,0.0,0.0,"",""
"SKU-SHO-0033","2023-10-08",24,0,7,16,102.9,"N",0.0,0.0,0.0,"",""
"SKU-PAN-0034","2023-10-08",0,4,9,16,0.0,"N",0.0,0.0,0.0,"",""
"SKU-CRO-0035","2023-10-08",0,4,9,13,0.0,"N",0.0,0.0,0.0,"",""
"SKU-SHI-0036","2023-10-08",47,0,3,7,470.0,"N",0.0,0.0,0.0,"",""
"SKU-CRO-0037","2023-10-08",49,2,3,6,490.0,"N",0.0,0.0,0.0,"",""
"SKU-CRO-0038","2023-10-08",0,1,5,9,0.0,"N",62.0,1060.0,39.0,"2023-11-16","2023-11-16"
"SKU-SHO-0039","2023-10-08",33,1,6,10,165.0,"N",0.0,0.0,0.0,"",""
"SKU-SHO-0040","2023-10-08",55,1,5,9,330.0,"N",0.0,0.0,0.0,"",""
"SKU-TSH-0041","2023-10-08",61,3,9,11,203.3,"N",0.0,0.0,0.0,"",""
"SKU-CRO-0042","2023-10-08",49,0,1,7,999.0,"N",0.0,0.0,0.0,"",""
"SKU-CRO-0043","2023-10-08",0,3,5,13,0.0,"N",0.0,0.0,0.0,"",""
"SKU-JAC-0044","2023-10-08",45,1,5,9,270.0,"N",0.0,0.0,0.0,"",""
"SKU-SHI-0045","2023-10-08",55,0,1,3,999.0,"N",0.0,0.0,0.0,"",""
"SKU-JAC-0046","2023-10-08",70,2,2,5,999.0,"N",0.0,0.0,0.0,"",""
"SKU-PAN-0047","2023-10-08",43,2,5,9,258.0,"N",0.0,0.0,0.0,"",""
"SKU-CRO-0048","2023-10-08",0,2,6,14,0.0,"N",0.0,0.0,0.0,"",""
"SKU-TSH-0049","2023-10-08",69,1,2,5,999.0,"N",0.0,0.0,0.0,"",""
"SKU-SHO-0050","2023-10-08",66,1,4,8,495.0,"N",0.0,0.0,0.0,"",""
"SKU-SHI-0051","2023-10-08",5,1,4,8,37.5,"N",0.0,0.0,0.0,"",""
"SKU-SHI-0052","2023-10-08",20,4,5,9,120.0,"N",0.0,0.0,0.0,"",""
"SKU-JAC-0053","2023-10-08",18,2,2,4,270.0,"N",0.0,0.0,0.0,"",""
"SKU-SHI-0054","2023-10-08",26,2,5,7,156.0,"N",0.0,0.0,0.0,"",""
"SKU-JAC-0055","2023-10-08",67,0,3,7,670.0,"N",0.0,0.0,0.0,"",""
"SKU-SHI-0001","2023-10-15",0,91,292,546,0.0,"N",451.0,705.0,35.0,"2023-11-14","2023-11-19"
"SKU-PAN-0002","2023-10-15",0,41,140,242,0.0,"N",0.0,0.0,0.0,"",""
"SKU-SHI-0003","2023-10-15",0,26,77,149,0.0,"N",0.0,0.0,0.0,"",""
"SKU-TSH-0004","2023-10-15",0,26,73,119,0.0,"N",0.0,0.0,0.0,"",""
"SKU-CRO-0005","2023-10-15",0,12,55,95,0.0,"N",116.0,846.0,42.0,"2023-11-25","2023-11-26"
"SKU-SHI-0006","2023-10-15",0,11,36,78,0.0,"N",0.0,0.0,0.0,"",""
"SKU-CRO-0007","2023-10-15",0,8,23,51,0.0,"N",0.0,0.0,0.0,"",""
"SKU-PAN-0008","2023-10-15",0,7,16,38,0.0,"N",0.0,0.0,0.0,"",""
"SKU-PAN-0009","2023-10-15",0,12,34,56,0.0,"N",0.0,0.0,0.0,"",""
"SKU-TSH-0010","2023-10-15",0,4,18,30,0.0,"N",0.0,0.0,0.0,"",""
"SKU-SHO-0011","2023-10-15",0,5,20,36,0.0,"N",0.0,0.0,0.0,"",""
"SKU-TSH-0012","2023-10-15",0,8,20,35,0.0,"N",0.0,0.0,0.0,"",""
"SKU-SHI-0013","2023-10-15",0,3,14,26,0.0,"N",48.0,1227.0,31.0,"2023-11-14","2023-11-15"
"SKU-CRO-0014","2023-10-15",0,2,14,29,0.0,"N",62.0,756.0,30.0,"2023-11-13","2023-11-14"
"SKU-SHI-0015","2023-10-15",0,5,13,23,0.0,"N",56.0,940.0,32.0,"2023-11-15","2023-11-16"
"SKU-PAN-0016","2023-10-15",0,3,9,20,0.0,"N",0.0,0.0,0.0,"",""
"SKU-SHI-0017","2023-10-15",0,2,9,20,0.0,"N",0.0,0.0,0.0,"",""
"SKU-PAN-0018","2023-10-15",0,3,10,22,0.0,"N",0.0,0.0,0.0,"",""
"SKU-CRO-0019","2023-10-15",0,4,19,24,0.0,"N",58.0,726.0,48.0,"2023-11-30","2023-12-02"
"SKU-PAN-0020","2023-10-15",0,3,6,20,0.0,"N",68.0,1163.0,35.0,"2023-11-19","2023-11-19"
"SKU-PAN-0021","2023-10-15",0,7,10,21,0.0,"N",0.0,0.0,0.0,"",""
"SKU-PAN-0022","2023-10-15",0,4,13,18,0.0,"N",0.0,0.0,0.0,"",""
"SKU-SHO-0023","2023-10-15",0,4,7,19,0.0,"N",0.0,0.0,0.0,"",""
"SKU-SHI-0024","2023-10-15",0,2,10,16,0.0,"N",0.0,0.0,0.0,"",""
"SKU-JAC-0025","2023-10-15",0,7,12,20,0.0,"N",0.0,0.0,0.0,"",""
"SKU-PAN-0026","2023-10-15",0,2,6,13,0.0,"N",0.0,0.0,0.0,"",""
"SKU-JAC-0027","2023-10-15",0,4,7,11,0.0,"N",40.0,1871.0,35.0,"2023-11-19","2023-11-19"
"SKU-PAN-0028","2023-10-15",0,3,9,17,0.0,"N",40.0,1317.0,55.0,"2023-12-07","2023-12-09"
"SKU-TSH-0029","2023-10-15",0,2,8,10,0.0,"N",40.0,701.0,31.0,"2023-11-14","2023-11-15"
"SKU-CRO-0030","2023-10-15",0,5,9,12,0.0,"N",0.0,0.0,0.0,"",""
"SKU-JAC-0031","2023-10-15",0,4,7,12,0.0,"N",58.0,1800.0,34.0,"2023-11-18","2023-11-18"
"SKU-TSH-0032","2023-10-15",16,2,4,9,120.0,"N",0.0,0.0,0.0,"",""
"SKU-SHO-0033","2023-10-15",24,0,5,15,144.0,"N",0.0,0.0,0.0,"",""
"SKU-PAN-0034","2023-10-15",0,2,7,18,0.0,"N",64.0,1051.0,45.0,"2023-11-28","2023-11-29"
"SKU-CRO-0035","2023-10-15",0,1,6,11,0.0,"N",46.0,721.0,46.0,"2023-11-28","2023-11-30"
"SKU-SHI-0036","2023-10-15",45,2,5,9,270.0,"N",0.0,0.0,0.0,"",""
"SKU-CRO-0037","2023-10-15",47,2,4,6,352.5,"N",0.0,0.0,0.0,"",""
"SKU-CRO-0038","2023-10-15",0,1,6,7,0.0,"N",0.0,0.0,0.0,"",""
"SKU-SHO-0039","2023-10-15",33,0,5,9,198.0,"N",0.0,0.0,0.0,"",""
"SKU-SHO-0040","2023-10-15",53,2,6,11,265.0,"N",0.0,0.0,0.0,"",""
"SKU-TSH-0041","2023-10-15",61,0,5,11,366.0,"N",0.0,0.0,0.0,"",""
"SKU-CRO-0042","2023-10-15",49,0,1,6,999.0,"N",0.0,0.0,0.0,"",""
"SKU-CRO-0043","2023-10-15",0,1,6,12,0.0,"N",0.0,0.0,0.0,"",""
"SKU-JAC-0044","2023-10-15",43,2,7,9,184.3,"N",0.0,0.0,0.0,"",""
"SKU-SHI-0045","2023-10-15",54,1,2,2,810.0,"N",0.0,0.0,0.0,"",""
"SKU-JAC-0046","2023-10-15",69,1,3,6,690.0,"N",0.0,0.0,0.0,"",""
"SKU-PAN-0047","2023-10-15",38,5,10,12,114.0,"N",0.0,0.0,0.0,"",""
"SKU-CRO-0048","2023-10-15",0,5,9,16,0.0,"N",0.0,0.0,0.0,"",""
"SKU-TSH-0049","2023-10-15",66,3,5,7,396.0,"N",0.0,0.0,0.0,"",""
"SKU-SHO-0050","2023-10-15",65,1,4,8,487.5,"N",0.0,0.0,0.0,"",""
"SKU-SHI-0051","2023-10-15",5,0,4,8,37.5,"N",0.0,0.0,0.0,"",""
"SKU-SHI-0052","2023-10-15",20,0,5,9,120.0,"N",0.0,0.0,0.0,"",""
"SKU-JAC-0053","2023-10-15",17,1,3,5,170.0,"N",0.0,0.0,0.0,"",""
"SKU-SHI-0054","2023-10-15",26,0,4,7,195.0,"N",0.0,0.0,0.0,"",""
"SKU-JAC-0055","2023-10-15",66,1,3,7,660.0,"N",0.0,0.0,0.0,"",""
"SKU-SHI-0001","2023-10-22",0,103,347,576,0.0,"N",0.0,0.0,0.0,"",""
"SKU-PAN-0002","2023-10-22",0,40,149,258,0.0,"N",234.0,982.0,40.0,"2023-12-01","2023-12-01"
"SKU-SHI-0003","2023-10-22",0,31,96,160,0.0,"N",0.0,0.0,0.0,"",""
"SKU-TSH-0004","2023-10-22",0,24,86,135,0.0,"N",0.0,0.0,0.0,"",""
"SKU-CRO-0005","2023-10-22",0,14,52,96,0.0,"N",0.0,0.0,0.0,"",""
"SKU-SHI-0006","2023-10-22",0,18,48,84,0.0,"N",0.0,0.0,0.0,"",""
"SKU-CRO-0007","2023-10-22",0,9,28,49,0.0,"N",102.0,818.0,33.0,"2023-11-19","2023-11-24"
"SKU-PAN-0008","2023-10-22",0,13,28,48,0.0,"N",0.0,0.0,0.0,"",""
"SKU-PAN-0009","2023-10-22",0,9,41,56,0.0,"N",0.0,0.0,0.0,"",""
"SKU-TSH-0010","2023-10-22",0,8,23,34,0.0,"N",0.0,0.0,0.0,"",""
"SKU-SHO-0011","2023-10-22",0,4,19,38,0.0,"N",0.0,0.0,0.0,"",""
"SKU-TSH-0012","2023-10-22",0,6,23,37,0.0,"N",88.0,715.0,49.0,"2023-12-09","2023-12-10"
"SKU-SHI-0013","2023-10-22",0,7,16,31,0.0,"N",0.0,0.0,0.0,"",""
"SKU-CRO-0014","2023-10-22",0,5,16,32,0.0,"N",0.0,0.0,0.0,"",""
"SKU-SHI-0015","2023-10-22",0,8,19,30,0.0,"N",0.0,0.0,0.0,"",""
"SKU-PAN-0016","2023-10-22",0,2,10,17,0.0,"N",0.0,0.0,0.0,"",""
"SKU-SHI-0017","2023-10-22",0,6,12,22,0.0,"N",40.0,842.0,56.0,"2023-12-17","2023-12-17"
"SKU-PAN-0018","2023-10-22",0,8,17,23,0.0,"N",0.0,0.0,0.0,"",""
"SKU-CRO-0019","2023-10-22",0,2,18,26,0.0,"N",0.0,0.0,0.0,"",""
"SKU-PAN-0020","2023-10-22",0,3,9,18,0.0,"N",0.0,0.0,0.0,"",""
"SKU-PAN-0021","2023-10-22",0,4,12,20,0.0,"N",56.0,1216.0,55.0,"2023-12-11","2023-12-16"
"SKU-PAN-0022","2023-10-22",0,2,14,18,0.0,"N",0.0,0.0,0.0,"",""
"SKU-SHO-0023","2023-10-22",0,2,9,14,0.0,"N",60.0,668.0,44.0,"2023-12-05","2023-12-05"
"SKU-SHI-0024","2023-10-22",0,2,9,17,0.0,"N",40.0,854.0,60.0,"2023-12-16","2023-12-21"
"SKU-JAC-0025","2023-10-22",0,4,16,21,0.0,"N",74.0,1639.0,44.0,"2023-12-05","2023-12-05"
"SKU-PAN-0026","2023-10-22",0,4,9,16,0.0,"N",0.0,0.0,0.0,"",""
"SKU-JAC-0027","2023-10-22",0,4,11,14,0.0,"N",0.0,0.0,0.0,"",""
"SKU-PAN-0028","2023-10-22",0,1,9,17,0.0,"N",0.0,0.0,0.0,"",""
"SKU-TSH-0029","2023-10-22",0,2,9,12,0.0,"N",0.0,0.0,0.0,"",""
"SKU-CRO-0030","2023-10-22",0,3,11,15,0.0,"N",0.0,0.0,0.0,"",""
"SKU-JAC-0031","2023-10-22",0,0,7,12,0.0,"N",0.0,0.0,0.0,"",""
"SKU-TSH-0032","2023-10-22",15,1,5,8,90.0,"N",0.0,0.0,0.0,"",""
"SKU-SHO-0033","2023-10-22",22,2,6,16,110.0,"N",0.0,0.0,0.0,"",""
"SKU-PAN-0034","2023-10-22",0,0,6,16,0.0,"N",0.0,0.0,0.0,"",""
"SKU-CRO-0035","2023-10-22",0,2,7,12,0.0,"N",0.0,0.0,0.0,"",""
"SKU-SHI-0036","2023-10-22",43,2,6,8,215.0,"N",0.0,0.0,0.0,"",""
"SKU-CRO-0037","2023-10-22",42,5,9,11,140.0,"N",0.0,0.0,0.0,"",""
"SKU-CRO-0038","2023-10-22",0,3,9,10,0.0,"N",0.0,0.0,0.0,"",""
"SKU-SHO-0039","2023-10-22",31,2,4,9,232.5,"N",0.0,0.0,0.0,"",""
"SKU-SHO-0040","2023-10-22",50,3,8,13,187.5,"N",0.0,0.0,0.0,"",""
"SKU-TSH-0041","2023-10-22",58,3,6,14,290.0,"N",0.0,0.0,0.0,"",""
"SKU-CRO-0042","2023-10-22",46,3,3,8,460.0,"N",0.0,0.0,0.0,"",""
"SKU-CRO-0043","2023-10-22",0,2,8,12,0.0,"N",0.0,0.0,0.0,"",""
"SKU-JAC-0044","2023-10-22",43,0,5,8,258.0,"N",0.0,0.0,0.0,"",""
"SKU-SHI-0045","2023-10-22",52,2,3,4,520.0,"N",0.0,0.0,0.0,"",""
"SKU-JAC-0046","2023-10-22",67,2,5,7,402.0,"N",0.0,0.0,0.0,"",""
"SKU-PAN-0047","2023-10-22",37,1,10,13,111.0,"N",0.0,0.0,0.0,"",""
"SKU-CRO-0048","2023-10-22",0,1,9,16,0.0,"N",40.0,736.0,45.0,"2023-12-01","2023-12-06"
"SKU-TSH-0049","2023-10-22",63,3,7,10,270.0,"N",0.0,0.0,0.0,"",""
"SKU-SHO-0050","2023-10-22",64,1,4,7,480.0,"N",0.0,0.0,0.0,"",""
"SKU-SHI-0051","2023-10-22",4,1,4,8,30.0,"N",0.0,0.0,0.0,"",""
"SKU-SHI-0052","2023-10-22",18,2,7,9,77.1,"N",0.0,0.0,0.0,"",""
"SKU-JAC-0053","2023-10-22",16,1,4,6,120.0,"N",0.0,0.0,0.0,"",""
"SKU-SHI-0054","2023-10-22",25,1,5,6,150.0,"N",0.0,0.0,0.0,"",""
"SKU-JAC-0055","2023-10-22",65,1,2,7,975.0,"N",0.0,0.0,0.0,"",""
"SKU-SHI-0001","2023-10-29",0,101,409,593,0.0,"N",0.0,0.0,0.0,"",""
"SKU-PAN-0002","2023-10-29",0,55,190,287,0.0,"N",0.0,0.0,0.0,"",""
"SKU-SHI-0003","2023-10-29",0,25,113,170,0.0,"N",226.0,1004.0,32.0,"2023-11-29","2023-11-30"
"SKU-TSH-0004","2023-10-29",0,19,98,140,0.0,"N",0.0,0.0,0.0,"",""
"SKU-CRO-0005","2023-10-29",0,25,72,111,0.0,"N",0.0,0.0,0.0,"",""
"SKU-SHI-0006","2023-10-29",0,10,53,79,0.0,"N",0.0,0.0,0.0,"",""
"SKU-CRO-0007","2023-10-29",0,14,40,55,0.0,"N",0.0,0.0,0.0,"",""
"SKU-PAN-0008","2023-10-29",0,9,34,52,0.0,"N",0.0,0.0,0.0,"",""
"SKU-PAN-0009","2023-10-29",0,11,44,62,0.0,"N",0.0,0.0,0.0,"",""
"SKU-TSH-0010","2023-10-29",0,2,22,33,0.0,"N",0.0,0.0,0.0,"",""
"SKU-SHO-0011","2023-10-29",0,4,20,37,0.0,"N",0.0,0.0,0.0,"",""
"SKU-TSH-0012","2023-10-29",0,4,26,39,0.0,"N",0.0,0.0,0.0,"",""
"SKU-SHI-0013","2023-10-29",0,4,20,34,0.0,"N",0.0,0.0,0.0,"",""
"SKU-CRO-0014","2023-10-29",0,3,16,31,0.0,"N",0.0,0.0,0.0,"",""
"SKU-SHI-0015","2023-10-29",0,5,23,32,0.0,"N",0.0,0.0,0.0,"",""
"SKU-PAN-0016","2023-10-29",0,1,8,17,0.0,"N",0.0,0.0,0.0,"",""
"SKU-SHI-0017","2023-10-29",0,3,15,22,0.0,"N",0.0,0.0,0.0,"",""
"SKU-PAN-0018","2023-10-29",0,6,19,27,0.0,"N",0.0,0.0,0.0,"",""
"SKU-CRO-0019","2023-10-29",0,1,15,25,0.0,"N",0.0,0.0,0.0,"",""
"SKU-PAN-0020","2023-10-29",0,6,13,19,0.0,"N",0.0,0.0,0.0,"",""
"SKU-PAN-0021","2023-10-29",0,2,13,20,0.0,"N",0.0,0.0,0.0,"",""
"SKU-PAN-0022","2023-10-29",0,5,15,20,0.0,"N",64.0,1076.0,52.0,"2023-12-18","2023-12-20"
"SKU-SHO-0023","2023-10-29",0,6,14,17,0.0,"N",0.0,0.0,0.0,"",""
"SKU-SHI-0024","2023-10-29",0,3,11,19,0.0,"N",0.0,0.0,0.0,"",""
"SKU-JAC-0025","2023-10-29",0,1,17,20,0.0,"N",0.0,0.0,0.0,"",""
"SKU-PAN-0026","2023-10-29",0,4,11,18,0.0,"N",0.0,0.0,0.0,"",""
"SKU-JAC-0027","2023-10-29",0,2,12,14,0.0,"N",0.0,0.0,0.0,"",""
"SKU-PAN-0028","2023-10-29",0,1,9,15,0.0,"N",0.0,0.0,0.0,"",""
"SKU-TSH-0029","2023-10-29",0,1,6,13,0.0,"N",0.0,0.0,0.0,"",""
"SKU-CRO-0030","2023-10-29",0,3,11,17,0.0,"N",0.0,0.0,0.0,"",""
"SKU-JAC-0031","2023-10-29",0,4,10,15,0.0,"N",0.0,0.0,0.0,"",""
"SKU-TSH-0032","2023-10-29",11,4,7,11,47.1,"N",0.0,0.0,0.0,"",""
"SKU-SHO-0033","2023-10-29",21,1,7,12,90.0,"N",0.0,0.0,0.0,"",""
"SKU-PAN-0034","2023-10-29",0,5,11,18,0.0,"N",0.0,0.0,0.0,"",""
"SKU-CRO-0035","2023-10-29",0,1,8,13,0.0,"N",0.0,0.0,0.0,"",""
"SKU-SHI-0036","2023-10-29",43,0,5,8,258.0,"N",0.0,0.0,0.0,"",""
"SKU-CRO-0037","2023-10-29",41,1,10,12,123.0,"N",0.0,0.0,0.0,"",""
"SKU-CRO-0038","2023-10-29",0,4,11,14,0.0,"N",0.0,0.0,0.0,"",""
"SKU-SHO-0039","2023-10-29",29,2,5,10,174.0,"N",0.0,0.0,0.0,"",""
"SKU-SHO-0040","2023-10-29",47,3,9,15,156.7,"N",0.0,0.0,0.0,"",""
"SKU-TSH-0041","2023-10-29",58,0,6,13,290.0,"N",0.0,0.0,0.0,"",""
"SKU-CRO-0042","2023-10-29",45,1,4,8,337.5,"N",0.0,0.0,0.0,"",""
"SKU-CRO-0043","2023-10-29",0,0,6,11,0.0,"N",52.0,677.0,51.0,"2023-12-16","2023-12-19"
"SKU-JAC-0044","2023-10-29",42,1,4,9,315.0,"N",0.0,0.0,0.0,"",""
"SKU-SHI-0045","2023-10-29",50,2,5,6,300.0,"N",0.0,0.0,0.0,"",""
"SKU-JAC-0046","2023-10-29",65,2,7,8,278.6,"N",0.0,0.0,0.0,"",""
"SKU-PAN-0047","2023-10-29",36,1,10,14,108.0,"N",0.0,0.0,0.0,"",""
"SKU-CRO-0048","2023-10-29",0,0,8,15,0.0,"N",0.0,0.0,0.0,"",""
"SKU-TSH-0049","2023-10-29",61,2,9,10,203.3,"N",0.0,0.0,0.0,"",""
"SKU-SHO-0050","2023-10-29",63,1,5,7,378.0,"N",0.0,0.0,0.0,"",""
"SKU-SHI-0051","2023-10-29",3,1,4,7,22.5,"N",0.0,0.0,0.0,"",""
"SKU-SHI-0052","2023-10-29",17,1,8,8,63.8,"N",0.0,0.0,0.0,"",""
"SKU-JAC-0053","2023-10-29",15,1,5,6,90.0,"N",0.0,0.0,0.0,"",""
"SKU-SHI-0054","2023-10-29",24,1,4,7,180.0,"N",0.0,0.0,0.0,"",""
"SKU-JAC-0055","2023-10-29",63,2,4,8,472.5,"N",0.0,0.0,0.0,"",""
"SKU-SHI-0001","2023-11-05",0,86,408,628,0.0,"N",0.0,0.0,0.0,"",""
"SKU-PAN-0002","2023-11-05",0,37,181,306,0.0,"N",0.0,0.0,0.0,"",""
"SKU-SHI-0003","2023-11-05",0,19,108,174,0.0,"N",0.0,0.0,0.0,"",""
"SKU-TSH-0004","2023-11-05",0,22,98,149,0.0,"N",172.0,539.0,50.0,"2023-12-25","2023-12-25"
"SKU-CRO-0005","2023-11-05",0,7,63,111,0.0,"N",0.0,0.0,0.0,"",""
"SKU-SHI-0006","2023-11-05",0,5,46,74,0.0,"N",82.0,1097.0,30.0,"2023-12-04","2023-12-05"
"SKU-CRO-0007","2023-11-05",0,9,42,60,0.0,"N",0.0,0.0,0.0,"",""
"SKU-PAN-0008","2023-11-05",0,7,36,53,0.0,"N",79.0,1152.0,44.0,"2023-12-16","2023-12-19"
"SKU-PAN-0009","2023-11-05",0,5,39,62,0.0,"N",70.0,1008.0,38.0,"2023-12-13","2023-12-13"
"SKU-TSH-0010","2023-11-05",0,5,21,35,0.0,"N",74.0,782.0,57.0,"2023-12-31","2024-01-01"
"SKU-SHO-0011","2023-11-05",0,2,16,35,0.0,"N",68.0,761.0,38.0,"2023-12-08","2023-12-13"
"SKU-TSH-0012","2023-11-05",0,5,24,43,0.0,"N",0.0,0.0,0.0,"",""
"SKU-SHI-0013","2023-11-05",0,6,20,36,0.0,"N",0.0,0.0,0.0,"",""
"SKU-CRO-0014","2023-11-05",0,4,15,32,0.0,"N",0.0,0.0,0.0,"",""
"SKU-SHI-0015","2023-11-05",0,2,22,32,0.0,"N",0.0,0.0,0.0,"",""
"SKU-PAN-0016","2023-11-05",0,2,9,17,0.0,"N",64.0,970.0,38.0,"2023-12-08","2023-12-13"
"SKU-SHI-0017","2023-11-05",0,3,14,24,0.0,"N",0.0,0.0,0.0,"",""
"SKU-PAN-0018","2023-11-05",0,2,20,28,0.0,"N",75.0,1176.0,35.0,"2023-12-09","2023-12-10"
"SKU-CRO-0019","2023-11-05",0,4,12,26,0.0,"N",0.0,0.0,0.0,"",""
"SKU-PAN-0020","2023-11-05",0,7,19,24,0.0,"N",0.0,0.0,0.0,"",""
"SKU-PAN-0021","2023-11-05",0,4,17,23,0.0,"N",0.0,0.0,0.0,"",""
"SKU-PAN-0022","2023-11-05",0,3,17,23,0.0,"N",0.0,0.0,0.0,"",""
"SKU-SHO-0023","2023-11-05",0,3,16,18,0.0,"N",0.0,0.0,0.0,"",""
"SKU-SHI-0024","2023-11-05",0,0,8,16,0.0,"N",0.0,0.0,0.0,"",""
"SKU-JAC-0025","2023-11-05",0,1,15,19,0.0,"N",0.0,0.0,0.0,"",""
"SKU-PAN-0026","2023-11-05",0,1,11,18,0.0,"N",66.0,1332.0,48.0,"2023-12-21","2023-12-23"
"SKU-JAC-0027","2023-11-05",0,2,12,16,0.0,"N",0.0,0.0,0.0,"",""
"SKU-PAN-0028","2023-11-05",0,2,7,16,0.0,"N",0.0,0.0,0.0,"",""
"SKU-TSH-0029","2023-11-05",0,1,6,14,0.0,"N",0.0,0.0,0.0,"",""
"SKU-CRO-0030","2023-11-05",0,2,13,19,0.0,"N",72.0,621.0,43.0,"2023-12-18","2023-12-18"
"SKU-JAC-0031","2023-11-05",0,0,9,13,0.0,"N",0.0,0.0,0.0,"",""
"SKU-TSH-0032","2023-11-05",7,4,11,14,19.1,"N",0.0,0.0,0.0,"",""
"SKU-SHO-0033","2023-11-05",20,1,4,13,150.0,"N",0.0,0.0,0.0,"",""
"SKU-PAN-0034","2023-11-05",0,2,9,18,0.0,"N",0.0,0.0,0.0,"",""
"SKU-CRO-0035","2023-11-05",0,1,7,14,0.0,"N",0.0,0.0,0.0,"",""
"SKU-SHI-0036","2023-11-05",42,1,5,8,252.0,"N",0.0,0.0,0.0,"",""
"SKU-CRO-0037","2023-11-05",38,3,12,14,95.0,"N",0.0,0.0,0.0,"",""
"SKU-CRO-0038","2023-11-05",0,1,9,14,0.0,"N",50.0,1060.0,48.0,"2023-12-18","2023-12-23"
"SKU-SHO-0039","2023-11-05",28,1,6,11,140.0,"N",0.0,0.0,0.0,"",""
"SKU-SHO-0040","2023-11-05",45,2,10,15,135.0,"N",0.0,0.0,0.0,"",""
"SKU-TSH-0041","2023-11-05",58,0,5,12,348.0,"N",0.0,0.0,0.0,"",""
"SKU-CRO-0042","2023-11-05",42,3,7,8,180.0,"N",0.0,0.0,0.0,"",""
"SKU-CRO-0043","2023-11-05",0,0,4,8,0.0,"N",0.0,0.0,0.0,"",""
"SKU-JAC-0044","2023-11-05",42,0,3,8,420.0,"N",0.0,0.0,0.0,"",""
"SKU-SHI-0045","2023-11-05",49,1,6,7,245.0,"N",0.0,0.0,0.0,"",""
"SKU-JAC-0046","2023-11-05",63,2,7,9,270.0,"N",0.0,0.0,0.0,"",""
"SKU-PAN-0047","2023-11-05",35,1,9,14,116.7,"N",0.0,0.0,0.0,"",""
"SKU-CRO-0048","2023-11-05",0,2,8,15,0.0,"N",0.0,0.0,0.0,"",""
"SKU-TSH-0049","2023-11-05",61,0,8,10,228.8,"N",0.0,0.0,0.0,"",""
"SKU-SHO-0050","2023-11-05",62,1,4,8,465.0,"N",0.0,0.0,0.0,"",""
"SKU-SHI-0051","2023-11-05",0,4,6,10,0.0,"N",40.0,928.0,39.0,"2023-12-09","2023-12-14"
"SKU-SHI-0052","2023-11-05",16,1,5,9,96.0,"N",0.0,0.0,0.0,"",""
"SKU-JAC-0053","2023-11-05",13,2,5,7,78.0,"N",0.0,0.0,0.0,"",""
"SKU-SHI-0054","2023-11-05",23,1,3,8,230.0,"N",0.0,0.0,0.0,"",""
"SKU-JAC-0055","2023-11-05",62,1,5,8,372.0,"N",0.0,0.0,0.0,"",""
"SKU-SHI-0001","2023-11-12",0,60,376,660,0.0,"N",576.0,705.0,49.0,"2023-12-28","2023-12-31"
"SKU-PAN-0002","2023-11-12",0,25,169,306,0.0,"N",0.0,0.0,0.0,"",""
"SKU-SHI-0003","2023-11-12",0,20,102,176,0.0,"N",0.0,0.0,0.0,"",""
"SKU-TSH-0004","2023-11-12",0,21,96,162,0.0,"N",0.0,0.0,0.0,"",""
"SKU-CRO-0005","2023-11-12",0,10,60,112,0.0,"N",144.0,846.0,34.0,"2023-12-13","2023-12-16"
"SKU-SHI-0006","2023-11-12",0,15,51,85,0.0,"N",0.0,0.0,0.0,"",""
"SKU-CRO-0007","2023-11-12",0,6,40,62,0.0,"N",0.0,0.0,0.0,"",""
"SKU-PAN-0008","2023-11-12",0,6,35,52,0.0,"N",0.0,0.0,0.0,"",""
"SKU-PAN-0009","2023-11-12",0,5,33,65,0.0,"N",0.0,0.0,0.0,"",""
"SKU-TSH-0010","2023-11-12",0,8,24,41,0.0,"N",0.0,0.0,0.0,"",""
"SKU-SHO-0011","2023-11-12",0,4,16,35,0.0,"N",0.0,0.0,0.0,"",""
"SKU-TSH-0012","2023-11-12",0,5,22,43,0.0,"N",0.0,0.0,0.0,"",""
"SKU-SHI-0013","2023-11-12",0,5,24,38,0.0,"N",46.0,1227.0,53.0,"2024-01-02","2024-01-04"
"SKU-CRO-0014","2023-11-12",0,3,17,32,0.0,"N",66.0,756.0,48.0,"2023-12-30","2023-12-30"
"SKU-SHI-0015","2023-11-12",0,1,19,30,0.0,"N",62.0,940.0,43.0,"2023-12-22","2023-12-25"
"SKU-PAN-0016","2023-11-12",0,6,11,20,0.0,"N",0.0,0.0,0.0,"",""
"SKU-SHI-0017","2023-11-12",0,4,17,25,0.0,"N",0.0,0.0,0.0,"",""
"SKU-PAN-0018","2023-11-12",0,2,18,28,0.0,"N",0.0,0.0,0.0,"",""
"SKU-CRO-0019","2023-11-12",0,3,11,29,0.0,"N",52.0,726.0,32.0,"2023-12-11","2023-12-14"
"SKU-PAN-0020","2023-11-12",0,4,21,28,0.0,"N",44.0,1163.0,31.0,"2023-12-13","2023-12-13"
"SKU-PAN-0021","2023-11-12",0,3,14,24,0.0,"N",0.0,0.0,0.0,"",""
"SKU-PAN-0022","2023-11-12",0,1,12,24,0.0,"N",0.0,0.0,0.0,"",""
"SKU-SHO-0023","2023-11-12",0,2,13,20,0.0,"N",0.0,0.0,0.0,"",""
"SKU-SHI-0024","2023-11-12",0,0,5,15,0.0,"N",0.0,0.0,0.0,"",""
"SKU-JAC-0025","2023-11-12",0,3,9,21,0.0,"N",0.0,0.0,0.0,"",""
"SKU-PAN-0026","2023-11-12",0,2,12,17,0.0,"N",0.0,0.0,0.0,"",""
"SKU-JAC-0027","2023-11-12",0,1,10,16,0.0,"N",53.0,1871.0,56.0,"2024-01-02","2024-01-07"
"SKU-PAN-0028","2023-11-12",0,4,9,18,0.0,"N",62.0,1317.0,34.0,"2023-12-16","2023-12-16"
"SKU-TSH-0029","2023-11-12",0,1,5,13,0.0,"N",40.0,701.0,37.0,"2023-12-19","2023-12-19"
"SKU-CRO-0030","2023-11-12",0,2,10,21,0.0,"N",0.0,0.0,0.0,"",""
"SKU-JAC-0031","2023-11-12",0,1,7,12,0.0,"N",52.0,1800.0,47.0,"2023-12-29","2023-12-29"
"SKU-TSH-0032","2023-11-12",5,2,13,15,11.5,"N",40.0,627.0,56.0,"2024-01-02","2024-01-07"
"SKU-SHO-0033","2023-11-12",20,0,4,9,150.0,"N",0.0,0.0,0.0,"",""
"SKU-PAN-0034","2023-11-12",0,1,9,18,0.0,"N",60.0,1051.0,56.0,"2024-01-07","2024-01-07"
"SKU-CRO-0035","2023-11-12",0,0,4,11,0.0,"N",40.0,721.0,32.0,"2023-12-14","2023-12-14"
"SKU-SHI-0036","2023-11-12",42,0,3,8,420.0,"N",0.0,0.0,0.0,"",""
"SKU-CRO-0037","2023-11-12",37,1,10,14,111.0,"N",0.0,0.0,0.0,"",""
"SKU-CRO-0038","2023-11-12",0,1,9,15,0.0,"N",0.0,0.0,0.0,"",""
"SKU-SHO-0039","2023-11-12",25,3,8,14,93.8,"N",0.0,0.0,0.0,"",""
"SKU-SHO-0040","2023-11-12",41,4,13,19,94.6,"N",0.0,0.0,0.0,"",""
"SKU-TSH-0041","2023-11-12",57,1,4,10,427.5,"N",0.0,0.0,0.0,"",""
"SKU-CRO-0042","2023-11-12",42,0,7,8,180.0,"N",0.0,0.0,0.0,"",""
"SKU-CRO-0043","2023-11-12",0,1,3,9,0.0,"N",0.0,0.0,0.0,"",""
"SKU-JAC-0044","2023-11-12",40,2,3,10,400.0,"N",0.0,0.0,0.0,"",""
"SKU-SHI-0045","2023-11-12",49,0,6,7,245.0,"N",0.0,0.0,0.0,"",""
"SKU-JAC-0046","2023-11-12",60,3,9,12,200.0,"N",0.0,0.0,0.0,"",""
"SKU-PAN-0047","2023-11-12",35,0,6,13,175.0,"N",0.0,0.0,0.0,"",""
"SKU-CRO-0048","2023-11-12",0,0,4,12,0.0,"N",0.0,0.0,0.0,"",""
"SKU-TSH-0049","2023-11-12",60,1,8,11,225.0,"N",0.0,0.0,0.0,"",""
"SKU-SHO-0050","2023-11-12",62,0,4,8,465.0,"N",0.0,0.0,0.0,"",""
"SKU-SHI-0051","2023-11-12",0,1,7,11,0.0,"N",0.0,0.0,0.0,"",""
"SKU-SHI-0052","2023-11-12",15,1,5,10,90.0,"N",0.0,0.0,0.0,"",""
"SKU-JAC-0053","2023-11-12",11,2,6,9,55.0,"N",0.0,0.0,0.0,"",""
"SKU-SHI-0054","2023-11-12",22,1,4,8,165.0,"N",0.0,0.0,0.0,"",""
"SKU-JAC-0055","2023-11-12",61,1,5,8,366.0,"N",0.0,0.0,0.0,"",""
"SKU-SHI-0001","2023-11-19",0,46,326,649,0.0,"N",0.0,0.0,0.0,"",""
"SKU-PAN-0002","2023-11-19",0,25,156,302,0.0,"N",284.0,982.0,54.0,"2024-01-07","2024-01-12"
"SKU-SHI-0003","2023-11-19",0,14,86,182,0.0,"N",0.0,0.0,0.0,"",""
"SKU-TSH-0004","2023-11-19",0,11,80,163,0.0,"N",0.0,0.0,0.0,"",""
"SKU-CRO-0005","2023-11-19",0,15,59,113,0.0,"N",0.0,0.0,0.0,"",""
"SKU-SHI-0006","2023-11-19",0,5,40,86,0.0,"N",0.0,0.0,0.0,"",""
"SKU-CRO-0007","2023-11-19",0,9,43,68,0.0,"N",112.0,818.0,58.0,"2024-01-13","2024-01-16"
"SKU-PAN-0008","2023-11-19",0,4,32,54,0.0,"N",0.0,0.0,0.0,"",""
"SKU-PAN-0009","2023-11-19",0,4,27,66,0.0,"N",0.0,0.0,0.0,"",""
"SKU-TSH-0010","2023-11-19",0,2,18,41,0.0,"N",0.0,0.0,0.0,"",""
"SKU-SHO-0011","2023-11-19",0,3,14,33,0.0,"N",0.0,0.0,0.0,"",""
"SKU-TSH-0012","2023-11-19",0,3,20,42,0.0,"N",81.0,715.0,54.0,"2024-01-09","2024-01-12"
"SKU-SHI-0013","2023-11-19",0,1,18,32,0.0,"N",0.0,0.0,0.0,"",""
"SKU-CRO-0014","2023-11-19",0,6,17,33,0.0,"N",0.0,0.0,0.0,"",""
"SKU-SHI-0015","2023-11-19",0,1,12,28,0.0,"N",0.0,0.0,0.0,"",""
"SKU-PAN-0016","2023-11-19",0,3,13,23,0.0,"N",0.0,0.0,0.0,"",""
"SKU-SHI-0017","2023-11-19",0,2,12,24,0.0,"N",69.0,842.0,53.0,"2024-01-06","2024-01-11"
"SKU-PAN-0018","2023-11-19",0,2,15,29,0.0,"N",0.0,0.0,0.0,"",""
"SKU-CRO-0019","2023-11-19",0,2,11,28,0.0,"N",0.0,0.0,0.0,"",""
"SKU-PAN-0020","2023-11-19",0,1,19,27,0.0,"N",0.0,0.0,0.0,"",""
"SKU-PAN-0021","2023-11-19",0,2,13,24,0.0,"N",46.0,1216.0,33.0,"2023-12-22","2023-12-22"
"SKU-PAN-0022","2023-11-19",0,3,12,26,0.0,"N",0.0,0.0,0.0,"",""
"SKU-SHO-0023","2023-11-19",0,0,11,20,0.0,"N",68.0,668.0,33.0,"2023-12-19","2023-12-22"
"SKU-SHI-0024","2023-11-19",0,0,4,13,0.0,"N",65.0,854.0,53.0,"2024-01-11","2024-01-11"
"SKU-JAC-0025","2023-11-19",0,0,7,21,0.0,"N",68.0,1639.0,46.0,"2024-01-02","2024-01-04"
"SKU-PAN-0026","2023-11-19",0,3,11,19,0.0,"N",0.0,0.0,0.0,"",""
"SKU-JAC-0027","2023-11-19",0,2,10,18,0.0,"N",0.0,0.0,0.0,"",""
"SKU-PAN-0028","2023-11-19",0,1,8,17,0.0,"N",0.0,0.0,0.0,"",""
"SKU-TSH-0029","2023-11-19",0,1,4,13,0.0,"N",0.0,0.0,0.0,"",""
"SKU-CRO-0030","2023-11-19",0,0,9,19,0.0,"N",0.0,0.0,0.0,"",""
"SKU-JAC-0031","2023-11-19",0,0,5,12,0.0,"N",0.0,0.0,0.0,"",""
"SKU-TSH-0032","2023-11-19",5,0,10,15,15.0,"N",0.0,0.0,0.0,"",""
"SKU-SHO-0033","2023-11-19",20,0,3,8,200.0,"N",0.0,0.0,0.0,"",""
"SKU-PAN-0034","2023-11-19",0,3,11,18,0.0,"N",0.0,0.0,0.0,"",""
"SKU-CRO-0035","2023-11-19",0,1,4,11,0.0,"N",0.0,0.0,0.0,"",""
"SKU-SHI-0036","2023-11-19",42,0,2,7,630.0,"N",0.0,0.0,0.0,"",""
"SKU-CRO-0037","2023-11-19",36,1,8,15,135.0,"N",0.0,0.0,0.0,"",""
"SKU-CRO-0038","2023-11-19",0,1,9,16,0.0,"N",0.0,0.0,0.0,"",""
"SKU-SHO-0039","2023-11-19",24,1,8,12,90.0,"N",0.0,0.0,0.0,"",""
"SKU-SHO-0040","2023-11-19",41,0,9,17,136.7,"N",0.0,0.0,0.0,"",""
"SKU-TSH-0041","2023-11-19",57,0,1,9,999.0,"N",0.0,0.0,0.0,"",""
"SKU-CRO-0042","2023-11-19",41,1,5,8,246.0,"N",0.0,0.0,0.0,"",""
"SKU-CRO-0043","2023-11-19",0,1,4,10,0.0,"N",0.0,0.0,0.0,"",""
"SKU-JAC-0044","2023-11-19",38,2,5,10,228.0,"N",0.0,0.0,0.0,"",""
"SKU-SHI-0045","2023-11-19",49,0,4,7,367.5,"N",0.0,0.0,0.0,"",""
"SKU-JAC-0046","2023-11-19",58,2,10,14,174.0,"N",0.0,0.0,0.0,"",""
"SKU-PAN-0047","2023-11-19",35,0,2,12,525.0,"N",0.0,0.0,0.0,"",""
"SKU-CRO-0048","2023-11-19",0,0,2,11,0.0,"N",40.0,736.0,45.0,"2023-12-31","2024-01-03"
"SKU-TSH-0049","2023-11-19",60,0,5,10,360.0,"N",0.0,0.0,0.0,"",""
"SKU-SHO-0050","2023-11-19",62,0,2,6,930.0,"N",0.0,0.0,0.0,"",""
"SKU-SHI-0051","2023-11-19",0,1,7,12,0.0,"N",0.0,0.0,0.0,"",""
"SKU-SHI-0052","2023-11-19",13,2,5,12,78.0,"N",0.0,0.0,0.0,"",""
"SKU-JAC-0053","2023-11-19",11,0,6,9,55.0,"N",0.0,0.0,0.0,"",""
"SKU-SHI-0054","2023-11-19",20,2,5,10,120.0,"N",0.0,0.0,0.0,"",""
"SKU-JAC-0055","2023-11-19",61,0,4,7,457.5,"N",0.0,0.0,0.0,"",""
"SKU-SHI-0001","2023-11-26",0,49,260,663,0.0,"N",0.0,0.0,0.0,"",""
"SKU-PAN-0002","2023-11-26",0,22,123,300,0.0,"N",0.0,0.0,0.0,"",""
"SKU-SHI-0003","2023-11-26",0,9,70,177,0.0,"N",164.0,1004.0,34.0,"2023-12-30","2023-12-30"
"SKU-TSH-0004","2023-11-26",0,10,69,163,0.0,"N",0.0,0.0,0.0,"",""
"SKU-CRO-0005","2023-11-26",0,9,48,116,0.0,"N",0.0,0.0,0.0,"",""
"SKU-SHI-0006","2023-11-26",0,6,34,85,0.0,"N",0.0,0.0,0.0,"",""
"SKU-CRO-0007","2023-11-26",0,6,33,72,0.0,"N",0.0,0.0,0.0,"",""
"SKU-PAN-0008","2023-11-26",0,1,19,54,0.0,"N",0.0,0.0,0.0,"",""
"SKU-PAN-0009","2023-11-26",0,4,22,64,0.0,"N",0.0,0.0,0.0,"",""
"SKU-TSH-0010","2023-11-26",0,4,19,43,0.0,"N",0.0,0.0,0.0,"",""
"SKU-SHO-0011","2023-11-26",0,2,12,33,0.0,"N",0.0,0.0,0.0,"",""
"SKU-TSH-0012","2023-11-26",0,4,18,43,0.0,"N",0.0,0.0,0.0,"",""
"SKU-SHI-0013","2023-11-26",0,6,20,38,0.0,"N",0.0,0.0,0.0,"",""
"SKU-CRO-0014","2023-11-26",0,1,15,31,0.0,"N",0.0,0.0,0.0,"",""
"SKU-SHI-0015","2023-11-26",0,2,7,29,0.0,"N",0.0,0.0,0.0,"",""
"SKU-PAN-0016","2023-11-26",0,3,14,22,0.0,"N",0.0,0.0,0.0,"",""
"SKU-SHI-0017","2023-11-26",0,3,13,27,0.0,"N",0.0,0.0,0.0,"",""
"SKU-PAN-0018","2023-11-26",0,3,11,29,0.0,"N",0.0,0.0,0.0,"",""
"SKU-CRO-0019","2023-11-26",0,0,9,24,0.0,"N",0.0,0.0,0.0,"",""
"SKU-PAN-0020","2023-11-26",0,1,13,26,0.0,"N",0.0,0.0,0.0,"",""
"SKU-PAN-0021","2023-11-26",0,2,11,24,0.0,"N",0.0,0.0,0.0,"",""
"SKU-PAN-0022","2023-11-26",0,0,8,22,0.0,"N",40.0,1076.0,37.0,"2024-01-01","2024-01-02"
"SKU-SHO-0023","2023-11-26",0,2,9,21,0.0,"N",0.0,0.0,0.0,"",""
"SKU-SHI-0024","2023-11-26",0,0,2,12,0.0,"N",0.0,0.0,0.0,"",""
"SKU-JAC-0025","2023-11-26",0,1,6,22,0.0,"N",0.0,0.0,0.0,"",""
"SKU-PAN-0026","2023-11-26",0,6,12,23,0.0,"N",0.0,0.0,0.0,"",""
"SKU-JAC-0027","2023-11-26",0,1,6,18,0.0,"N",0.0,0.0,0.0,"",""
"SKU-PAN-0028","2023-11-26",0,3,11,19,0.0,"N",0.0,0.0,0.0,"",""
"SKU-TSH-0029","2023-11-26",0,2,5,12,0.0,"N",0.0,0.0,0.0,"",""
"SKU-CRO-0030","2023-11-26",0,1,7,17,0.0,"N",0.0,0.0,0.0,"",""
"SKU-JAC-0031","2023-11-26",0,0,3,11,0.0,"N",0.0,0.0,0.0,"",""
"SKU-TSH-0032","2023-11-26",4,1,7,15,17.1,"N",0.0,0.0,0.0,"",""
"SKU-SHO-0033","2023-11-26",18,2,3,10,180.0,"N",0.0,0.0,0.0,"",""
"SKU-PAN-0034","2023-11-26",0,1,7,18,0.0,"N",0.0,0.0,0.0,"",""
"SKU-CRO-0035","2023-11-26",0,0,2,10,0.0,"N",0.0,0.0,0.0,"",""
"SKU-SHI-0036","2023-11-26",42,0,1,6,999.0,"N",0.0,0.0,0.0,"",""
"SKU-CRO-0037","2023-11-26",36,0,6,15,180.0,"N",0.0,0.0,0.0,"",""
"SKU-CRO-0038","2023-11-26",0,2,7,16,0.0,"N",0.0,0.0,0.0,"",""
"SKU-SHO-0039","2023-11-26",22,2,8,12,82.5,"N",0.0,0.0,0.0,"",""
"SKU-SHO-0040","2023-11-26",39,2,9,19,130.0,"N",0.0,0.0,0.0,"",""
"SKU-TSH-0041","2023-11-26",56,1,2,8,840.0,"N",0.0,0.0,0.0,"",""
"SKU-CRO-0042","2023-11-26",41,0,4,8,307.5,"N",0.0,0.0,0.0,"",""
"SKU-CRO-0043","2023-11-26",0,0,2,8,0.0,"N",40.0,677.0,35.0,"2023-12-26","2023-12-31"
"SKU-JAC-0044","2023-11-26",37,1,6,9,185.0,"N",0.0,0.0,0.0,"",""
"SKU-SHI-0045","2023-11-26",49,0,2,6,735.0,"N",0.0,0.0,0.0,"",""
"SKU-JAC-0046","2023-11-26",57,1,8,15,213.8,"N",0.0,0.0,0.0,"",""
"SKU-PAN-0047","2023-11-26",34,1,2,12,510.0,"N",0.0,0.0,0.0,"",""
"SKU-CRO-0048","2023-11-26",0,0,2,10,0.0,"N",0.0,0.0,0.0,"",""
"SKU-TSH-0049","2023-11-26",59,1,2,11,885.0,"N",0.0,0.0,0.0,"",""
"SKU-SHO-0050","2023-11-26",62,0,2,6,930.0,"N",0.0,0.0,0.0,"",""
"SKU-SHI-0051","2023-11-26",0,0,6,10,0.0,"N",0.0,0.0,0.0,"",""
"SKU-SHI-0052","2023-11-26",11,2,6,14,55.0,"N",0.0,0.0,0.0,"",""
"SKU-JAC-0053","2023-11-26",11,0,4,9,82.5,"N",0.0,0.0,0.0,"",""
"SKU-SHI-0054","2023-11-26",20,0,5,8,120.0,"N",0.0,0.0,0.0,"",""
"SKU-JAC-0055","2023-11-26",61,0,2,6,915.0,"N",0.0,0.0,0.0,"",""
"SKU-SHI-0001","2023-12-03",0,53,228,644,0.0,"N",0.0,0.0,0.0,"",""
"SKU-PAN-0002","2023-12-03",0,23,102,289,0.0,"N",0.0,0.0,0.0,"",""
"SKU-SHI-0003","2023-12-03",0,21,68,180,0.0,"N",0.0,0.0,0.0,"",""
"SKU-TSH-0004","2023-12-03",0,7,58,158,0.0,"N",147.0,539.0,48.0,"2024-01-18","2024-01-20"
"SKU-CRO-0005","2023-12-03",0,10,47,113,0.0,"N",0.0,0.0,0.0,"",""
"SKU-SHI-0006","2023-12-03",0,4,31,78,0.0,"N",98.0,1097.0,34.0,"2024-01-06","2024-01-06"
"SKU-CRO-0007","2023-12-03",0,5,27,73,0.0,"N",0.0,0.0,0.0,"",""
"SKU-PAN-0008","2023-12-03",0,1,13,50,0.0,"N",78.0,1152.0,35.0,"2024-01-04","2024-01-07"
"SKU-PAN-0009","2023-12-03",0,2,15,56,0.0,"N",40.0,1008.0,42.0,"2024-01-14","2024-01-14"
"SKU-TSH-0010","2023-12-03",0,2,18,38,0.0,"N",80.0,782.0,51.0,"2024-01-21","2024-01-23"
"SKU-SHO-0011","2023-12-03",0,5,15,32,0.0,"N",62.0,761.0,34.0,"2024-01-04","2024-01-06"
"SKU-TSH-0012","2023-12-03",0,1,14,40,0.0,"N",0.0,0.0,0.0,"",""
"SKU-SHI-0013","2023-12-03",0,2,18,34,0.0,"N",0.0,0.0,0.0,"",""
"SKU-CRO-0014","2023-12-03",0,4,14,29,0.0,"N",0.0,0.0,0.0,"",""
"SKU-SHI-0015","2023-12-03",0,3,8,30,0.0,"N",0.0,0.0,0.0,"",""
"SKU-PAN-0016","2023-12-03",0,6,20,27,0.0,"N",70.0,970.0,57.0,"2024-01-26","2024-01-29"
"SKU-SHI-0017","2023-12-03",0,3,12,28,0.0,"N",0.0,0.0,0.0,"",""
"SKU-PAN-0018","2023-12-03",0,1,8,29,0.0,"N",40.0,1176.0,29.0,"2024-01-01","2024-01-01"
"SKU-CRO-0019","2023-12-03",0,1,7,19,0.0,"N",0.0,0.0,0.0,"",""
"SKU-PAN-0020","2023-12-03",0,3,14,29,0.0,"N",0.0,0.0,0.0,"",""
"SKU-PAN-0021","2023-12-03",0,0,7,24,0.0,"N",0.0,0.0,0.0,"",""
"SKU-PAN-0022","2023-12-03",0,1,5,22,0.0,"N",0.0,0.0,0.0,"",""
"SKU-SHO-0023","2023-12-03",0,2,7,23,0.0,"N",0.0,0.0,0.0,"",""
"SKU-SHI-0024","2023-12-03",0,0,0,8,999.0,"N",0.0,0.0,0.0,"",""
"SKU-JAC-0025","2023-12-03",0,1,5,21,0.0,"N",0.0,0.0,0.0,"",""
"SKU-PAN-0026","2023-12-03",0,1,13,23,0.0,"N",56.0,1332.0,54.0,"2024-01-25","2024-01-26"
"SKU-JAC-0027","2023-12-03",0,2,7,18,0.0,"N",0.0,0.0,0.0,"",""
"SKU-PAN-0028","2023-12-03",0,2,10,19,0.0,"N",0.0,0.0,0.0,"",""
"SKU-TSH-0029","2023-12-03",0,1,6,12,0.0,"N",0.0,0.0,0.0,"",""
"SKU-CRO-0030","2023-12-03",0,2,5,18,0.0,"N",64.0,621.0,35.0,"2024-01-06","2024-01-07"
"SKU-JAC-0031","2023-12-03",0,2,3,12,0.0,"N",0.0,0.0,0.0,"",""
"SKU-TSH-0032","2023-12-03",4,0,4,14,30.0,"N",0.0,0.0,0.0,"",""
"SKU-SHO-0033","2023-12-03",16,2,4,8,120.0,"N",0.0,0.0,0.0,"",""
"SKU-PAN-0034","2023-12-03",0,1,7,16,0.0,"N",0.0,0.0,0.0,"",""
"SKU-CRO-0035","2023-12-03",0,2,3,11,0.0,"N",0.0,0.0,0.0,"",""
"SKU-SHI-0036","2023-12-03",42,0,1,5,999.0,"N",0.0,0.0,0.0,"",""
"SKU-CRO-0037","2023-12-03",36,0,2,14,540.0,"N",0.0,0.0,0.0,"",""
"SKU-CRO-0038","2023-12-03",0,1,5,15,0.0,"N",56.0,1060.0,43.0,"2024-01-12","2024-01-15"
"SKU-SHO-0039","2023-12-03",22,0,6,12,110.0,"N",0.0,0.0,0.0,"",""
"SKU-SHO-0040","2023-12-03",39,0,6,16,195.0,"N",0.0,0.0,0.0,"",""
"SKU-TSH-0041","2023-12-03",56,0,2,8,840.0,"N",0.0,0.0,0.0,"",""
"SKU-CRO-0042","2023-12-03",40,1,2,9,600.0,"N",0.0,0.0,0.0,"",""
"SKU-CRO-0043","2023-12-03",0,0,2,7,0.0,"N",0.0,0.0,0.0,"",""
"SKU-JAC-0044","2023-12-03",37,0,5,9,222.0,"N",0.0,0.0,0.0,"",""
"SKU-SHI-0045","2023-12-03",47,2,2,8,705.0,"N",0.0,0.0,0.0,"",""
"SKU-JAC-0046","2023-12-03",55,2,8,16,206.2,"N",0.0,0.0,0.0,"",""
"SKU-PAN-0047","2023-12-03",33,1,2,12,495.0,"N",0.0,0.0,0.0,"",""
"SKU-CRO-0048","2023-12-03",0,0,1,9,0.0,"N",0.0,0.0,0.0,"",""
"SKU-TSH-0049","2023-12-03",59,0,2,10,885.0,"N",0.0,0.0,0.0,"",""
"SKU-SHO-0050","2023-12-03",62,0,0,4,999.0,"N",0.0,0.0,0.0,"",""
"SKU-SHI-0051","2023-12-03",0,1,6,10,0.0,"N",40.0,928.0,55.0,"2024-01-27","2024-01-27"
"SKU-SHI-0052","2023-12-03",11,0,5,12,66.0,"N",0.0,0.0,0.0,"",""
"SKU-JAC-0053","2023-12-03",11,0,2,7,165.0,"N",0.0,0.0,0.0,"",""
"SKU-SHI-0054","2023-12-03",17,3,6,11,85.0,"N",0.0,0.0,0.0,"",""
"SKU-JAC-0055","2023-12-03",59,2,4,8,442.5,"N",0.0,0.0,0.0,"",""
"SKU-SHI-0001","2023-12-10",0,54,224,611,0.0,"N",360.0,705.0,52.0,"2024-01-29","2024-01-31"
"SKU-PAN-0002","2023-12-10",0,27,106,281,0.0,"N",0.0,0.0,0.0,"",""
"SKU-SHI-0003","2023-12-10",0,14,62,166,0.0,"N",0.0,0.0,0.0,"",""
"SKU-TSH-0004","2023-12-10",0,14,52,144,0.0,"N",0.0,0.0,0.0,"",""
"SKU-CRO-0005","2023-12-10",0,6,41,102,0.0,"N",92.0,846.0,39.0,"2024-01-16","2024-01-18"
"SKU-SHI-0006","2023-12-10",0,6,26,74,0.0,"N",0.0,0.0,0.0,"",""
"SKU-CRO-0007","2023-12-10",0,7,29,69,0.0,"N",0.0,0.0,0.0,"",""
"SKU-PAN-0008","2023-12-10",0,3,12,49,0.0,"N",0.0,0.0,0.0,"",""
"SKU-PAN-0009","2023-12-10",0,3,16,50,0.0,"N",0.0,0.0,0.0,"",""
"SKU-TSH-0010","2023-12-10",0,4,14,38,0.0,"N",0.0,0.0,0.0,"",""
"SKU-SHO-0011","2023-12-10",0,1,11,28,0.0,"N",0.0,0.0,0.0,"",""
"SKU-TSH-0012","2023-12-10",0,8,17,41,0.0,"N",0.0,0.0,0.0,"",""
"SKU-SHI-0013","2023-12-10",0,0,10,34,0.0,"N",41.0,1227.0,43.0,"2024-01-17","2024-01-22"
"SKU-CRO-0014","2023-12-10",0,2,13,30,0.0,"N",46.0,756.0,37.0,"2024-01-15","2024-01-16"
"SKU-SHI-0015","2023-12-10",0,0,6,27,0.0,"N",48.0,940.0,40.0,"2024-01-19","2024-01-19"
"SKU-PAN-0016","2023-12-10",0,1,14,24,0.0,"N",0.0,0.0,0.0,"",""
"SKU-SHI-0017","2023-12-10",0,0,10,25,0.0,"N",0.0,0.0,0.0,"",""
"SKU-PAN-0018","2023-12-10",0,2,10,28,0.0,"N",0.0,0.0,0.0,"",""
"SKU-CRO-0019","2023-12-10",0,1,5,16,0.0,"N",48.0,726.0,52.0,"2024-01-29","2024-01-31"
"SKU-PAN-0020","2023-12-10",0,0,6,27,0.0,"N",40.0,1163.0,45.0,"2024-01-19","2024-01-24"
"SKU-PAN-0021","2023-12-10",0,4,8,26,0.0,"N",0.0,0.0,0.0,"",""
"SKU-PAN-0022","2023-12-10",0,0,4,17,0.0,"N",0.0,0.0,0.0,"",""
"SKU-SHO-0023","2023-12-10",0,2,6,20,0.0,"N",0.0,0.0,0.0,"",""
"SKU-SHI-0024","2023-12-10",0,1,1,6,0.0,"N",0.0,0.0,0.0,"",""
"SKU-JAC-0025","2023-12-10",0,1,3,15,0.0,"N",0.0,0.0,0.0,"",""
"SKU-PAN-0026","2023-12-10",0,1,11,23,0.0,"N",0.0,0.0,0.0,"",""
"SKU-JAC-0027","2023-12-10",0,2,7,17,0.0,"N",40.0,1871.0,54.0,"2024-01-28","2024-02-02"
"SKU-PAN-0028","2023-12-10",0,0,7,17,0.0,"N",40.0,1317.0,54.0,"2024-01-28","2024-02-02"
"SKU-TSH-0029","2023-12-10",0,3,7,12,0.0,"N",54.0,701.0,31.0,"2024-01-07","2024-01-10"
"SKU-CRO-0030","2023-12-10",0,1,5,17,0.0,"N",0.0,0.0,0.0,"",""
"SKU-JAC-0031","2023-12-10",0,1,4,11,0.0,"N",47.0,1800.0,50.0,"2024-01-29","2024-01-29"
"SKU-TSH-0032","2023-12-10",4,0,1,14,120.0,"N",0.0,0.0,0.0,"",""
"SKU-SHO-0033","2023-12-10",16,0,4,8,120.0,"N",0.0,0.0,0.0,"",""
"SKU-PAN-0034","2023-12-10",0,0,5,15,0.0,"N",40.0,1051.0,40.0,"2024-01-19","2024-01-19"
"SKU-CRO-0035","2023-12-10",0,1,4,9,0.0,"N",40.0,721.0,55.0,"2024-02-01","2024-02-03"
"SKU-SHI-0036","2023-12-10",41,1,1,6,999.0,"N",0.0,0.0,0.0,"",""
"SKU-CRO-0037","2023-12-10",34,2,3,14,340.0,"N",0.0,0.0,0.0,"",""
"SKU-CRO-0038","2023-12-10",0,0,4,14,0.0,"N",0.0,0.0,0.0,"",""
"SKU-SHO-0039","2023-12-10",22,0,3,11,220.0,"N",0.0,0.0,0.0,"",""
"SKU-SHO-0040","2023-12-10",39,0,2,15,585.0,"N",0.0,0.0,0.0,"",""
"SKU-TSH-0041","2023-12-10",56,0,2,5,840.0,"N",0.0,0.0,0.0,"",""
"SKU-CRO-0042","2023-12-10",40,0,2,9,600.0,"N",0.0,0.0,0.0,"",""
"SKU-CRO-0043","2023-12-10",0,0,1,4,0.0,"N",0.0,0.0,0.0,"",""
"SKU-JAC-0044","2023-12-10",37,0,3,6,370.0,"N",0.0,0.0,0.0,"",""
"SKU-SHI-0045","2023-12-10",47,0,2,8,705.0,"N",0.0,0.0,0.0,"",""
"SKU-JAC-0046","2023-12-10",55,0,6,14,275.0,"N",0.0,0.0,0.0,"",""
"SKU-PAN-0047","2023-12-10",33,0,2,9,495.0,"N",0.0,0.0,0.0,"",""
"SKU-CRO-0048","2023-12-10",0,2,2,7,0.0,"N",0.0,0.0,0.0,"",""
"SKU-TSH-0049","2023-12-10",58,1,2,10,870.0,"N",0.0,0.0,0.0,"",""
"SKU-SHO-0050","2023-12-10",61,1,1,5,999.0,"N",0.0,0.0,0.0,"",""
"SKU-SHI-0051","2023-12-10",0,1,3,10,0.0,"N",0.0,0.0,0.0,"",""
"SKU-SHI-0052","2023-12-10",10,1,5,10,60.0,"N",0.0,0.0,0.0,"",""
"SKU-JAC-0053","2023-12-10",10,1,1,8,300.0,"N",0.0,0.0,0.0,"",""
"SKU-SHI-0054","2023-12-10",17,0,5,9,102.0,"N",0.0,0.0,0.0,"",""
"SKU-JAC-0055","2023-12-10",58,1,3,8,580.0,"N",0.0,0.0,0.0,"",""
"SKU-SHI-0001","2023-12-17",0,52,227,563,0.0,"N",0.0,0.0,0.0,"",""
"SKU-PAN-0002","2023-12-17",0,23,100,263,0.0,"N",187.0,982.0,54.0,"2024-02-07","2024-02-09"
"SKU-SHI-0003","2023-12-17",0,14,60,152,0.0,"N",0.0,0.0,0.0,"",""
"SKU-TSH-0004","2023-12-17",0,12,49,135,0.0,"N",0.0,0.0,0.0,"",""
"SKU-CRO-0005","2023-12-17",0,10,41,98,0.0,"N",0.0,0.0,0.0,"",""
"SKU-SHI-0006","2023-12-17",0,5,22,67,0.0,"N",0.0,0.0,0.0,"",""
"SKU-CRO-0007","2023-12-17",0,5,26,68,0.0,"N",64.0,818.0,38.0,"2024-01-22","2024-01-24"
"SKU-PAN-0008","2023-12-17",0,8,14,47,0.0,"N",0.0,0.0,0.0,"",""
"SKU-PAN-0009","2023-12-17",0,1,10,41,0.0,"N",0.0,0.0,0.0,"",""
"SKU-TSH-0010","2023-12-17",0,2,13,31,0.0,"N",0.0,0.0,0.0,"",""
"SKU-SHO-0011","2023-12-17",0,5,15,28,0.0,"N",0.0,0.0,0.0,"",""
"SKU-TSH-0012","2023-12-17",0,1,14,35,0.0,"N",57.0,715.0,45.0,"2024-01-31","2024-01-31"
"SKU-SHI-0013","2023-12-17",0,3,11,31,0.0,"N",0.0,0.0,0.0,"",""
"SKU-CRO-0014","2023-12-17",0,1,8,28,0.0,"N",0.0,0.0,0.0,"",""
"SKU-SHI-0015","2023-12-17",0,1,6,22,0.0,"N",0.0,0.0,0.0,"",""
"SKU-PAN-0016","2023-12-17",0,2,12,26,0.0,"N",0.0,0.0,0.0,"",""
"SKU-SHI-0017","2023-12-17",0,2,9,23,0.0,"N",40.0,842.0,32.0,"2024-01-18","2024-01-18"
"SKU-PAN-0018","2023-12-17",0,0,7,23,0.0,"N",0.0,0.0,0.0,"",""
"SKU-CRO-0019","2023-12-17",0,0,2,14,0.0,"N",0.0,0.0,0.0,"",""
"SKU-PAN-0020","2023-12-17",0,1,5,25,0.0,"N",0.0,0.0,0.0,"",""
"SKU-PAN-0021","2023-12-17",0,3,10,23,0.0,"N",41.0,1216.0,43.0,"2024-01-29","2024-01-29"
"SKU-PAN-0022","2023-12-17",0,1,3,15,0.0,"N",0.0,0.0,0.0,"",""
"SKU-SHO-0023","2023-12-17",0,1,7,20,0.0,"N",40.0,668.0,36.0,"2024-01-19","2024-01-22"
"SKU-SHI-0024","2023-12-17",0,2,3,8,0.0,"N",42.0,854.0,36.0,"2024-01-22","2024-01-22"
"SKU-JAC-0025","2023-12-17",0,2,5,14,0.0,"N",60.0,1639.0,35.0,"2024-01-21","2024-01-21"
"SKU-PAN-0026","2023-12-17",0,1,12,22,0.0,"N",0.0,0.0,0.0,"",""
"SKU-JAC-0027","2023-12-17",0,0,5,15,0.0,"N",0.0,0.0,0.0,"",""
"SKU-PAN-0028","2023-12-17",0,3,8,17,0.0,"N",0.0,0.0,0.0,"",""
"SKU-TSH-0029","2023-12-17",0,2,8,14,0.0,"N",0.0,0.0,0.0,"",""
"SKU-CRO-0030","2023-12-17",0,1,5,14,0.0,"N",0.0,0.0,0.0,"",""
"SKU-JAC-0031","2023-12-17",0,1,4,9,0.0,"N",0.0,0.0,0.0,"",""
"SKU-TSH-0032","2023-12-17",1,3,4,14,7.5,"N",61.0,627.0,49.0,"2024-01-30","2024-02-04"
"SKU-SHO-0033","2023-12-17",15,1,5,8,90.0,"N",0.0,0.0,0.0,"",""
"SKU-PAN-0034","2023-12-17",0,1,4,14,0.0,"N",0.0,0.0,0.0,"",""
"SKU-CRO-0035","2023-12-17",0,0,4,8,0.0,"N",0.0,0.0,0.0,"",""
"SKU-SHI-0036","2023-12-17",41,0,1,3,999.0,"N",0.0,0.0,0.0,"",""
"SKU-CRO-0037","2023-12-17",34,0,2,12,510.0,"N",0.0,0.0,0.0,"",""
"SKU-CRO-0038","2023-12-17",0,2,6,15,0.0,"N",0.0,0.0,0.0,"",""
"SKU-SHO-0039","2023-12-17",22,0,2,10,330.0,"N",0.0,0.0,0.0,"",""
"SKU-SHO-0040","2023-12-17",38,1,3,14,380.0,"N",0.0,0.0,0.0,"",""
"SKU-TSH-0041","2023-12-17",55,1,2,6,825.0,"N",0.0,0.0,0.0,"",""
"SKU-CRO-0042","2023-12-17",40,0,2,6,600.0,"N",0.0,0.0,0.0,"",""
"SKU-CRO-0043","2023-12-17",0,1,1,5,0.0,"N",0.0,0.0,0.0,"",""
"SKU-JAC-0044","2023-12-17",36,1,2,7,540.0,"N",0.0,0.0,0.0,"",""
"SKU-SHI-0045","2023-12-17",47,0,2,6,705.0,"N",0.0,0.0,0.0,"",""
"SKU-JAC-0046","2023-12-17",55,0,3,13,550.0,"N",0.0,0.0,0.0,"",""
"SKU-PAN-0047","2023-12-17",33,0,2,4,495.0,"N",0.0,0.0,0.0,"",""
"SKU-CRO-0048","2023-12-17",0,1,3,5,0.0,"N",40.0,736.0,45.0,"2024-01-29","2024-01-31"
"SKU-TSH-0049","2023-12-17",58,0,2,8,870.0,"N",0.0,0.0,0.0,"",""
"SKU-SHO-0050","2023-12-17",61,0,1,4,999.0,"N",0.0,0.0,0.0,"",""
"SKU-SHI-0051","2023-12-17",0,2,4,12,0.0,"N",0.0,0.0,0.0,"",""
"SKU-SHI-0052","2023-12-17",10,0,4,8,75.0,"N",0.0,0.0,0.0,"",""
"SKU-JAC-0053","2023-12-17",9,1,2,8,135.0,"N",0.0,0.0,0.0,"",""
"SKU-SHI-0054","2023-12-17",17,0,3,8,170.0,"N",0.0,0.0,0.0,"",""
"SKU-JAC-0055","2023-12-17",58,0,3,7,580.0,"N",0.0,0.0,0.0,"",""
"SKU-SHI-0001","2023-12-24",0,49,224,500,0.0,"N",0.0,0.0,0.0,"",""
"SKU-PAN-0002","2023-12-24",0,13,91,230,0.0,"N",0.0,0.0,0.0,"",""
"SKU-SHI-0003","2023-12-24",0,12,65,139,0.0,"N",154.0,1004.0,46.0,"2024-02-07","2024-02-08"
"SKU-TSH-0004","2023-12-24",0,9,44,116,0.0,"N",0.0,0.0,0.0,"",""
"SKU-CRO-0005","2023-12-24",0,14,43,93,0.0,"N",0.0,0.0,0.0,"",""
"SKU-SHI-0006","2023-12-24",0,9,25,61,0.0,"N",0.0,0.0,0.0,"",""
"SKU-CRO-0007","2023-12-24",0,6,24,60,0.0,"N",0.0,0.0,0.0,"",""
"SKU-PAN-0008","2023-12-24",0,6,18,42,0.0,"N",0.0,0.0,0.0,"",""
"SKU-PAN-0009","2023-12-24",0,4,10,36,0.0,"N",0.0,0.0,0.0,"",""
"SKU-TSH-0010","2023-12-24",0,4,13,33,0.0,"N",0.0,0.0,0.0,"",""
"SKU-SHO-0011","2023-12-24",0,4,16,28,0.0,"N",0.0,0.0,0.0,"",""
"SKU-TSH-0012","2023-12-24",0,4,14,33,0.0,"N",0.0,0.0,0.0,"",""
"SKU-SHI-0013","2023-12-24",0,2,9,27,0.0,"N",0.0,0.0,0.0,"",""
"SKU-CRO-0014","2023-12-24",0,4,11,26,0.0,"N",0.0,0.0,0.0,"",""
"SKU-SHI-0015","2023-12-24",0,4,8,17,0.0,"N",0.0,0.0,0.0,"",""
"SKU-PAN-0016","2023-12-24",0,4,13,27,0.0,"N",0.0,0.0,0.0,"",""
"SKU-SHI-0017","2023-12-24",0,0,5,19,0.0,"N",0.0,0.0,0.0,"",""
"SKU-PAN-0018","2023-12-24",0,1,6,17,0.0,"N",0.0,0.0,0.0,"",""
"SKU-CRO-0019","2023-12-24",0,2,4,14,0.0,"N",0.0,0.0,0.0,"",""
"SKU-PAN-0020","2023-12-24",0,1,5,18,0.0,"N",0.0,0.0,0.0,"",""
"SKU-PAN-0021","2023-12-24",0,3,10,21,0.0,"N",0.0,0.0,0.0,"",""
"SKU-PAN-0022","2023-12-24",0,4,6,15,0.0,"N",40.0,1076.0,47.0,"2024-02-09","2024-02-09"
"SKU-SHO-0023","2023-12-24",0,2,8,17,0.0,"N",0.0,0.0,0.0,"",""
"SKU-SHI-0024","2023-12-24",0,1,4,6,0.0,"N",0.0,0.0,0.0,"",""
"SKU-JAC-0025","2023-12-24",0,4,8,14,0.0,"N",0.0,0.0,0.0,"",""
"SKU-PAN-0026","2023-12-24",0,4,9,20,0.0,"N",0.0,0.0,0.0,"",""
"SKU-JAC-0027","2023-12-24",0,1,5,11,0.0,"N",0.0,0.0,0.0,"",""
"SKU-PAN-0028","2023-12-24",0,2,9,18,0.0,"N",0.0,0.0,0.0,"",""
"SKU-TSH-0029","2023-12-24",0,1,7,13,0.0,"N",0.0,0.0,0.0,"",""
"SKU-CRO-0030","2023-12-24",0,0,4,11,0.0,"N",0.0,0.0,0.0,"",""
"SKU-JAC-0031","2023-12-24",0,0,4,8,0.0,"N",0.0,0.0,0.0,"",""
"SKU-TSH-0032","2023-12-24",1,0,3,11,10.0,"N",0.0,0.0,0.0,"",""
"SKU-SHO-0033","2023-12-24",13,2,6,9,65.0,"N",0.0,0.0,0.0,"",""
"SKU-PAN-0034","2023-12-24",0,2,4,11,0.0,"N",0.0,0.0,0.0,"",""
"SKU-CRO-0035","2023-12-24",0,1,4,6,0.0,"N",0.0,0.0,0.0,"",""
"SKU-SHI-0036","2023-12-24",41,0,1,2,999.0,"N",0.0,0.0,0.0,"",""
"SKU-CRO-0037","2023-12-24",30,4,6,12,150.0,"N",0.0,0.0,0.0,"",""
"SKU-CRO-0038","2023-12-24",0,0,4,10,0.0,"N",0.0,0.0,0.0,"",""
"SKU-SHO-0039","2023-12-24",22,0,0,8,999.0,"N",0.0,0.0,0.0,"",""
"SKU-SHO-0040","2023-12-24",38,0,2,12,570.0,"N",0.0,0.0,0.0,"",""
"SKU-TSH-0041","2023-12-24",55,0,2,3,825.0,"N",0.0,0.0,0.0,"",""
"SKU-CRO-0042","2023-12-24",40,0,1,6,999.0,"N",0.0,0.0,0.0,"",""
"SKU-CRO-0043","2023-12-24",0,1,2,4,0.0,"N",45.0,677.0,49.0,"2024-02-06","2024-02-11"
"SKU-JAC-0044","2023-12-24",36,0,1,7,999.0,"N",0.0,0.0,0.0,"",""
"SKU-SHI-0045","2023-12-24",46,1,3,6,460.0,"N",0.0,0.0,0.0,"",""
"SKU-JAC-0046","2023-12-24",55,0,2,10,825.0,"N",0.0,0.0,0.0,"",""
"SKU-PAN-0047","2023-12-24",33,0,1,4,990.0,"N",0.0,0.0,0.0,"",""
"SKU-CRO-0048","2023-12-24",0,0,3,5,0.0,"N",0.0,0.0,0.0,"",""
"SKU-TSH-0049","2023-12-24",57,1,2,5,855.0,"N",0.0,0.0,0.0,"",""
"SKU-SHO-0050","2023-12-24",60,1,2,4,900.0,"N",0.0,0.0,0.0,"",""
"SKU-SHI-0051","2023-12-24",0,1,5,12,0.0,"N",0.0,0.0,0.0,"",""
"SKU-SHI-0052","2023-12-24",10,0,1,7,300.0,"N",0.0,0.0,0.0,"",""
"SKU-JAC-0053","2023-12-24",5,4,6,10,25.0,"N",0.0,0.0,0.0,"",""
"SKU-SHI-0054","2023-12-24",16,1,4,9,120.0,"N",0.0,0.0,0.0,"",""
"SKU-JAC-0055","2023-12-24",58,0,3,6,580.0,"N",0.0,0.0,0.0,"",""
"SKU-SHI-0001","2023-12-31",0,46,217,452,0.0,"N",0.0,0.0,0.0,"",""
"SKU-PAN-0002","2023-12-31",0,29,101,202,0.0,"N",0.0,0.0,0.0,"",""
"SKU-SHI-0003","2023-12-31",0,19,63,132,0.0,"N",0.0,0.0,0.0,"",""
"SKU-TSH-0004","2023-12-31",0,7,47,107,0.0,"N",108.0,539.0,54.0,"2024-02-22","2024-02-23"
"SKU-CRO-0005","2023-12-31",0,10,46,89,0.0,"N",0.0,0.0,0.0,"",""
"SKU-SHI-0006","2023-12-31",0,6,28,59,0.0,"N",100.0,1097.0,43.0,"2024-02-07","2024-02-12"
"SKU-CRO-0007","2023-12-31",0,5,24,53,0.0,"N",0.0,0.0,0.0,"",""
"SKU-PAN-0008","2023-12-31",0,4,21,35,0.0,"N",58.0,1152.0,52.0,"2024-02-16","2024-02-21"
"SKU-PAN-0009","2023-12-31",0,5,13,30,0.0,"N",40.0,1008.0,49.0,"2024-02-18","2024-02-18"
"SKU-TSH-0010","2023-12-31",0,5,16,33,0.0,"N",64.0,782.0,29.0,"2024-01-28","2024-01-29"
"SKU-SHO-0011","2023-12-31",0,5,16,30,0.0,"N",68.0,761.0,57.0,"2024-02-25","2024-02-26"
"SKU-TSH-0012","2023-12-31",0,5,18,34,0.0,"N",0.0,0.0,0.0,"",""
"SKU-SHI-0013","2023-12-31",0,5,11,28,0.0,"N",0.0,0.0,0.0,"",""
"SKU-CRO-0014","2023-12-31",0,2,9,24,0.0,"N",0.0,0.0,0.0,"",""
"SKU-SHI-0015","2023-12-31",0,2,8,15,0.0,"N",0.0,0.0,0.0,"",""
"SKU-PAN-0016","2023-12-31",0,2,9,29,0.0,"N",60.0,970.0,54.0,"2024-02-20","2024-02-23"
"SKU-SHI-0017","2023-12-31",0,2,6,18,0.0,"N",0.0,0.0,0.0,"",""
"SKU-PAN-0018","2023-12-31",0,0,3,11,0.0,"N",42.0,1176.0,32.0,"2024-01-29","2024-02-01"
"SKU-CRO-0019","2023-12-31",0,4,7,15,0.0,"N",0.0,0.0,0.0,"",""
"SKU-PAN-0020","2023-12-31",0,1,3,18,0.0,"N",0.0,0.0,0.0,"",""
"SKU-PAN-0021","2023-12-31",0,5,15,24,0.0,"N",0.0,0.0,0.0,"",""
"SKU-PAN-0022","2023-12-31",0,2,8,13,0.0,"N",0.0,0.0,0.0,"",""
"SKU-SHO-0023","2023-12-31",0,0,5,12,0.0,"N",0.0,0.0,0.0,"",""
"SKU-SHI-0024","2023-12-31",0,2,6,6,0.0,"N",0.0,0.0,0.0,"",""
"SKU-JAC-0025","2023-12-31",0,1,9,13,0.0,"N",0.0,0.0,0.0,"",""
"SKU-PAN-0026","2023-12-31",0,1,8,20,0.0,"N",41.0,1332.0,44.0,"2024-02-13","2024-02-13"
"SKU-JAC-0027","2023-12-31",0,2,6,12,0.0,"N",0.0,0.0,0.0,"",""
"SKU-PAN-0028","2023-12-31",0,2,8,17,0.0,"N",0.0,0.0,0.0,"",""
"SKU-TSH-0029","2023-12-31",0,2,8,14,0.0,"N",0.0,0.0,0.0,"",""
"SKU-CRO-0030","2023-12-31",0,4,6,12,0.0,"N",40.0,621.0,32.0,"2024-02-01","2024-02-01"
"SKU-JAC-0031","2023-12-31",0,1,3,6,0.0,"N",0.0,0.0,0.0,"",""
"SKU-TSH-0032","2023-12-31",1,0,3,10,10.0,"N",0.0,0.0,0.0,"",""
"SKU-SHO-0033","2023-12-31",13,0,3,7,130.0,"N",0.0,0.0,0.0,"",""
"SKU-PAN-0034","2023-12-31",0,2,6,12,0.0,"N",0.0,0.0,0.0,"",""
"SKU-CRO-0035","2023-12-31",0,1,4,6,0.0,"N",0.0,0.0,0.0,"",""
"SKU-SHI-0036","2023-12-31",38,3,4,5,285.0,"N",0.0,0.0,0.0,"",""
"SKU-CRO-0037","2023-12-31",30,0,6,9,150.0,"N",0.0,0.0,0.0,"",""
"SKU-CRO-0038","2023-12-31",0,2,4,9,0.0,"N",40.0,1060.0,52.0,"2024-02-18","2024-02-21"
"SKU-SHO-0039","2023-12-31",20,2,2,9,300.0,"N",0.0,0.0,0.0,"",""
"SKU-SHO-0040","2023-12-31",37,1,2,8,555.0,"N",0.0,0.0,0.0,"",""
"SKU-TSH-0041","2023-12-31",54,1,2,4,810.0,"N",0.0,0.0,0.0,"",""
"SKU-CRO-0042","2023-12-31",40,0,0,2,999.0,"N",0.0,0.0,0.0,"",""
"SKU-CRO-0043","2023-12-31",0,0,2,4,0.0,"N",0.0,0.0,0.0,"",""
"SKU-JAC-0044","2023-12-31",36,0,1,6,999.0,"N",0.0,0.0,0.0,"",""
"SKU-SHI-0045","2023-12-31",46,0,2,4,690.0,"N",0.0,0.0,0.0,"",""
"SKU-JAC-0046","2023-12-31",55,0,1,10,999.0,"N",0.0,0.0,0.0,"",""
"SKU-PAN-0047","2023-12-31",33,0,0,2,999.0,"N",0.0,0.0,0.0,"",""
"SKU-CRO-0048","2023-12-31",0,1,4,5,0.0,"N",0.0,0.0,0.0,"",""
"SKU-TSH-0049","2023-12-31",55,2,4,6,412.5,"N",0.0,0.0,0.0,"",""
"SKU-SHO-0050","2023-12-31",60,0,2,2,900.0,"N",0.0,0.0,0.0,"",""
"SKU-SHI-0051","2023-12-31",0,0,4,11,0.0,"N",57.0,928.0,60.0,"2024-02-24","2024-02-29"
"SKU-SHI-0052","2023-12-31",7,3,4,10,52.5,"N",0.0,0.0,0.0,"",""
"SKU-JAC-0053","2023-12-31",5,0,6,8,25.0,"N",0.0,0.0,0.0,"",""
"SKU-SHI-0054","2023-12-31",16,0,1,7,480.0,"N",0.0,0.0,0.0,"",""
"SKU-JAC-0055","2023-12-31",58,0,2,5,870.0,"N",0.0,0.0,0.0,"",""
"SKU-SHI-0001","2024-01-07",0,49,216,435,0.0,"N",366.0,705.0,34.0,"2024-02-05","2024-02-10"
"SKU-PAN-0002","2024-01-07",0,19,90,197,0.0,"N",0.0,0.0,0.0,"",""
"SKU-SHI-0003","2024-01-07",0,21,67,134,0.0,"N",0.0,0.0,0.0,"",""
"SKU-TSH-0004","2024-01-07",0,16,49,99,0.0,"N",0.0,0.0,0.0,"",""
"SKU-CRO-0005","2024-01-07",0,6,42,83,0.0,"N",83.0,846.0,42.0,"2024-02-16","2024-02-18"
"SKU-SHI-0006","2024-01-07",0,11,32,63,0.0,"N",0.0,0.0,0.0,"",""
"SKU-CRO-0007","2024-01-07",0,10,27,56,0.0,"N",0.0,0.0,0.0,"",""
"SKU-PAN-0008","2024-01-07",0,7,25,37,0.0,"N",0.0,0.0,0.0,"",""
"SKU-PAN-0009","2024-01-07",0,4,16,31,0.0,"N",0.0,0.0,0.0,"",""
"SKU-TSH-0010","2024-01-07",0,4,17,33,0.0,"N",0.0,0.0,0.0,"",""
"SKU-SHO-0011","2024-01-07",0,2,16,29,0.0,"N",0.0,0.0,0.0,"",""
"SKU-TSH-0012","2024-01-07",0,2,16,30,0.0,"N",0.0,0.0,0.0,"",""
"SKU-SHI-0013","2024-01-07",0,5,15,26,0.0,"N",40.0,1227.0,31.0,"2024-02-07","2024-02-07"
"SKU-CRO-0014","2024-01-07",0,2,9,23,0.0,"N",40.0,756.0,56.0,"2024-02-27","2024-03-03"
"SKU-SHI-0015","2024-01-07",0,2,9,15,0.0,"N",40.0,940.0,35.0,"2024-02-11","2024-02-11"
"SKU-PAN-0016","2024-01-07",0,2,11,26,0.0,"N",0.0,0.0,0.0,"",""
"SKU-SHI-0017","2024-01-07",0,1,5,16,0.0,"N",0.0,0.0,0.0,"",""
"SKU-PAN-0018","2024-01-07",0,3,4,14,0.0,"N",0.0,0.0,0.0,"",""
"SKU-CRO-0019","2024-01-07",0,0,6,12,0.0,"N",56.0,726.0,34.0,"2024-02-10","2024-02-10"
"SKU-PAN-0020","2024-01-07",0,1,4,13,0.0,"N",40.0,1163.0,42.0,"2024-02-18","2024-02-18"
"SKU-PAN-0021","2024-01-07",0,2,14,23,0.0,"N",0.0,0.0,0.0,"",""
"SKU-PAN-0022","2024-01-07",0,0,7,11,0.0,"N",0.0,0.0,0.0,"",""
"SKU-SHO-0023","2024-01-07",0,3,8,14,0.0,"N",0.0,0.0,0.0,"",""
"SKU-SHI-0024","2024-01-07",0,4,9,10,0.0,"N",0.0,0.0,0.0,"",""
"SKU-JAC-0025","2024-01-07",0,1,9,11,0.0,"N",0.0,0.0,0.0,"",""
"SKU-PAN-0026","2024-01-07",0,1,7,19,0.0,"N",0.0,0.0,0.0,"",""
"SKU-JAC-0027","2024-01-07",0,2,5,13,0.0,"N",50.0,1871.0,47.0,"2024-02-18","2024-02-23"
"SKU-PAN-0028","2024-01-07",0,1,8,16,0.0,"N",40.0,1317.0,30.0,"2024-02-06","2024-02-06"
"SKU-TSH-0029","2024-01-07",0,4,10,16,0.0,"N",40.0,701.0,58.0,"2024-03-03","2024-03-05"
"SKU-CRO-0030","2024-01-07",0,1,7,11,0.0,"N",0.0,0.0,0.0,"",""
"SKU-JAC-0031","2024-01-07",0,1,3,7,0.0,"N",40.0,1800.0,54.0,"2024-02-28","2024-03-01"
"SKU-TSH-0032","2024-01-07",1,0,3,5,10.0,"N",0.0,0.0,0.0,"",""
"SKU-SHO-0033","2024-01-07",10,3,6,10,50.0,"N",0.0,0.0,0.0,"",""
"SKU-PAN-0034","2024-01-07",0,0,5,10,0.0,"N",56.0,1051.0,36.0,"2024-02-09","2024-02-12"
"SKU-CRO-0035","2024-01-07",0,0,3,6,0.0,"N",40.0,721.0,43.0,"2024-02-19","2024-02-19"
"SKU-SHI-0036","2024-01-07",38,0,4,4,285.0,"N",0.0,0.0,0.0,"",""
"SKU-CRO-0037","2024-01-07",29,1,7,8,124.3,"N",0.0,0.0,0.0,"",""
"SKU-CRO-0038","2024-01-07",0,0,4,9,0.0,"N",0.0,0.0,0.0,"",""
"SKU-SHO-0039","2024-01-07",18,2,4,8,135.0,"N",0.0,0.0,0.0,"",""
"SKU-SHO-0040","2024-01-07",37,0,2,7,555.0,"N",0.0,0.0,0.0,"",""
"SKU-TSH-0041","2024-01-07",54,0,2,4,810.0,"N",0.0,0.0,0.0,"",""
"SKU-CRO-0042","2024-01-07",38,2,2,4,570.0,"N",0.0,0.0,0.0,"",""
"SKU-CRO-0043","2024-01-07",0,1,3,4,0.0,"N",0.0,0.0,0.0,"",""
"SKU-JAC-0044","2024-01-07",34,2,3,6,340.0,"N",0.0,0.0,0.0,"",""
"SKU-SHI-0045","2024-01-07",46,0,1,3,999.0,"N",0.0,0.0,0.0,"",""
"SKU-JAC-0046","2024-01-07",54,1,1,9,999.0,"N",0.0,0.0,0.0,"",""
"SKU-PAN-0047","2024-01-07",31,2,2,4,465.0,"N",0.0,0.0,0.0,"",""
"SKU-CRO-0048","2024-01-07",0,0,2,4,0.0,"N",0.0,0.0,0.0,"",""
"SKU-TSH-0049","2024-01-07",54,1,4,7,405.0,"N",0.0,0.0,0.0,"",""
"SKU-SHO-0050","2024-01-07",60,0,1,2,999.0,"N",0.0,0.0,0.0,"",""
"SKU-SHI-0051","2024-01-07",0,0,3,6,0.0,"N",0.0,0.0,0.0,"",""
"SKU-SHI-0052","2024-01-07",6,1,4,9,45.0,"N",0.0,0.0,0.0,"",""
"SKU-JAC-0053","2024-01-07",5,0,5,7,30.0,"N",0.0,0.0,0.0,"",""
"SKU-SHI-0054","2024-01-07",16,0,1,6,480.0,"N",0.0,0.0,0.0,"",""
"SKU-JAC-0055","2024-01-07",58,0,1,4,999.0,"N",0.0,0.0,0.0,"",""
"SKU-SHI-0001","2024-01-14",0,51,215,432,0.0,"N",0.0,0.0,0.0,"",""
"SKU-PAN-0002","2024-01-14",0,34,102,202,0.0,"N",182.0,982.0,41.0,"2024-02-24","2024-02-24"
"SKU-SHI-0003","2024-01-14",0,16,74,132,0.0,"N",0.0,0.0,0.0,"",""
"SKU-TSH-0004","2024-01-14",0,11,49,93,0.0,"N",0.0,0.0,0.0,"",""
"SKU-CRO-0005","2024-01-14",0,11,45,85,0.0,"N",0.0,0.0,0.0,"",""
"SKU-SHI-0006","2024-01-14",0,6,33,55,0.0,"N",0.0,0.0,0.0,"",""
"SKU-CRO-0007","2024-01-14",0,8,31,59,0.0,"N",82.0,818.0,48.0,"2024-03-02","2024-03-02"
"SKU-PAN-0008","2024-01-14",0,1,20,33,0.0,"N",0.0,0.0,0.0,"",""
"SKU-PAN-0009","2024-01-14",0,7,20,32,0.0,"N",0.0,0.0,0.0,"",""
"SKU-TSH-0010","2024-01-14",0,5,19,32,0.0,"N",0.0,0.0,0.0,"",""
"SKU-SHO-0011","2024-01-14",0,4,18,31,0.0,"N",0.0,0.0,0.0,"",""
"SKU-TSH-0012","2024-01-14",0,4,15,31,0.0,"N",66.0,715.0,46.0,"2024-02-26","2024-02-29"
"SKU-SHI-0013","2024-01-14",0,3,17,26,0.0,"N",0.0,0.0,0.0,"",""
"SKU-CRO-0014","2024-01-14",0,2,10,21,0.0,"N",0.0,0.0,0.0,"",""
"SKU-SHI-0015","2024-01-14",0,3,11,17,0.0,"N",0.0,0.0,0.0,"",""
"SKU-PAN-0016","2024-01-14",0,5,14,27,0.0,"N",0.0,0.0,0.0,"",""
"SKU-SHI-0017","2024-01-14",0,5,9,17,0.0,"N",52.0,842.0,31.0,"2024-02-14","2024-02-14"
"SKU-PAN-0018","2024-01-14",0,1,5,13,0.0,"N",0.0,0.0,0.0,"",""
"SKU-CRO-0019","2024-01-14",0,1,7,9,0.0,"N",0.0,0.0,0.0,"",""
"SKU-PAN-0020","2024-01-14",0,4,7,13,0.0,"N",0.0,0.0,0.0,"",""
"SKU-PAN-0021","2024-01-14",0,0,10,21,0.0,"N",58.0,1216.0,37.0,"2024-02-20","2024-02-20"
"SKU-PAN-0022","2024-01-14",0,2,8,13,0.0,"N",0.0,0.0,0.0,"",""
"SKU-SHO-0023","2024-01-14",0,0,5,12,0.0,"N",40.0,668.0,56.0,"2024-03-08","2024-03-10"
"SKU-SHI-0024","2024-01-14",0,2,9,12,0.0,"N",66.0,854.0,48.0,"2024-02-28","2024-03-02"
"SKU-JAC-0025","2024-01-14",0,2,9,13,0.0,"N",40.0,1639.0,45.0,"2024-02-23","2024-02-28"
"SKU-PAN-0026","2024-01-14",0,3,10,21,0.0,"N",0.0,0.0,0.0,"",""
"SKU-JAC-0027","2024-01-14",0,2,7,14,0.0,"N",0.0,0.0,0.0,"",""
"SKU-PAN-0028","2024-01-14",0,1,7,14,0.0,"N",0.0,0.0,0.0,"",""
"SKU-TSH-0029","2024-01-14",0,1,9,16,0.0,"N",0.0,0.0,0.0,"",""
"SKU-CRO-0030","2024-01-14",0,0,5,10,0.0,"N",0.0,0.0,0.0,"",""
"SKU-JAC-0031","2024-01-14",0,2,5,8,0.0,"N",0.0,0.0,0.0,"",""
"SKU-TSH-0032","2024-01-14",0,2,3,6,0.0,"N",40.0,627.0,31.0,"2024-02-12","2024-02-14"
"SKU-SHO-0033","2024-01-14",7,3,9,13,23.3,"N",0.0,0.0,0.0,"",""
"SKU-PAN-0034","2024-01-14",0,1,5,11,0.0,"N",0.0,0.0,0.0,"",""
"SKU-CRO-0035","2024-01-14",0,0,2,6,0.0,"N",0.0,0.0,0.0,"",""
"SKU-SHI-0036","2024-01-14",38,0,3,4,380.0,"N",0.0,0.0,0.0,"",""
"SKU-CRO-0037","2024-01-14",29,0,5,7,174.0,"N",0.0,0.0,0.0,"",""
"SKU-CRO-0038","2024-01-14",0,2,6,10,0.0,"N",0.0,0.0,0.0,"",""
"SKU-SHO-0039","2024-01-14",17,1,5,7,102.0,"N",0.0,0.0,0.0,"",""
"SKU-SHO-0040","2024-01-14",37,0,1,4,999.0,"N",0.0,0.0,0.0,"",""
"SKU-TSH-0041","2024-01-14",54,0,2,3,810.0,"N",0.0,0.0,0.0,"",""
"SKU-CRO-0042","2024-01-14",37,1,3,5,370.0,"N",0.0,0.0,0.0,"",""
"SKU-CRO-0043","2024-01-14",0,2,5,6,0.0,"N",0.0,0.0,0.0,"",""
"SKU-JAC-0044","2024-01-14",33,1,4,5,247.5,"N",0.0,0.0,0.0,"",""
"SKU-SHI-0045","2024-01-14",46,0,1,3,999.0,"N",0.0,0.0,0.0,"",""
"SKU-JAC-0046","2024-01-14",51,3,4,7,382.5,"N",0.0,0.0,0.0,"",""
"SKU-PAN-0047","2024-01-14",31,0,2,4,465.0,"N",0.0,0.0,0.0,"",""
"SKU-CRO-0048","2024-01-14",0,0,2,4,0.0,"N",40.0,736.0,44.0,"2024-02-26","2024-02-27"
"SKU-TSH-0049","2024-01-14",54,0,4,6,405.0,"N",0.0,0.0,0.0,"",""
"SKU-SHO-0050","2024-01-14",59,1,2,3,885.0,"N",0.0,0.0,0.0,"",""
"SKU-SHI-0051","2024-01-14",0,2,4,7,0.0,"N",0.0,0.0,0.0,"",""
"SKU-SHI-0052","2024-01-14",5,1,5,10,30.0,"N",0.0,0.0,0.0,"",""
"SKU-JAC-0053","2024-01-14",4,1,5,7,24.0,"N",0.0,0.0,0.0,"",""
"SKU-SHI-0054","2024-01-14",14,2,3,6,140.0,"N",0.0,0.0,0.0,"",""
"SKU-JAC-0055","2024-01-14",57,1,1,4,999.0,"N",0.0,0.0,0.0,"",""
"SKU-SHI-0001","2024-01-21",0,67,233,450,0.0,"N",0.0,0.0,0.0,"",""
"SKU-PAN-0002","2024-01-21",0,32,118,210,0.0,"N",0.0,0.0,0.0,"",""
"SKU-SHI-0003","2024-01-21",0,24,87,148,0.0,"N",172.0,1004.0,47.0,"2024-03-08","2024-03-08"
"SKU-TSH-0004","2024-01-21",0,13,51,94,0.0,"N",0.0,0.0,0.0,"",""
"SKU-CRO-0005","2024-01-21",0,14,43,86,0.0,"N",0.0,0.0,0.0,"",""
"SKU-SHI-0006","2024-01-21",0,3,28,52,0.0,"N",0.0,0.0,0.0,"",""
"SKU-CRO-0007","2024-01-21",0,5,30,53,0.0,"N",0.0,0.0,0.0,"",""
"SKU-PAN-0008","2024-01-21",0,5,17,35,0.0,"N",0.0,0.0,0.0,"",""
"SKU-PAN-0009","2024-01-21",0,7,24,34,0.0,"N",0.0,0.0,0.0,"",""
"SKU-TSH-0010","2024-01-21",0,8,24,35,0.0,"N",0.0,0.0,0.0,"",""
"SKU-SHO-0011","2024-01-21",0,6,18,34,0.0,"N",0.0,0.0,0.0,"",""
"SKU-TSH-0012","2024-01-21",0,5,18,32,0.0,"N",0.0,0.0,0.0,"",""
"SKU-SHI-0013","2024-01-21",0,0,13,23,0.0,"N",0.0,0.0,0.0,"",""
"SKU-CRO-0014","2024-01-21",0,4,10,21,0.0,"N",0.0,0.0,0.0,"",""
"SKU-SHI-0015","2024-01-21",0,5,13,20,0.0,"N",0.0,0.0,0.0,"",""
"SKU-PAN-0016","2024-01-21",0,1,11,23,0.0,"N",0.0,0.0,0.0,"",""
"SKU-SHI-0017","2024-01-21",0,1,9,15,0.0,"N",0.0,0.0,0.0,"",""
"SKU-PAN-0018","2024-01-21",0,2,6,12,0.0,"N",0.0,0.0,0.0,"",""
"SKU-CRO-0019","2024-01-21",0,6,12,15,0.0,"N",0.0,0.0,0.0,"",""
"SKU-PAN-0020","2024-01-21",0,4,10,16,0.0,"N",0.0,0.0,0.0,"",""
"SKU-PAN-0021","2024-01-21",0,2,9,19,0.0,"N",0.0,0.0,0.0,"",""
"SKU-PAN-0022","2024-01-21",0,2,7,12,0.0,"N",52.0,1076.0,38.0,"2024-02-23","2024-02-28"
"SKU-SHO-0023","2024-01-21",0,1,4,12,0.0,"N",0.0,0.0,0.0,"",""
"SKU-SHI-0024","2024-01-21",0,2,11,14,0.0,"N",0.0,0.0,0.0,"",""
"SKU-JAC-0025","2024-01-21",0,1,7,13,0.0,"N",0.0,0.0,0.0,"",""
"SKU-PAN-0026","2024-01-21",0,1,7,15,0.0,"N",0.0,0.0,0.0,"",""
"SKU-JAC-0027","2024-01-21",0,1,8,12,0.0,"N",0.0,0.0,0.0,"",""
"SKU-PAN-0028","2024-01-21",0,2,6,15,0.0,"N",0.0,0.0,0.0,"",""
"SKU-TSH-0029","2024-01-21",0,2,9,16,0.0,"N",0.0,0.0,0.0,"",""
"SKU-CRO-0030","2024-01-21",0,3,8,12,0.0,"N",0.0,0.0,0.0,"",""
"SKU-JAC-0031","2024-01-21",0,1,5,9,0.0,"N",0.0,0.0,0.0,"",""
"SKU-TSH-0032","2024-01-21",0,0,2,5,0.0,"N",0.0,0.0,0.0,"",""
"SKU-SHO-0033","2024-01-21",6,1,9,13,20.0,"N",0.0,0.0,0.0,"",""
"SKU-PAN-0034","2024-01-21",0,2,6,10,0.0,"N",0.0,0.0,0.0,"",""
"SKU-CRO-0035","2024-01-21",0,1,2,6,0.0,"N",0.0,0.0,0.0,"",""
"SKU-SHI-0036","2024-01-21",37,1,4,5,277.5,"N",0.0,0.0,0.0,"",""
"SKU-CRO-0037","2024-01-21",28,1,2,8,420.0,"N",0.0,0.0,0.0,"",""
"SKU-CRO-0038","2024-01-21",0,1,5,9,0.0,"N",0.0,0.0,0.0,"",""
"SKU-SHO-0039","2024-01-21",16,1,6,8,80.0,"N",0.0,0.0,0.0,"",""
"SKU-SHO-0040","2024-01-21",37,0,1,3,999.0,"N",0.0,0.0,0.0,"",""
"SKU-TSH-0041","2024-01-21",54,0,1,3,999.0,"N",0.0,0.0,0.0,"",""
"SKU-CRO-0042","2024-01-21",36,1,4,5,270.0,"N",0.0,0.0,0.0,"",""
"SKU-CRO-0043","2024-01-21",0,0,3,5,0.0,"N",40.0,677.0,36.0,"2024-02-26","2024-02-26"
"SKU-JAC-0044","2024-01-21",29,4,7,8,124.3,"N",0.0,0.0,0.0,"",""
"SKU-SHI-0045","2024-01-21",46,0,0,3,999.0,"N",0.0,0.0,0.0,"",""
"SKU-JAC-0046","2024-01-21",49,2,6,9,245.0,"N",0.0,0.0,0.0,"",""
"SKU-PAN-0047","2024-01-21",30,1,3,4,300.0,"N",0.0,0.0,0.0,"",""
"SKU-CRO-0048","2024-01-21",0,0,1,4,0.0,"N",0.0,0.0,0.0,"",""
"SKU-TSH-0049","2024-01-21",53,1,4,6,397.5,"N",0.0,0.0,0.0,"",""
"SKU-SHO-0050","2024-01-21",58,1,3,4,580.0,"N",0.0,0.0,0.0,"",""
"SKU-SHI-0051","2024-01-21",0,0,2,7,0.0,"N",0.0,0.0,0.0,"",""
"SKU-SHI-0052","2024-01-21",5,0,5,7,30.0,"N",0.0,0.0,0.0,"",""
"SKU-JAC-0053","2024-01-21",3,1,4,8,22.5,"N",0.0,0.0,0.0,"",""
"SKU-SHI-0054","2024-01-21",14,0,3,6,140.0,"N",0.0,0.0,0.0,"",""
"SKU-JAC-0055","2024-01-21",56,1,2,5,840.0,"N",0.0,0.0,0.0,"",""
"SKU-SHI-0001","2024-01-28",0,47,228,446,0.0,"N",0.0,0.0,0.0,"",""
"SKU-PAN-0002","2024-01-28",0,23,110,217,0.0,"N",0.0,0.0,0.0,"",""
"SKU-SHI-0003","2024-01-28",0,6,74,140,0.0,"N",0.0,0.0,0.0,"",""
"SKU-TSH-0004","2024-01-28",0,6,46,95,0.0,"N",100.0,539.0,33.0,"2024-02-27","2024-03-01"
"SKU-CRO-0005","2024-01-28",0,11,44,90,0.0,"N",0.0,0.0,0.0,"",""
"SKU-SHI-0006","2024-01-28",0,7,29,57,0.0,"N",56.0,1097.0,37.0,"2024-03-03","2024-03-05"
"SKU-CRO-0007","2024-01-28",0,2,27,51,0.0,"N",0.0,0.0,0.0,"",""
"SKU-PAN-0008","2024-01-28",0,2,15,37,0.0,"N",40.0,1152.0,49.0,"2024-03-14","2024-03-17"
"SKU-PAN-0009","2024-01-28",0,1,20,33,0.0,"N",74.0,1008.0,53.0,"2024-03-20","2024-03-21"
"SKU-TSH-0010","2024-01-28",0,2,20,35,0.0,"N",47.0,782.0,43.0,"2024-03-06","2024-03-11"
"SKU-SHO-0011","2024-01-28",0,3,18,31,0.0,"N",56.0,761.0,35.0,"2024-03-03","2024-03-03"
"SKU-TSH-0012","2024-01-28",0,1,14,31,0.0,"N",0.0,0.0,0.0,"",""
"SKU-SHI-0013","2024-01-28",0,3,13,22,0.0,"N",0.0,0.0,0.0,"",""
"SKU-CRO-0014","2024-01-28",0,4,13,24,0.0,"N",0.0,0.0,0.0,"",""
"SKU-SHI-0015","2024-01-28",0,2,13,21,0.0,"N",0.0,0.0,0.0,"",""
"SKU-PAN-0016","2024-01-28",0,0,8,19,0.0,"N",40.0,970.0,35.0,"2024-02-27","2024-03-03"
"SKU-SHI-0017","2024-01-28",0,4,11,17,0.0,"N",0.0,0.0,0.0,"",""
"SKU-PAN-0018","2024-01-28",0,2,8,11,0.0,"N",71.0,1176.0,41.0,"2024-03-08","2024-03-09"
"SKU-CRO-0019","2024-01-28",0,3,11,18,0.0,"N",0.0,0.0,0.0,"",""
"SKU-PAN-0020","2024-01-28",0,2,11,15,0.0,"N",0.0,0.0,0.0,"",""
"SKU-PAN-0021","2024-01-28",0,2,7,21,0.0,"N",0.0,0.0,0.0,"",""
"SKU-PAN-0022","2024-01-28",0,0,5,12,0.0,"N",0.0,0.0,0.0,"",""
"SKU-SHO-0023","2024-01-28",0,3,7,12,0.0,"N",0.0,0.0,0.0,"",""
"SKU-SHI-0024","2024-01-28",0,3,11,17,0.0,"N",0.0,0.0,0.0,"",""
"SKU-JAC-0025","2024-01-28",0,1,5,14,0.0,"N",0.0,0.0,0.0,"",""
"SKU-PAN-0026","2024-01-28",0,2,7,15,0.0,"N",40.0,1332.0,33.0,"2024-02-25","2024-03-01"
"SKU-JAC-0027","2024-01-28",0,2,8,13,0.0,"N",0.0,0.0,0.0,"",""
"SKU-PAN-0028","2024-01-28",0,2,7,15,0.0,"N",0.0,0.0,0.0,"",""
"SKU-TSH-0029","2024-01-28",0,1,8,16,0.0,"N",0.0,0.0,0.0,"",""
"SKU-CRO-0030","2024-01-28",0,2,8,14,0.0,"N",40.0,621.0,50.0,"2024-03-17","2024-03-18"
"SKU-JAC-0031","2024-01-28",0,3,8,10,0.0,"N",0.0,0.0,0.0,"",""
"SKU-TSH-0032","2024-01-28",0,1,3,6,0.0,"N",0.0,0.0,0.0,"",""
"SKU-SHO-0033","2024-01-28",5,1,8,11,18.8,"N",0.0,0.0,0.0,"",""
"SKU-PAN-0034","2024-01-28",0,1,5,10,0.0,"N",0.0,0.0,0.0,"",""
"SKU-CRO-0035","2024-01-28",0,2,3,7,0.0,"N",0.0,0.0,0.0,"",""
"SKU-SHI-0036","2024-01-28",37,0,1,5,999.0,"N",0.0,0.0,0.0,"",""
"SKU-CRO-0037","2024-01-28",26,2,4,10,195.0,"N",0.0,0.0,0.0,"",""
"SKU-CRO-0038","2024-01-28",0,0,4,8,0.0,"N",40.0,1060.0,52.0,"2024-03-18","2024-03-20"
"SKU-SHO-0039","2024-01-28",16,0,4,6,120.0,"N",0.0,0.0,0.0,"",""
"SKU-SHO-0040","2024-01-28",35,2,2,4,525.0,"N",0.0,0.0,0.0,"",""
"SKU-TSH-0041","2024-01-28",53,1,1,3,999.0,"N",0.0,0.0,0.0,"",""
"SKU-CRO-0042","2024-01-28",35,1,5,5,210.0,"N",0.0,0.0,0.0,"",""
"SKU-CRO-0043","2024-01-28",0,0,3,5,0.0,"N",0.0,0.0,0.0,"",""
"SKU-JAC-0044","2024-01-28",29,0,7,8,124.3,"N",0.0,0.0,0.0,"",""
"SKU-SHI-0045","2024-01-28",44,2,2,5,660.0,"N",0.0,0.0,0.0,"",""
"SKU-JAC-0046","2024-01-28",48,1,7,8,205.7,"N",0.0,0.0,0.0,"",""
"SKU-PAN-0047","2024-01-28",27,3,6,6,135.0,"N",0.0,0.0,0.0,"",""
"SKU-CRO-0048","2024-01-28",0,0,0,4,999.0,"N",0.0,0.0,0.0,"",""
"SKU-TSH-0049","2024-01-28",53,0,3,6,530.0,"N",0.0,0.0,0.0,"",""
"SKU-SHO-0050","2024-01-28",58,0,2,4,870.0,"N",0.0,0.0,0.0,"",""
"SKU-SHI-0051","2024-01-28",0,1,3,8,0.0,"N",50.0,928.0,45.0,"2024-03-13","2024-03-13"
"SKU-SHI-0052","2024-01-28",5,0,3,6,50.0,"N",0.0,0.0,0.0,"",""
"SKU-JAC-0053","2024-01-28",0,3,5,11,0.0,"N",40.0,1660.0,53.0,"2024-03-20","2024-03-21"
"SKU-SHI-0054","2024-01-28",13,1,3,5,130.0,"N",0.0,0.0,0.0,"",""
"SKU-JAC-0055","2024-01-28",55,1,3,6,550.0,"N",0.0,0.0,0.0,"",""
"SKU-SHI-0001","2024-02-04",0,46,230,443,0.0,"N",357.0,705.0,53.0,"2024-03-23","2024-03-28"
"SKU-PAN-0002","2024-02-04",0,33,128,222,0.0,"N",0.0,0.0,0.0,"",""
"SKU-SHI-0003","2024-02-04",0,15,70,136,0.0,"N",0.0,0.0,0.0,"",""
"SKU-TSH-0004","2024-02-04",0,13,49,95,0.0,"N",0.0,0.0,0.0,"",""
"SKU-CRO-0005","2024-02-04",0,13,51,91,0.0,"N",90.0,846.0,42.0,"2024-03-16","2024-03-17"
"SKU-SHI-0006","2024-02-04",0,6,27,56,0.0,"N",0.0,0.0,0.0,"",""
"SKU-CRO-0007","2024-02-04",0,7,26,51,0.0,"N",0.0,0.0,0.0,"",""
"SKU-PAN-0008","2024-02-04",0,4,16,38,0.0,"N",0.0,0.0,0.0,"",""
"SKU-PAN-0009","2024-02-04",0,8,23,39,0.0,"N",0.0,0.0,0.0,"",""
"SKU-TSH-0010","2024-02-04",0,4,19,36,0.0,"N",0.0,0.0,0.0,"",""
"SKU-SHO-0011","2024-02-04",0,3,17,32,0.0,"N",0.0,0.0,0.0,"",""
"SKU-TSH-0012","2024-02-04",0,5,15,34,0.0,"N",0.0,0.0,0.0,"",""
"SKU-SHI-0013","2024-02-04",0,2,11,23,0.0,"N",40.0,1227.0,42.0,"2024-03-17","2024-03-17"
"SKU-CRO-0014","2024-02-04",0,4,14,25,0.0,"N",70.0,756.0,28.0,"2024-03-03","2024-03-03"
"SKU-SHI-0015","2024-02-04",0,1,12,20,0.0,"N",65.0,940.0,42.0,"2024-03-14","2024-03-17"
"SKU-PAN-0016","2024-02-04",0,4,10,21,0.0,"N",0.0,0.0,0.0,"",""
"SKU-SHI-0017","2024-02-04",0,3,13,18,0.0,"N",0.0,0.0,0.0,"",""
"SKU-PAN-0018","2024-02-04",0,4,10,13,0.0,"N",0.0,0.0,0.0,"",""
"SKU-CRO-0019","2024-02-04",0,3,13,19,0.0,"N",70.0,726.0,56.0,"2024-03-28","2024-03-31"
"SKU-PAN-0020","2024-02-04",0,3,13,17,0.0,"N",72.0,1163.0,33.0,"2024-03-08","2024-03-08"
"SKU-PAN-0021","2024-02-04",0,0,4,19,0.0,"N",0.0,0.0,0.0,"",""
"SKU-PAN-0022","2024-02-04",0,2,6,13,0.0,"N",0.0,0.0,0.0,"",""
"SKU-SHO-0023","2024-02-04",0,0,5,12,0.0,"N",0.0,0.0,0.0,"",""
"SKU-SHI-0024","2024-02-04",0,2,10,18,0.0,"N",0.0,0.0,0.0,"",""
"SKU-JAC-0025","2024-02-04",0,1,6,14,0.0,"N",0.0,0.0,0.0,"",""
"SKU-PAN-0026","2024-02-04",0,1,8,14,0.0,"N",0.0,0.0,0.0,"",""
"SKU-JAC-0027","2024-02-04",0,0,7,11,0.0,"N",60.0,1871.0,53.0,"2024-03-26","2024-03-28"
"SKU-PAN-0028","2024-02-04",0,2,8,15,0.0,"N",68.0,1317.0,39.0,"2024-03-14","2024-03-14"
"SKU-TSH-0029","2024-02-04",0,1,6,16,0.0,"N",69.0,701.0,36.0,"2024-03-09","2024-03-11"
"SKU-CRO-0030","2024-02-04",0,0,5,12,0.0,"N",0.0,0.0,0.0,"",""
"SKU-JAC-0031","2024-02-04",0,0,6,9,0.0,"N",46.0,1800.0,45.0,"2024-03-20","2024-03-20"
"SKU-TSH-0032","2024-02-04",0,1,4,7,0.0,"N",0.0,0.0,0.0,"",""
"SKU-SHO-0033","2024-02-04",5,0,6,11,25.0,"N",0.0,0.0,0.0,"",""
"SKU-PAN-0034","2024-02-04",0,2,6,11,0.0,"N",40.0,1051.0,58.0,"2024-03-28","2024-04-02"
"SKU-CRO-0035","2024-02-04",0,3,6,9,0.0,"N",41.0,721.0,57.0,"2024-03-31","2024-04-01"
"SKU-SHI-0036","2024-02-04",36,1,2,6,540.0,"N",0.0,0.0,0.0,"",""
"SKU-CRO-0037","2024-02-04",25,1,4,11,187.5,"N",0.0,0.0,0.0,"",""
"SKU-CRO-0038","2024-02-04",0,4,7,11,0.0,"N",0.0,0.0,0.0,"",""
"SKU-SHO-0039","2024-02-04",16,0,2,6,240.0,"N",0.0,0.0,0.0,"",""
"SKU-SHO-0040","2024-02-04",32,3,5,7,192.0,"N",0.0,0.0,0.0,"",""
"SKU-TSH-0041","2024-02-04",53,0,1,3,999.0,"N",0.0,0.0,0.0,"",""
"SKU-CRO-0042","2024-02-04",35,0,4,5,262.5,"N",0.0,0.0,0.0,"",""
"SKU-CRO-0043","2024-02-04",0,3,6,8,0.0,"N",0.0,0.0,0.0,"",""
"SKU-JAC-0044","2024-02-04",29,0,5,8,174.0,"N",0.0,0.0,0.0,"",""
"SKU-SHI-0045","2024-02-04",44,0,2,3,660.0,"N",0.0,0.0,0.0,"",""
"SKU-JAC-0046","2024-02-04",47,1,8,8,176.2,"N",0.0,0.0,0.0,"",""
"SKU-PAN-0047","2024-02-04",26,1,6,7,130.0,"N",0.0,0.0,0.0,"",""
"SKU-CRO-0048","2024-02-04",0,1,1,4,0.0,"N",0.0,0.0,0.0,"",""
"SKU-TSH-0049","2024-02-04",51,2,4,8,382.5,"N",0.0,0.0,0.0,"",""
"SKU-SHO-0050","2024-02-04",58,0,2,3,870.0,"N",0.0,0.0,0.0,"",""
"SKU-SHI-0051","2024-02-04",0,1,4,7,0.0,"N",0.0,0.0,0.0,"",""
"SKU-SHI-0052","2024-02-04",5,0,1,6,150.0,"N",0.0,0.0,0.0,"",""
"SKU-JAC-0053","2024-02-04",0,1,6,11,0.0,"N",0.0,0.0,0.0,"",""
"SKU-SHI-0054","2024-02-04",12,1,4,5,90.0,"N",0.0,0.0,0.0,"",""
"SKU-JAC-0055","2024-02-04",55,0,3,4,550.0,"N",0.0,0.0,0.0,"",""
"SKU-SHI-0001","2024-02-11",0,34,210,425,0.0,"N",0.0,0.0,0.0,"",""
"SKU-PAN-0002","2024-02-11",0,21,118,217,0.0,"N",233.0,982.0,37.0,"2024-03-18","2024-03-19"
"SKU-SHI-0003","2024-02-11",0,13,63,135,0.0,"N",0.0,0.0,0.0,"",""
"SKU-TSH-0004","2024-02-11",0,9,42,90,0.0,"N",0.0,0.0,0.0,"",""
"SKU-CRO-0005","2024-02-11",0,9,51,96,0.0,"N",0.0,0.0,0.0,"",""
"SKU-SHI-0006","2024-02-11",0,7,25,58,0.0,"N",0.0,0.0,0.0,"",""
"SKU-CRO-0007","2024-02-11",0,1,16,48,0.0,"N",40.0,818.0,55.0,"2024-04-03","2024-04-06"
"SKU-PAN-0008","2024-02-11",0,1,12,35,0.0,"N",0.0,0.0,0.0,"",""
"SKU-PAN-0009","2024-02-11",0,6,23,43,0.0,"N",0.0,0.0,0.0,"",""
"SKU-TSH-0010","2024-02-11",0,3,18,36,0.0,"N",0.0,0.0,0.0,"",""
"SKU-SHO-0011","2024-02-11",0,1,13,32,0.0,"N",0.0,0.0,0.0,"",""
"SKU-TSH-0012","2024-02-11",0,2,16,29,0.0,"N",49.0,715.0,59.0,"2024-04-05","2024-04-10"
"SKU-SHI-0013","2024-02-11",0,2,7,24,0.0,"N",0.0,0.0,0.0,"",""
"SKU-CRO-0014","2024-02-11",0,4,17,27,0.0,"N",0.0,0.0,0.0,"",""
"SKU-SHI-0015","2024-02-11",0,3,12,23,0.0,"N",0.0,0.0,0.0,"",""
"SKU-PAN-0016","2024-02-11",0,1,7,20,0.0,"N",0.0,0.0,0.0,"",""
"SKU-SHI-0017","2024-02-11",0,3,12,21,0.0,"N",78.0,842.0,61.0,"2024-04-07","2024-04-12"
"SKU-PAN-0018","2024-02-11",0,0,9,13,0.0,"N",0.0,0.0,0.0,"",""
"SKU-CRO-0019","2024-02-11",0,2,15,21,0.0,"N",0.0,0.0,0.0,"",""
"SKU-PAN-0020","2024-02-11",0,0,11,17,0.0,"N",0.0,0.0,0.0,"",""
"SKU-PAN-0021","2024-02-11",0,5,9,21,0.0,"N",60.0,1216.0,36.0,"2024-03-18","2024-03-18"
"SKU-PAN-0022","2024-02-11",0,2,6,15,0.0,"N",0.0,0.0,0.0,"",""
"SKU-SHO-0023","2024-02-11",0,0,4,10,0.0,"N",40.0,668.0,30.0,"2024-03-12","2024-03-12"
"SKU-SHI-0024","2024-02-11",0,2,10,19,0.0,"N",40.0,854.0,54.0,"2024-04-02","2024-04-05"
"SKU-JAC-0025","2024-02-11",0,0,4,13,0.0,"N",40.0,1639.0,44.0,"2024-03-24","2024-03-26"
"SKU-PAN-0026","2024-02-11",0,0,4,14,0.0,"N",0.0,0.0,0.0,"",""
"SKU-JAC-0027","2024-02-11",0,1,5,11,0.0,"N",0.0,0.0,0.0,"",""
"SKU-PAN-0028","2024-02-11",0,1,7,14,0.0,"N",0.0,0.0,0.0,"",""
"SKU-TSH-0029","2024-02-11",0,1,5,14,0.0,"N",0.0,0.0,0.0,"",""
"SKU-CRO-0030","2024-02-11",0,2,7,12,0.0,"N",0.0,0.0,0.0,"",""
"SKU-JAC-0031","2024-02-11",0,1,5,10,0.0,"N",0.0,0.0,0.0,"",""
"SKU-TSH-0032","2024-02-11",0,0,3,6,0.0,"N",40.0,627.0,54.0,"2024-04-04","2024-04-05"
"SKU-SHO-0033","2024-02-11",5,0,3,11,50.0,"N",0.0,0.0,0.0,"",""
"SKU-PAN-0034","2024-02-11",0,3,9,14,0.0,"N",0.0,0.0,0.0,"",""
"SKU-CRO-0035","2024-02-11",0,0,6,8,0.0,"N",0.0,0.0,0.0,"",""
"SKU-SHI-0036","2024-02-11",35,1,3,6,350.0,"N",0.0,0.0,0.0,"",""
"SKU-CRO-0037","2024-02-11",25,0,4,9,187.5,"N",0.0,0.0,0.0,"",""
"SKU-CRO-0038","2024-02-11",0,0,5,11,0.0,"N",0.0,0.0,0.0,"",""
"SKU-SHO-0039","2024-02-11",15,1,2,7,225.0,"N",0.0,0.0,0.0,"",""
"SKU-SHO-0040","2024-02-11",31,1,6,7,155.0,"N",0.0,0.0,0.0,"",""
"SKU-TSH-0041","2024-02-11",52,1,2,4,780.0,"N",0.0,0.0,0.0,"",""
"SKU-CRO-0042","2024-02-11",33,2,4,7,247.5,"N",0.0,0.0,0.0,"",""
"SKU-CRO-0043","2024-02-11",0,0,3,8,0.0,"N",0.0,0.0,0.0,"",""
"SKU-JAC-0044","2024-02-11",29,0,4,8,217.5,"N",0.0,0.0,0.0,"",""
"SKU-SHI-0045","2024-02-11",44,0,2,3,660.0,"N",0.0,0.0,0.0,"",""
"SKU-JAC-0046","2024-02-11",46,1,5,9,276.0,"N",0.0,0.0,0.0,"",""
"SKU-PAN-0047","2024-02-11",25,1,6,8,125.0,"N",0.0,0.0,0.0,"",""
"SKU-CRO-0048","2024-02-11",0,0,1,3,0.0,"N",58.0,736.0,43.0,"2024-03-20","2024-03-25"
"SKU-TSH-0049","2024-02-11",50,1,4,8,375.0,"N",0.0,0.0,0.0,"",""
"SKU-SHO-0050","2024-02-11",57,1,2,4,855.0,"N",0.0,0.0,0.0,"",""
"SKU-SHI-0051","2024-02-11",0,0,4,7,0.0,"N",0.0,0.0,0.0,"",""
"SKU-SHI-0052","2024-02-11",5,0,0,5,999.0,"N",0.0,0.0,0.0,"",""
"SKU-JAC-0053","2024-02-11",0,0,5,10,0.0,"N",0.0,0.0,0.0,"",""
"SKU-SHI-0054","2024-02-11",12,0,4,5,90.0,"N",0.0,0.0,0.0,"",""
"SKU-JAC-0055","2024-02-11",52,3,5,6,312.0,"N",0.0,0.0,0.0,"",""
"SKU-SHI-0001","2024-02-18",0,41,189,412,0.0,"N",0.0,0.0,0.0,"",""
"SKU-PAN-0002","2024-02-18",0,24,111,223,0.0,"N",0.0,0.0,0.0,"",""
"SKU-SHI-0003","2024-02-18",0,18,57,140,0.0,"N",104.0,1004.0,54.0,"2024-04-09","2024-04-12"
"SKU-TSH-0004","2024-02-18",0,13,46,93,0.0,"N",0.0,0.0,0.0,"",""
"SKU-CRO-0005","2024-02-18",0,2,37,84,0.0,"N",0.0,0.0,0.0,"",""
"SKU-SHI-0006","2024-02-18",0,12,34,63,0.0,"N",0.0,0.0,0.0,"",""
"SKU-CRO-0007","2024-02-18",0,2,15,43,0.0,"N",0.0,0.0,0.0,"",""
"SKU-PAN-0008","2024-02-18",0,5,13,35,0.0,"N",0.0,0.0,0.0,"",""
"SKU-PAN-0009","2024-02-18",0,3,23,44,0.0,"N",0.0,0.0,0.0,"",""
"SKU-TSH-0010","2024-02-18",0,5,17,38,0.0,"N",0.0,0.0,0.0,"",""
"SKU-SHO-0011","2024-02-18",0,3,12,29,0.0,"N",0.0,0.0,0.0,"",""
"SKU-TSH-0012","2024-02-18",0,2,12,28,0.0,"N",0.0,0.0,0.0,"",""
"SKU-SHI-0013","2024-02-18",0,1,8,22,0.0,"N",0.0,0.0,0.0,"",""
"SKU-CRO-0014","2024-02-18",0,2,15,26,0.0,"N",0.0,0.0,0.0,"",""
"SKU-SHI-0015","2024-02-18",0,2,10,24,0.0,"N",0.0,0.0,0.0,"",""
"SKU-PAN-0016","2024-02-18",0,2,7,21,0.0,"N",0.0,0.0,0.0,"",""
"SKU-SHI-0017","2024-02-18",0,0,10,19,0.0,"N",0.0,0.0,0.0,"",""
"SKU-PAN-0018","2024-02-18",0,1,7,14,0.0,"N",0.0,0.0,0.0,"",""
"SKU-CRO-0019","2024-02-18",0,0,9,20,0.0,"N",0.0,0.0,0.0,"",""
"SKU-PAN-0020","2024-02-18",0,3,9,19,0.0,"N",0.0,0.0,0.0,"",""
"SKU-PAN-0021","2024-02-18",0,2,9,20,0.0,"N",0.0,0.0,0.0,"",""
"SKU-PAN-0022","2024-02-18",0,0,6,13,0.0,"N",61.0,1076.0,42.0,"2024-03-31","2024-03-31"
"SKU-SHO-0023","2024-02-18",0,2,6,10,0.0,"N",0.0,0.0,0.0,"",""
"SKU-SHI-0024","2024-02-18",0,3,10,21,0.0,"N",0.0,0.0,0.0,"",""
"SKU-JAC-0025","2024-02-18",0,1,3,10,0.0,"N",0.0,0.0,0.0,"",""
"SKU-PAN-0026","2024-02-18",0,0,3,12,0.0,"N",0.0,0.0,0.0,"",""
"SKU-JAC-0027","2024-02-18",0,0,4,11,0.0,"N",0.0,0.0,0.0,"",""
"SKU-PAN-0028","2024-02-18",0,1,7,13,0.0,"N",0.0,0.0,0.0,"",""
"SKU-TSH-0029","2024-02-18",0,0,3,13,0.0,"N",0.0,0.0,0.0,"",""
"SKU-CRO-0030","2024-02-18",0,1,6,13,0.0,"N",0.0,0.0,0.0,"",""
"SKU-JAC-0031","2024-02-18",0,0,5,9,0.0,"N",0.0,0.0,0.0,"",""
"SKU-TSH-0032","2024-02-18",0,0,2,4,0.0,"N",0.0,0.0,0.0,"",""
"SKU-SHO-0033","2024-02-18",5,0,1,10,150.0,"N",0.0,0.0,0.0,"",""
"SKU-PAN-0034","2024-02-18",0,1,8,13,0.0,"N",0.0,0.0,0.0,"",""
"SKU-CRO-0035","2024-02-18",0,2,7,9,0.0,"N",0.0,0.0,0.0,"",""
"SKU-SHI-0036","2024-02-18",35,0,2,6,525.0,"N",0.0,0.0,0.0,"",""
"SKU-CRO-0037","2024-02-18",23,2,5,9,138.0,"N",0.0,0.0,0.0,"",""
"SKU-CRO-0038","2024-02-18",0,2,6,11,0.0,"N",0.0,0.0,0.0,"",""
"SKU-SHO-0039","2024-02-18",15,0,2,7,225.0,"N",0.0,0.0,0.0,"",""
"SKU-SHO-0040","2024-02-18",31,0,6,7,155.0,"N",0.0,0.0,0.0,"",""
"SKU-TSH-0041","2024-02-18",51,1,3,4,510.0,"N",0.0,0.0,0.0,"",""
"SKU-CRO-0042","2024-02-18",31,2,5,9,186.0,"N",0.0,0.0,0.0,"",""
"SKU-CRO-0043","2024-02-18",0,0,3,6,0.0,"N",40.0,677.0,56.0,"2024-04-14","2024-04-14"
"SKU-JAC-0044","2024-02-18",28,1,2,8,420.0,"N",0.0,0.0,0.0,"",""
"SKU-SHI-0045","2024-02-18",42,2,4,4,315.0,"N",0.0,0.0,0.0,"",""
"SKU-JAC-0046","2024-02-18",45,1,4,10,337.5,"N",0.0,0.0,0.0,"",""
"SKU-PAN-0047","2024-02-18",24,1,6,9,120.0,"N",0.0,0.0,0.0,"",""
"SKU-CRO-0048","2024-02-18",0,1,2,3,0.0,"N",0.0,0.0,0.0,"",""
"SKU-TSH-0049","2024-02-18",48,2,6,10,240.0,"N",0.0,0.0,0.0,"",""
"SKU-SHO-0050","2024-02-18",57,0,1,4,999.0,"N",0.0,0.0,0.0,"",""
"SKU-SHI-0051","2024-02-18",0,0,2,4,0.0,"N",0.0,0.0,0.0,"",""
"SKU-SHI-0052","2024-02-18",4,1,1,6,120.0,"N",0.0,0.0,0.0,"",""
"SKU-JAC-0053","2024-02-18",0,0,5,10,0.0,"N",0.0,0.0,0.0,"",""
"SKU-SHI-0054","2024-02-18",10,2,4,7,75.0,"N",0.0,0.0,0.0,"",""
"SKU-JAC-0055","2024-02-18",52,0,4,6,390.0,"N",0.0,0.0,0.0,"",""
"SKU-SHI-0001","2024-02-25",0,46,179,405,0.0,"N",0.0,0.0,0.0,"",""
"SKU-PAN-0002","2024-02-25",0,32,116,226,0.0,"N",0.0,0.0,0.0,"",""
"SKU-SHI-0003","2024-02-25",0,12,60,140,0.0,"N",0.0,0.0,0.0,"",""
"SKU-TSH-0004","2024-02-25",0,11,47,94,0.0,"N",94.0,539.0,44.0,"2024-04-07","2024-04-09"
"SKU-CRO-0005","2024-02-25",0,10,38,80,0.0,"N",0.0,0.0,0.0,"",""
"SKU-SHI-0006","2024-02-25",0,9,38,64,0.0,"N",88.0,1097.0,55.0,"2024-04-20","2024-04-20"
"SKU-CRO-0007","2024-02-25",0,6,17,44,0.0,"N",0.0,0.0,0.0,"",""
"SKU-PAN-0008","2024-02-25",0,4,14,31,0.0,"N",76.0,1152.0,35.0,"2024-03-29","2024-03-31"
"SKU-PAN-0009","2024-02-25",0,2,19,40,0.0,"N",78.0,1008.0,37.0,"2024-03-31","2024-04-02"
"SKU-TSH-0010","2024-02-25",0,4,16,37,0.0,"N",40.0,782.0,42.0,"2024-04-07","2024-04-07"
"SKU-SHO-0011","2024-02-25",0,5,14,30,0.0,"N",49.0,761.0,49.0,"2024-04-14","2024-04-14"
"SKU-TSH-0012","2024-02-25",0,2,11,27,0.0,"N",0.0,0.0,0.0,"",""
"SKU-SHI-0013","2024-02-25",0,1,7,21,0.0,"N",0.0,0.0,0.0,"",""
"SKU-CRO-0014","2024-02-25",0,2,13,25,0.0,"N",0.0,0.0,0.0,"",""
"SKU-SHI-0015","2024-02-25",0,3,10,22,0.0,"N",0.0,0.0,0.0,"",""
"SKU-PAN-0016","2024-02-25",0,1,8,18,0.0,"N",40.0,970.0,58.0,"2024-04-18","2024-04-23"
"SKU-SHI-0017","2024-02-25",0,0,7,17,0.0,"N",0.0,0.0,0.0,"",""
"SKU-PAN-0018","2024-02-25",0,2,8,15,0.0,"N",45.0,1176.0,53.0,"2024-04-15","2024-04-18"
"SKU-CRO-0019","2024-02-25",0,1,7,19,0.0,"N",0.0,0.0,0.0,"",""
"SKU-PAN-0020","2024-02-25",0,1,7,18,0.0,"N",0.0,0.0,0.0,"",""
"SKU-PAN-0021","2024-02-25",0,2,9,19,0.0,"N",0.0,0.0,0.0,"",""
"SKU-PAN-0022","2024-02-25",0,3,7,13,0.0,"N",0.0,0.0,0.0,"",""
"SKU-SHO-0023","2024-02-25",0,2,5,11,0.0,"N",0.0,0.0,0.0,"",""
"SKU-SHI-0024","2024-02-25",0,3,12,22,0.0,"N",0.0,0.0,0.0,"",""
"SKU-JAC-0025","2024-02-25",0,3,5,10,0.0,"N",0.0,0.0,0.0,"",""
"SKU-PAN-0026","2024-02-25",0,2,4,11,0.0,"N",40.0,1332.0,49.0,"2024-04-13","2024-04-14"
"SKU-JAC-0027","2024-02-25",0,1,2,10,0.0,"N",0.0,0.0,0.0,"",""
"SKU-PAN-0028","2024-02-25",0,1,7,13,0.0,"N",0.0,0.0,0.0,"",""
"SKU-TSH-0029","2024-02-25",0,1,3,12,0.0,"N",0.0,0.0,0.0,"",""
"SKU-CRO-0030","2024-02-25",0,0,3,11,0.0,"N",48.0,621.0,49.0,"2024-04-14","2024-04-14"
"SKU-JAC-0031","2024-02-25",0,1,4,10,0.0,"N",0.0,0.0,0.0,"",""
"SKU-TSH-0032","2024-02-25",0,2,3,6,0.0,"N",0.0,0.0,0.0,"",""
"SKU-SHO-0033","2024-02-25",5,0,0,8,999.0,"N",0.0,0.0,0.0,"",""
"SKU-PAN-0034","2024-02-25",0,0,6,11,0.0,"N",0.0,0.0,0.0,"",""
"SKU-CRO-0035","2024-02-25",0,1,6,9,0.0,"N",0.0,0.0,0.0,"",""
"SKU-SHI-0036","2024-02-25",35,0,2,5,525.0,"N",0.0,0.0,0.0,"",""
"SKU-CRO-0037","2024-02-25",22,1,4,8,165.0,"N",0.0,0.0,0.0,"",""
"SKU-CRO-0038","2024-02-25",0,1,7,11,0.0,"N",68.0,1060.0,44.0,"2024-04-09","2024-04-09"
"SKU-SHO-0039","2024-02-25",15,0,1,7,450.0,"N",0.0,0.0,0.0,"",""
"SKU-SHO-0040","2024-02-25",30,1,6,8,150.0,"N",0.0,0.0,0.0,"",""
"SKU-TSH-0041","2024-02-25",51,0,2,3,765.0,"N",0.0,0.0,0.0,"",""
"SKU-CRO-0042","2024-02-25",31,0,5,9,186.0,"N",0.0,0.0,0.0,"",""
"SKU-CRO-0043","2024-02-25",0,0,3,6,0.0,"N",0.0,0.0,0.0,"",""
"SKU-JAC-0044","2024-02-25",28,0,1,8,840.0,"N",0.0,0.0,0.0,"",""
"SKU-SHI-0045","2024-02-25",42,0,4,4,315.0,"N",0.0,0.0,0.0,"",""
"SKU-JAC-0046","2024-02-25",45,0,3,10,450.0,"N",0.0,0.0,0.0,"",""
"SKU-PAN-0047","2024-02-25",23,1,4,10,172.5,"N",0.0,0.0,0.0,"",""
"SKU-CRO-0048","2024-02-25",0,0,2,2,0.0,"N",0.0,0.0,0.0,"",""
"SKU-TSH-0049","2024-02-25",48,0,5,8,288.0,"N",0.0,0.0,0.0,"",""
"SKU-SHO-0050","2024-02-25",57,0,1,3,999.0,"N",0.0,0.0,0.0,"",""
"SKU-SHI-0051","2024-02-25",0,2,4,6,0.0,"N",61.0,928.0,46.0,"2024-04-09","2024-04-11"
"SKU-SHI-0052","2024-02-25",2,2,3,8,20.0,"N",0.0,0.0,0.0,"",""
"SKU-JAC-0053","2024-02-25",0,1,3,7,0.0,"N",40.0,1660.0,56.0,"2024-04-18","2024-04-21"
"SKU-SHI-0054","2024-02-25",10,0,3,6,100.0,"N",0.0,0.0,0.0,"",""
"SKU-JAC-0055","2024-02-25",52,0,4,6,390.0,"N",0.0,0.0,0.0,"",""
"SKU-SHI-0001","2024-03-03",0,70,206,432,0.0,"N",339.0,705.0,48.0,"2024-04-17","2024-04-20"
"SKU-PAN-0002","2024-03-03",0,21,106,229,0.0,"N",0.0,0.0,0.0,"",""
"SKU-SHI-0003","2024-03-03",0,22,73,141,0.0,"N",0.0,0.0,0.0,"",""
"SKU-TSH-0004","2024-03-03",0,11,45,97,0.0,"N",0.0,0.0,0.0,"",""
"SKU-CRO-0005","2024-03-03",0,9,37,83,0.0,"N",98.0,846.0,45.0,"2024-04-14","2024-04-17"
"SKU-SHI-0006","2024-03-03",0,9,38,68,0.0,"N",0.0,0.0,0.0,"",""
"SKU-CRO-0007","2024-03-03",0,12,23,51,0.0,"N",0.0,0.0,0.0,"",""
"SKU-PAN-0008","2024-03-03",0,4,16,32,0.0,"N",0.0,0.0,0.0,"",""
"SKU-PAN-0009","2024-03-03",0,7,19,41,0.0,"N",0.0,0.0,0.0,"",""
"SKU-TSH-0010","2024-03-03",0,6,18,38,0.0,"N",0.0,0.0,0.0,"",""
"SKU-SHO-0011","2024-03-03",0,3,13,30,0.0,"N",0.0,0.0,0.0,"",""
"SKU-TSH-0012","2024-03-03",0,7,13,29,0.0,"N",0.0,0.0,0.0,"",""
"SKU-SHI-0013","2024-03-03",0,2,6,18,0.0,"N",40.0,1227.0,29.0,"2024-04-01","2024-04-01"
"SKU-CRO-0014","2024-03-03",0,3,11,26,0.0,"N",40.0,756.0,40.0,"2024-04-12","2024-04-12"
"SKU-SHI-0015","2024-03-03",0,3,12,24,0.0,"N",66.0,940.0,40.0,"2024-04-10","2024-04-12"
"SKU-PAN-0016","2024-03-03",0,2,6,18,0.0,"N",0.0,0.0,0.0,"",""
"SKU-SHI-0017","2024-03-03",0,5,9,22,0.0,"N",0.0,0.0,0.0,"",""
"SKU-PAN-0018","2024-03-03",0,4,9,18,0.0,"N",0.0,0.0,0.0,"",""
"SKU-CRO-0019","2024-03-03",0,3,6,19,0.0,"N",57.0,726.0,36.0,"2024-04-07","2024-04-08"
"SKU-PAN-0020","2024-03-03",0,1,5,18,0.0,"N",64.0,1163.0,42.0,"2024-04-09","2024-04-14"
"SKU-PAN-0021","2024-03-03",0,2,11,16,0.0,"N",0.0,0.0,0.0,"",""
"SKU-PAN-0022","2024-03-03",0,1,6,12,0.0,"N",0.0,0.0,0.0,"",""
"SKU-SHO-0023","2024-03-03",0,2,6,11,0.0,"N",0.0,0.0,0.0,"",""
"SKU-SHI-0024","2024-03-03",0,3,11,21,0.0,"N",0.0,0.0,0.0,"",""
"SKU-JAC-0025","2024-03-03",0,0,4,10,0.0,"N",0.0,0.0,0.0,"",""
"SKU-PAN-0026","2024-03-03",0,3,5,13,0.0,"N",0.0,0.0,0.0,"",""
"SKU-JAC-0027","2024-03-03",0,1,3,10,0.0,"N",44.0,1871.0,43.0,"2024-04-14","2024-04-15"
"SKU-PAN-0028","2024-03-03",0,1,4,12,0.0,"N",45.0,1317.0,34.0,"2024-04-06","2024-04-06"
"SKU-TSH-0029","2024-03-03",0,2,5,12,0.0,"N",56.0,701.0,38.0,"2024-04-08","2024-04-10"
"SKU-CRO-0030","2024-03-03",0,2,5,11,0.0,"N",0.0,0.0,0.0,"",""
"SKU-JAC-0031","2024-03-03",0,1,3,9,0.0,"N",40.0,1800.0,28.0,"2024-03-31","2024-03-31"
"SKU-TSH-0032","2024-03-03",0,2,4,8,0.0,"N",0.0,0.0,0.0,"",""
"SKU-SHO-0033","2024-03-03",4,1,1,8,120.0,"N",0.0,0.0,0.0,"",""
"SKU-PAN-0034","2024-03-03",0,0,4,10,0.0,"N",42.0,1051.0,42.0,"2024-04-14","2024-04-14"
"SKU-CRO-0035","2024-03-03",0,5,10,14,0.0,"N",40.0,721.0,50.0,"2024-04-19","2024-04-22"
"SKU-SHI-0036","2024-03-03",35,0,1,3,999.0,"N",0.0,0.0,0.0,"",""
"SKU-CRO-0037","2024-03-03",22,0,3,8,220.0,"N",0.0,0.0,0.0,"",""
"SKU-CRO-0038","2024-03-03",0,2,6,12,0.0,"N",0.0,0.0,0.0,"",""
"SKU-SHO-0039","2024-03-03",13,2,3,6,130.0,"N",0.0,0.0,0.0,"",""
"SKU-SHO-0040","2024-03-03",30,0,3,7,300.0,"N",0.0,0.0,0.0,"",""
"SKU-TSH-0041","2024-03-03",48,3,5,6,288.0,"N",0.0,0.0,0.0,"",""
"SKU-CRO-0042","2024-03-03",28,3,7,11,120.0,"N",0.0,0.0,0.0,"",""
"SKU-CRO-0043","2024-03-03",0,2,3,8,0.0,"N",0.0,0.0,0.0,"",""
"SKU-JAC-0044","2024-03-03",27,1,2,9,405.0,"N",0.0,0.0,0.0,"",""
"SKU-SHI-0045","2024-03-03",40,2,4,6,300.0,"N",0.0,0.0,0.0,"",""
"SKU-JAC-0046","2024-03-03",44,1,4,11,330.0,"N",0.0,0.0,0.0,"",""
"SKU-PAN-0047","2024-03-03",22,1,4,10,165.0,"N",0.0,0.0,0.0,"",""
"SKU-CRO-0048","2024-03-03",0,0,1,2,0.0,"N",0.0,0.0,0.0,"",""
"SKU-TSH-0049","2024-03-03",46,2,5,9,276.0,"N",0.0,0.0,0.0,"",""
"SKU-SHO-0050","2024-03-03",56,1,2,4,840.0,"N",0.0,0.0,0.0,"",""
"SKU-SHI-0051","2024-03-03",0,0,2,6,0.0,"N",0.0,0.0,0.0,"",""
"SKU-SHI-0052","2024-03-03",1,1,4,6,7.5,"N",60.0,1141.0,51.0,"2024-04-23","2024-04-23"
"SKU-JAC-0053","2024-03-03",0,2,3,9,0.0,"N",0.0,0.0,0.0,"",""
"SKU-SHI-0054","2024-03-03",10,0,2,6,150.0,"N",0.0,0.0,0.0,"",""
"SKU-JAC-0055","2024-03-03",52,0,3,6,520.0,"N",0.0,0.0,0.0,"",""
"SKU-SHI-0001","2024-03-10",0,81,247,469,0.0,"N",0.0,0.0,0.0,"",""
"SKU-PAN-0002","2024-03-10",0,29,115,236,0.0,"N",182.0,982.0,30.0,"2024-04-07","2024-04-09"
"SKU-SHI-0003","2024-03-10",0,18,71,139,0.0,"N",0.0,0.0,0.0,"",""
"SKU-TSH-0004","2024-03-10",0,13,54,95,0.0,"N",0.0,0.0,0.0,"",""
"SKU-CRO-0005","2024-03-10",0,15,40,90,0.0,"N",0.0,0.0,0.0,"",""
"SKU-SHI-0006","2024-03-10",0,7,39,65,0.0,"N",0.0,0.0,0.0,"",""
"SKU-CRO-0007","2024-03-10",0,4,24,41,0.0,"N",68.0,818.0,40.0,"2024-04-17","2024-04-19"
"SKU-PAN-0008","2024-03-10",0,14,27,40,0.0,"N",0.0,0.0,0.0,"",""
"SKU-PAN-0009","2024-03-10",0,4,18,43,0.0,"N",0.0,0.0,0.0,"",""
"SKU-TSH-0010","2024-03-10",0,4,20,40,0.0,"N",0.0,0.0,0.0,"",""
"SKU-SHO-0011","2024-03-10",0,6,17,32,0.0,"N",0.0,0.0,0.0,"",""
"SKU-TSH-0012","2024-03-10",0,0,11,28,0.0,"N",66.0,715.0,35.0,"2024-04-14","2024-04-14"
"SKU-SHI-0013","2024-03-10",0,3,7,15,0.0,"N",0.0,0.0,0.0,"",""
"SKU-CRO-0014","2024-03-10",0,2,9,27,0.0,"N",0.0,0.0,0.0,"",""
"SKU-SHI-0015","2024-03-10",0,7,16,28,0.0,"N",0.0,0.0,0.0,"",""
"SKU-PAN-0016","2024-03-10",0,1,7,13,0.0,"N",0.0,0.0,0.0,"",""
"SKU-SHI-0017","2024-03-10",0,1,7,18,0.0,"N",40.0,842.0,43.0,"2024-04-22","2024-04-22"
"SKU-PAN-0018","2024-03-10",0,1,8,17,0.0,"N",0.0,0.0,0.0,"",""
"SKU-CRO-0019","2024-03-10",0,1,5,20,0.0,"N",0.0,0.0,0.0,"",""
"SKU-PAN-0020","2024-03-10",0,6,11,22,0.0,"N",0.0,0.0,0.0,"",""
"SKU-PAN-0021","2024-03-10",0,1,8,16,0.0,"N",40.0,1216.0,57.0,"2024-05-04","2024-05-06"
"SKU-PAN-0022","2024-03-10",0,1,6,13,0.0,"N",0.0,0.0,0.0,"",""
"SKU-SHO-0023","2024-03-10",0,2,8,12,0.0,"N",49.0,668.0,32.0,"2024-04-11","2024-04-11"
"SKU-SHI-0024","2024-03-10",0,4,13,24,0.0,"N",56.0,854.0,58.0,"2024-05-04","2024-05-07"
"SKU-JAC-0025","2024-03-10",0,3,7,12,0.0,"N",50.0,1639.0,32.0,"2024-04-11","2024-04-11"
"SKU-PAN-0026","2024-03-10",0,2,7,13,0.0,"N",0.0,0.0,0.0,"",""
"SKU-JAC-0027","2024-03-10",0,2,4,10,0.0,"N",0.0,0.0,0.0,"",""
"SKU-PAN-0028","2024-03-10",0,0,4,11,0.0,"N",0.0,0.0,0.0,"",""
"SKU-TSH-0029","2024-03-10",0,2,6,11,0.0,"N",0.0,0.0,0.0,"",""
"SKU-CRO-0030","2024-03-10",0,0,4,10,0.0,"N",0.0,0.0,0.0,"",""
"SKU-JAC-0031","2024-03-10",0,2,4,9,0.0,"N",0.0,0.0,0.0,"",""
"SKU-TSH-0032","2024-03-10",0,1,5,8,0.0,"N",40.0,627.0,38.0,"2024-04-17","2024-04-17"
"SKU-SHO-0033","2024-03-10",2,2,3,8,20.0,"N",0.0,0.0,0.0,"",""
"SKU-PAN-0034","2024-03-10",0,2,3,12,0.0,"N",0.0,0.0,0.0,"",""
"SKU-CRO-0035","2024-03-10",0,1,9,15,0.0,"N",0.0,0.0,0.0,"",""
"SKU-SHI-0036","2024-03-10",35,0,1,3,999.0,"N",0.0,0.0,0.0,"",""
"SKU-CRO-0037","2024-03-10",22,0,3,7,220.0,"N",0.0,0.0,0.0,"",""
"SKU-CRO-0038","2024-03-10",0,2,7,13,0.0,"N",0.0,0.0,0.0,"",""
"SKU-SHO-0039","2024-03-10",13,0,2,4,195.0,"N",0.0,0.0,0.0,"",""
"SKU-SHO-0040","2024-03-10",27,3,5,10,162.0,"N",0.0,0.0,0.0,"",""
"SKU-TSH-0041","2024-03-10",47,1,5,7,282.0,"N",0.0,0.0,0.0,"",""
"SKU-CRO-0042","2024-03-10",27,1,6,10,135.0,"N",0.0,0.0,0.0,"",""
"SKU-CRO-0043","2024-03-10",0,3,5,10,0.0,"N",0.0,0.0,0.0,"",""
"SKU-JAC-0044","2024-03-10",26,1,3,7,260.0,"N",0.0,0.0,0.0,"",""
"SKU-SHI-0045","2024-03-10",38,2,6,8,190.0,"N",0.0,0.0,0.0,"",""
"SKU-JAC-0046","2024-03-10",44,0,2,8,660.0,"N",0.0,0.0,0.0,"",""
"SKU-PAN-0047","2024-03-10",22,0,3,9,220.0,"N",0.0,0.0,0.0,"",""
"SKU-CRO-0048","2024-03-10",0,2,3,4,0.0,"N",40.0,736.0,33.0,"2024-04-11","2024-04-12"
"SKU-TSH-0049","2024-03-10",45,1,5,9,270.0,"N",0.0,0.0,0.0,"",""
"SKU-SHO-0050","2024-03-10",55,1,3,4,550.0,"N",0.0,0.0,0.0,"",""
"SKU-SHI-0051","2024-03-10",0,0,2,6,0.0,"N",0.0,0.0,0.0,"",""
"SKU-SHI-0052","2024-03-10",1,0,4,5,7.5,"N",0.0,0.0,0.0,"",""
"SKU-JAC-0053","2024-03-10",0,0,3,8,0.0,"N",0.0,0.0,0.0,"",""
"SKU-SHI-0054","2024-03-10",9,1,3,7,90.0,"N",0.0,0.0,0.0,"",""
"SKU-JAC-0055","2024-03-10",52,0,1,6,999.0,"N",0.0,0.0,0.0,"",""
"SKU-SHI-0001","2024-03-17",0,69,281,472,0.0,"N",0.0,0.0,0.0,"",""
"SKU-PAN-0002","2024-03-17",0,32,122,230,0.0,"N",0.0,0.0,0.0,"",""
"SKU-SHI-0003","2024-03-17",0,17,77,135,0.0,"N",166.0,1004.0,44.0,"2024-04-27","2024-04-30"
"SKU-TSH-0004","2024-03-17",0,9,51,94,0.0,"N",0.0,0.0,0.0,"",""
"SKU-CRO-0005","2024-03-17",0,15,49,91,0.0,"N",0.0,0.0,0.0,"",""
"SKU-SHI-0006","2024-03-17",0,12,41,72,0.0,"N",0.0,0.0,0.0,"",""
"SKU-CRO-0007","2024-03-17",0,7,29,45,0.0,"N",0.0,0.0,0.0,"",""
"SKU-PAN-0008","2024-03-17",0,6,29,41,0.0,"N",0.0,0.0,0.0,"",""
"SKU-PAN-0009","2024-03-17",0,4,18,40,0.0,"N",0.0,0.0,0.0,"",""
"SKU-TSH-0010","2024-03-17",0,5,20,37,0.0,"N",0.0,0.0,0.0,"",""
"SKU-SHO-0011","2024-03-17",0,6,21,33,0.0,"N",0.0,0.0,0.0,"",""
"SKU-TSH-0012","2024-03-17",0,4,13,25,0.0,"N",0.0,0.0,0.0,"",""
"SKU-SHI-0013","2024-03-17",0,5,12,19,0.0,"N",0.0,0.0,0.0,"",""
"SKU-CRO-0014","2024-03-17",0,2,10,25,0.0,"N",0.0,0.0,0.0,"",""
"SKU-SHI-0015","2024-03-17",0,2,16,27,0.0,"N",0.0,0.0,0.0,"",""
"SKU-PAN-0016","2024-03-17",0,2,6,13,0.0,"N",0.0,0.0,0.0,"",""
"SKU-SHI-0017","2024-03-17",0,2,8,18,0.0,"N",0.0,0.0,0.0,"",""
"SKU-PAN-0018","2024-03-17",0,4,11,19,0.0,"N",0.0,0.0,0.0,"",""
"SKU-CRO-0019","2024-03-17",0,1,6,16,0.0,"N",0.0,0.0,0.0,"",""
"SKU-PAN-0020","2024-03-17",0,2,13,21,0.0,"N",0.0,0.0,0.0,"",""
"SKU-PAN-0021","2024-03-17",0,3,8,17,0.0,"N",0.0,0.0,0.0,"",""
"SKU-PAN-0022","2024-03-17",0,3,8,14,0.0,"N",40.0,1076.0,50.0,"2024-05-03","2024-05-06"
"SKU-SHO-0023","2024-03-17",0,0,7,12,0.0,"N",0.0,0.0,0.0,"",""
"SKU-SHI-0024","2024-03-17",0,2,12,23,0.0,"N",0.0,0.0,0.0,"",""
"SKU-JAC-0025","2024-03-17",0,4,10,13,0.0,"N",0.0,0.0,0.0,"",""
"SKU-PAN-0026","2024-03-17",0,2,9,13,0.0,"N",0.0,0.0,0.0,"",""
"SKU-JAC-0027","2024-03-17",0,2,6,10,0.0,"N",0.0,0.0,0.0,"",""
"SKU-PAN-0028","2024-03-17",0,1,3,10,0.0,"N",0.0,0.0,0.0,"",""
"SKU-TSH-0029","2024-03-17",0,3,8,12,0.0,"N",0.0,0.0,0.0,"",""
"SKU-CRO-0030","2024-03-17",0,1,3,10,0.0,"N",0.0,0.0,0.0,"",""
"SKU-JAC-0031","2024-03-17",0,2,6,11,0.0,"N",0.0,0.0,0.0,"",""
"SKU-TSH-0032","2024-03-17",0,2,7,9,0.0,"N",0.0,0.0,0.0,"",""
"SKU-SHO-0033","2024-03-17",2,0,3,4,20.0,"N",0.0,0.0,0.0,"",""
"SKU-PAN-0034","2024-03-17",0,2,4,12,0.0,"N",0.0,0.0,0.0,"",""
"SKU-CRO-0035","2024-03-17",0,2,10,17,0.0,"N",0.0,0.0,0.0,"",""
"SKU-SHI-0036","2024-03-17",35,0,0,2,999.0,"N",0.0,0.0,0.0,"",""
"SKU-CRO-0037","2024-03-17",19,3,4,9,142.5,"N",0.0,0.0,0.0,"",""
"SKU-CRO-0038","2024-03-17",0,1,6,13,0.0,"N",0.0,0.0,0.0,"",""
"SKU-SHO-0039","2024-03-17",12,1,3,5,120.0,"N",0.0,0.0,0.0,"",""
"SKU-SHO-0040","2024-03-17",27,0,4,10,202.5,"N",0.0,0.0,0.0,"",""
"SKU-TSH-0041","2024-03-17",46,1,6,8,230.0,"N",0.0,0.0,0.0,"",""
"SKU-CRO-0042","2024-03-17",27,0,5,10,162.0,"N",0.0,0.0,0.0,"",""
"SKU-CRO-0043","2024-03-17",0,1,6,9,0.0,"N",62.0,677.0,34.0,"2024-04-20","2024-04-20"
"SKU-JAC-0044","2024-03-17",25,1,3,6,250.0,"N",0.0,0.0,0.0,"",""
"SKU-SHI-0045","2024-03-17",38,0,5,8,228.0,"N",0.0,0.0,0.0,"",""
"SKU-JAC-0046","2024-03-17",43,1,2,7,645.0,"N",0.0,0.0,0.0,"",""
"SKU-PAN-0047","2024-03-17",20,2,4,11,150.0,"N",0.0,0.0,0.0,"",""
"SKU-CRO-0048","2024-03-17",0,0,2,4,0.0,"N",0.0,0.0,0.0,"",""
"SKU-TSH-0049","2024-03-17",43,2,5,11,258.0,"N",0.0,0.0,0.0,"",""
"SKU-SHO-0050","2024-03-17",54,1,3,4,540.0,"N",0.0,0.0,0.0,"",""
"SKU-SHI-0051","2024-03-17",0,1,3,5,0.0,"N",0.0,0.0,0.0,"",""
"SKU-SHI-0052","2024-03-17",0,2,6,6,0.0,"N",0.0,0.0,0.0,"",""
"SKU-JAC-0053","2024-03-17",0,1,4,9,0.0,"N",0.0,0.0,0.0,"",""
"SKU-SHI-0054","2024-03-17",8,1,2,6,120.0,"N",0.0,0.0,0.0,"",""
"SKU-JAC-0055","2024-03-17",50,2,2,6,750.0,"N",0.0,0.0,0.0,"",""
"SKU-SHI-0001","2024-03-24",0,64,294,472,0.0,"N",0.0,0.0,0.0,"",""
"SKU-PAN-0002","2024-03-24",0,30,122,229,0.0,"N",0.0,0.0,0.0,"",""
"SKU-SHI-0003","2024-03-24",0,15,77,132,0.0,"N",0.0,0.0,0.0,"",""
"SKU-TSH-0004","2024-03-24",0,17,53,99,0.0,"N",138.0,539.0,41.0,"2024-05-02","2024-05-04"
"SKU-CRO-0005","2024-03-24",0,10,52,90,0.0,"N",0.0,0.0,0.0,"",""
"SKU-SHI-0006","2024-03-24",0,9,41,76,0.0,"N",90.0,1097.0,46.0,"2024-05-08","2024-05-09"
"SKU-CRO-0007","2024-03-24",0,12,36,52,0.0,"N",0.0,0.0,0.0,"",""
"SKU-PAN-0008","2024-03-24",0,6,33,45,0.0,"N",64.0,1152.0,43.0,"2024-05-03","2024-05-06"
"SKU-PAN-0009","2024-03-24",0,6,21,40,0.0,"N",84.0,1008.0,50.0,"2024-05-10","2024-05-13"
"SKU-TSH-0010","2024-03-24",0,7,24,39,0.0,"N",55.0,782.0,41.0,"2024-05-04","2024-05-04"
"SKU-SHO-0011","2024-03-24",0,7,24,36,0.0,"N",65.0,761.0,52.0,"2024-05-12","2024-05-15"
"SKU-TSH-0012","2024-03-24",0,1,13,23,0.0,"N",0.0,0.0,0.0,"",""
"SKU-SHI-0013","2024-03-24",0,5,16,24,0.0,"N",0.0,0.0,0.0,"",""
"SKU-CRO-0014","2024-03-24",0,5,14,25,0.0,"N",0.0,0.0,0.0,"",""
"SKU-SHI-0015","2024-03-24",0,0,12,22,0.0,"N",0.0,0.0,0.0,"",""
"SKU-PAN-0016","2024-03-24",0,1,6,14,0.0,"N",40.0,970.0,35.0,"2024-04-23","2024-04-28"
"SKU-SHI-0017","2024-03-24",0,2,10,19,0.0,"N",0.0,0.0,0.0,"",""
"SKU-PAN-0018","2024-03-24",0,1,10,19,0.0,"N",40.0,1176.0,35.0,"2024-04-26","2024-04-28"
"SKU-CRO-0019","2024-03-24",0,4,9,17,0.0,"N",0.0,0.0,0.0,"",""
"SKU-PAN-0020","2024-03-24",0,4,13,21,0.0,"N",0.0,0.0,0.0,"",""
"SKU-PAN-0021","2024-03-24",0,4,11,20,0.0,"N",0.0,0.0,0.0,"",""
"SKU-PAN-0022","2024-03-24",0,3,9,15,0.0,"N",0.0,0.0,0.0,"",""
"SKU-SHO-0023","2024-03-24",0,2,8,12,0.0,"N",0.0,0.0,0.0,"",""
"SKU-SHI-0024","2024-03-24",0,0,10,21,0.0,"N",0.0,0.0,0.0,"",""
"SKU-JAC-0025","2024-03-24",0,1,11,13,0.0,"N",0.0,0.0,0.0,"",""
"SKU-PAN-0026","2024-03-24",0,0,9,11,0.0,"N",46.0,1332.0,54.0,"2024-05-12","2024-05-17"
"SKU-JAC-0027","2024-03-24",0,1,7,9,0.0,"N",0.0,0.0,0.0,"",""
"SKU-PAN-0028","2024-03-24",0,3,5,12,0.0,"N",0.0,0.0,0.0,"",""
"SKU-TSH-0029","2024-03-24",0,4,11,14,0.0,"N",0.0,0.0,0.0,"",""
"SKU-CRO-0030","2024-03-24",0,1,4,7,0.0,"N",53.0,621.0,61.0,"2024-05-19","2024-05-24"
"SKU-JAC-0031","2024-03-24",0,1,6,10,0.0,"N",0.0,0.0,0.0,"",""
"SKU-TSH-0032","2024-03-24",0,3,9,11,0.0,"N",0.0,0.0,0.0,"",""
"SKU-SHO-0033","2024-03-24",2,0,3,3,20.0,"N",0.0,0.0,0.0,"",""
"SKU-PAN-0034","2024-03-24",0,1,5,11,0.0,"N",0.0,0.0,0.0,"",""
"SKU-CRO-0035","2024-03-24",0,1,9,15,0.0,"N",0.0,0.0,0.0,"",""
"SKU-SHI-0036","2024-03-24",34,1,1,3,999.0,"N",0.0,0.0,0.0,"",""
"SKU-CRO-0037","2024-03-24",19,0,4,7,142.5,"N",0.0,0.0,0.0,"",""
"SKU-CRO-0038","2024-03-24",0,3,8,15,0.0,"N",40.0,1060.0,45.0,"2024-05-08","2024-05-08"
"SKU-SHO-0039","2024-03-24",12,0,3,4,120.0,"N",0.0,0.0,0.0,"",""
"SKU-SHO-0040","2024-03-24",27,0,4,9,202.5,"N",0.0,0.0,0.0,"",""
"SKU-TSH-0041","2024-03-24",44,2,7,10,188.6,"N",0.0,0.0,0.0,"",""
"SKU-CRO-0042","2024-03-24",26,1,5,10,156.0,"N",0.0,0.0,0.0,"",""
"SKU-CRO-0043","2024-03-24",0,0,6,9,0.0,"N",0.0,0.0,0.0,"",""
"SKU-JAC-0044","2024-03-24",24,1,4,5,180.0,"N",0.0,0.0,0.0,"",""
"SKU-SHI-0045","2024-03-24",37,1,5,9,222.0,"N",0.0,0.0,0.0,"",""
"SKU-JAC-0046","2024-03-24",42,1,3,7,420.0,"N",0.0,0.0,0.0,"",""
"SKU-PAN-0047","2024-03-24",19,1,4,8,142.5,"N",0.0,0.0,0.0,"",""
"SKU-CRO-0048","2024-03-24",0,2,4,6,0.0,"N",0.0,0.0,0.0,"",""
"SKU-TSH-0049","2024-03-24",42,1,6,11,210.0,"N",0.0,0.0,0.0,"",""
"SKU-SHO-0050","2024-03-24",52,2,5,6,312.0,"N",0.0,0.0,0.0,"",""
"SKU-SHI-0051","2024-03-24",0,0,2,5,0.0,"N",40.0,928.0,42.0,"2024-05-05","2024-05-05"
"SKU-SHI-0052","2024-03-24",0,1,4,7,0.0,"N",0.0,0.0,0.0,"",""
"SKU-JAC-0053","2024-03-24",0,1,5,7,0.0,"N",40.0,1660.0,44.0,"2024-05-06","2024-05-07"
"SKU-SHI-0054","2024-03-24",8,0,2,5,120.0,"N",0.0,0.0,0.0,"",""
"SKU-JAC-0055","2024-03-24",49,1,3,7,490.0,"N",0.0,0.0,0.0,"",""
"SKU-SHI-0001","2024-03-31",0,55,293,478,0.0,"N",482.0,705.0,49.0,"2024-05-16","2024-05-19"
"SKU-PAN-0002","2024-03-31",0,22,120,225,0.0,"N",0.0,0.0,0.0,"",""
"SKU-SHI-0003","2024-03-31",0,17,74,142,0.0,"N",0.0,0.0,0.0,"",""
"SKU-TSH-0004","2024-03-31",0,16,57,103,0.0,"N",0.0,0.0,0.0,"",""
"SKU-CRO-0005","2024-03-31",0,12,59,91,0.0,"N",124.0,846.0,50.0,"2024-05-20","2024-05-20"
"SKU-SHI-0006","2024-03-31",0,7,37,74,0.0,"N",0.0,0.0,0.0,"",""
"SKU-CRO-0007","2024-03-31",0,7,35,55,0.0,"N",0.0,0.0,0.0,"",""
"SKU-PAN-0008","2024-03-31",0,6,34,49,0.0,"N",0.0,0.0,0.0,"",""
"SKU-PAN-0009","2024-03-31",0,4,20,41,0.0,"N",0.0,0.0,0.0,"",""
"SKU-TSH-0010","2024-03-31",0,8,24,42,0.0,"N",0.0,0.0,0.0,"",""
"SKU-SHO-0011","2024-03-31",0,8,28,40,0.0,"N",0.0,0.0,0.0,"",""
"SKU-TSH-0012","2024-03-31",0,5,12,24,0.0,"N",0.0,0.0,0.0,"",""
"SKU-SHI-0013","2024-03-31",0,2,16,21,0.0,"N",62.0,1227.0,51.0,"2024-05-20","2024-05-21"
"SKU-CRO-0014","2024-03-31",0,3,13,25,0.0,"N",40.0,756.0,55.0,"2024-05-24","2024-05-25"
"SKU-SHI-0015","2024-03-31",0,5,14,26,0.0,"N",44.0,940.0,52.0,"2024-05-22","2024-05-22"
"SKU-PAN-0016","2024-03-31",0,2,7,14,0.0,"N",0.0,0.0,0.0,"",""
"SKU-SHI-0017","2024-03-31",0,4,10,19,0.0,"N",0.0,0.0,0.0,"",""
"SKU-PAN-0018","2024-03-31",0,1,10,17,0.0,"N",0.0,0.0,0.0,"",""
"SKU-CRO-0019","2024-03-31",0,3,9,17,0.0,"N",70.0,726.0,52.0,"2024-05-19","2024-05-22"
"SKU-PAN-0020","2024-03-31",0,2,14,19,0.0,"N",44.0,1163.0,47.0,"2024-05-14","2024-05-17"
"SKU-PAN-0021","2024-03-31",0,0,9,19,0.0,"N",0.0,0.0,0.0,"",""
"SKU-PAN-0022","2024-03-31",0,2,10,15,0.0,"N",0.0,0.0,0.0,"",""
"SKU-SHO-0023","2024-03-31",0,0,4,10,0.0,"N",0.0,0.0,0.0,"",""
"SKU-SHI-0024","2024-03-31",0,0,7,17,0.0,"N",0.0,0.0,0.0,"",""
"SKU-JAC-0025","2024-03-31",0,2,10,14,0.0,"N",0.0,0.0,0.0,"",""
"SKU-PAN-0026","2024-03-31",0,0,4,10,0.0,"N",0.0,0.0,0.0,"",""
"SKU-JAC-0027","2024-03-31",0,0,5,8,0.0,"N",46.0,1871.0,41.0,"2024-05-09","2024-05-11"
"SKU-PAN-0028","2024-03-31",0,4,8,13,0.0,"N",67.0,1317.0,61.0,"2024-05-26","2024-05-31"
"SKU-TSH-0029","2024-03-31",0,3,12,17,0.0,"N",55.0,701.0,34.0,"2024-05-04","2024-05-04"
"SKU-CRO-0030","2024-03-31",0,1,4,8,0.0,"N",0.0,0.0,0.0,"",""
"SKU-JAC-0031","2024-03-31",0,1,6,9,0.0,"N",40.0,1800.0,42.0,"2024-05-12","2024-05-12"
"SKU-TSH-0032","2024-03-31",0,2,8,12,0.0,"N",0.0,0.0,0.0,"",""
"SKU-SHO-0033","2024-03-31",0,2,4,5,0.0,"N",63.0,758.0,48.0,"2024-05-18","2024-05-18"
"SKU-PAN-0034","2024-03-31",0,2,7,11,0.0,"N",66.0,1051.0,47.0,"2024-05-12","2024-05-17"
"SKU-CRO-0035","2024-03-31",0,4,10,18,0.0,"N",40.0,721.0,55.0,"2024-05-20","2024-05-25"
"SKU-SHI-0036","2024-03-31",34,0,1,2,999.0,"N",0.0,0.0,0.0,"",""
"SKU-CRO-0037","2024-03-31",18,1,4,8,135.0,"N",0.0,0.0,0.0,"",""
"SKU-CRO-0038","2024-03-31",0,1,8,14,0.0,"N",0.0,0.0,0.0,"",""
"SKU-SHO-0039","2024-03-31",11,1,2,5,165.0,"N",0.0,0.0,0.0,"",""
"SKU-SHO-0040","2024-03-31",25,2,5,9,150.0,"N",0.0,0.0,0.0,"",""
"SKU-TSH-0041","2024-03-31",44,0,4,9,330.0,"N",0.0,0.0,0.0,"",""
"SKU-CRO-0042","2024-03-31",25,1,4,10,187.5,"N",0.0,0.0,0.0,"",""
"SKU-CRO-0043","2024-03-31",0,0,5,8,0.0,"N",0.0,0.0,0.0,"",""
"SKU-JAC-0044","2024-03-31",24,0,3,5,240.0,"N",0.0,0.0,0.0,"",""
"SKU-SHI-0045","2024-03-31",36,1,5,8,216.0,"N",0.0,0.0,0.0,"",""
"SKU-JAC-0046","2024-03-31",41,1,4,7,307.5,"N",0.0,0.0,0.0,"",""
"SKU-PAN-0047","2024-03-31",19,0,3,7,190.0,"N",0.0,0.0,0.0,"",""
"SKU-CRO-0048","2024-03-31",0,3,7,8,0.0,"N",0.0,0.0,0.0,"",""
"SKU-TSH-0049","2024-03-31",40,2,6,11,200.0,"N",0.0,0.0,0.0,"",""
"SKU-SHO-0050","2024-03-31",51,1,5,7,306.0,"N",0.0,0.0,0.0,"",""
"SKU-SHI-0051","2024-03-31",0,0,1,3,0.0,"N",0.0,0.0,0.0,"",""
"SKU-SHI-0052","2024-03-31",0,1,5,8,0.0,"N",40.0,1141.0,48.0,"2024-05-16","2024-05-18"
"SKU-JAC-0053","2024-03-31",0,0,3,5,0.0,"N",0.0,0.0,0.0,"",""
"SKU-SHI-0054","2024-03-31",7,1,3,5,70.0,"N",0.0,0.0,0.0,"",""
"SKU-JAC-0055","2024-03-31",47,2,5,8,282.0,"N",0.0,0.0,0.0,"",""
"SKU-SHI-0001","2024-04-07",0,57,273,505,0.0,"N",0.0,0.0,0.0,"",""
"SKU-PAN-0002","2024-04-07",0,32,124,235,0.0,"N",238.0,982.0,31.0,"2024-05-06","2024-05-08"
"SKU-SHI-0003","2024-04-07",0,18,71,143,0.0,"N",0.0,0.0,0.0,"",""
"SKU-TSH-0004","2024-04-07",0,13,59,110,0.0,"N",0.0,0.0,0.0,"",""
"SKU-CRO-0005","2024-04-07",0,13,54,91,0.0,"N",0.0,0.0,0.0,"",""
"SKU-SHI-0006","2024-04-07",0,9,40,78,0.0,"N",0.0,0.0,0.0,"",""
"SKU-CRO-0007","2024-04-07",0,10,37,61,0.0,"N",110.0,818.0,33.0,"2024-05-08","2024-05-10"
"SKU-PAN-0008","2024-04-07",0,6,26,52,0.0,"N",0.0,0.0,0.0,"",""
"SKU-PAN-0009","2024-04-07",0,5,20,37,0.0,"N",0.0,0.0,0.0,"",""
"SKU-TSH-0010","2024-04-07",0,7,30,49,0.0,"N",0.0,0.0,0.0,"",""
"SKU-SHO-0011","2024-04-07",0,9,32,47,0.0,"N",0.0,0.0,0.0,"",""
"SKU-TSH-0012","2024-04-07",0,1,11,22,0.0,"N",68.0,715.0,36.0,"2024-05-08","2024-05-13"
"SKU-SHI-0013","2024-04-07",0,1,14,21,0.0,"N",0.0,0.0,0.0,"",""
"SKU-CRO-0014","2024-04-07",0,4,14,25,0.0,"N",0.0,0.0,0.0,"",""
"SKU-SHI-0015","2024-04-07",0,3,12,27,0.0,"N",0.0,0.0,0.0,"",""
"SKU-PAN-0016","2024-04-07",0,3,8,15,0.0,"N",0.0,0.0,0.0,"",""
"SKU-SHI-0017","2024-04-07",0,4,12,20,0.0,"N",40.0,842.0,49.0,"2024-05-26","2024-05-26"
"SKU-PAN-0018","2024-04-07",0,2,8,16,0.0,"N",0.0,0.0,0.0,"",""
"SKU-CRO-0019","2024-04-07",0,2,10,15,0.0,"N",0.0,0.0,0.0,"",""
"SKU-PAN-0020","2024-04-07",0,1,9,20,0.0,"N",0.0,0.0,0.0,"",""
"SKU-PAN-0021","2024-04-07",0,4,12,20,0.0,"N",60.0,1216.0,41.0,"2024-05-17","2024-05-18"
"SKU-PAN-0022","2024-04-07",0,1,9,15,0.0,"N",0.0,0.0,0.0,"",""
"SKU-SHO-0023","2024-04-07",0,1,4,11,0.0,"N",57.0,668.0,36.0,"2024-05-08","2024-05-13"
"SKU-SHI-0024","2024-04-07",0,2,5,19,0.0,"N",66.0,854.0,57.0,"2024-06-01","2024-06-03"
"SKU-JAC-0025","2024-04-07",0,1,8,15,0.0,"N",40.0,1639.0,41.0,"2024-05-15","2024-05-18"
"SKU-PAN-0026","2024-04-07",0,2,4,11,0.0,"N",0.0,0.0,0.0,"",""
"SKU-JAC-0027","2024-04-07",0,0,4,7,0.0,"N",0.0,0.0,0.0,"",""
"SKU-PAN-0028","2024-04-07",0,1,9,13,0.0,"N",0.0,0.0,0.0,"",""
"SKU-TSH-0029","2024-04-07",0,1,12,17,0.0,"N",0.0,0.0,0.0,"",""
"SKU-CRO-0030","2024-04-07",0,1,4,8,0.0,"N",0.0,0.0,0.0,"",""
"SKU-JAC-0031","2024-04-07",0,1,5,10,0.0,"N",0.0,0.0,0.0,"",""
"SKU-TSH-0032","2024-04-07",0,4,11,16,0.0,"N",40.0,627.0,56.0,"2024-05-31","2024-06-02"
"SKU-SHO-0033","2024-04-07",0,1,4,6,0.0,"N",0.0,0.0,0.0,"",""
"SKU-PAN-0034","2024-04-07",0,1,6,10,0.0,"N",0.0,0.0,0.0,"",""
"SKU-CRO-0035","2024-04-07",0,0,8,16,0.0,"N",0.0,0.0,0.0,"",""
"SKU-SHI-0036","2024-04-07",33,1,2,3,495.0,"N",0.0,0.0,0.0,"",""
"SKU-CRO-0037","2024-04-07",17,1,5,8,102.0,"N",0.0,0.0,0.0,"",""
"SKU-CRO-0038","2024-04-07",0,1,6,13,0.0,"N",0.0,0.0,0.0,"",""
"SKU-SHO-0039","2024-04-07",11,0,2,4,165.0,"N",0.0,0.0,0.0,"",""
"SKU-SHO-0040","2024-04-07",24,1,3,8,240.0,"N",0.0,0.0,0.0,"",""
"SKU-TSH-0041","2024-04-07",43,1,4,9,322.5,"N",0.0,0.0,0.0,"",""
"SKU-CRO-0042","2024-04-07",23,2,5,11,138.0,"N",0.0,0.0,0.0,"",""
"SKU-CRO-0043","2024-04-07",0,2,5,8,0.0,"N",0.0,0.0,0.0,"",""
"SKU-JAC-0044","2024-04-07",22,2,5,7,132.0,"N",0.0,0.0,0.0,"",""
"SKU-SHI-0045","2024-04-07",35,1,4,9,262.5,"N",0.0,0.0,0.0,"",""
"SKU-JAC-0046","2024-04-07",40,1,4,6,300.0,"N",0.0,0.0,0.0,"",""
"SKU-PAN-0047","2024-04-07",17,2,5,8,102.0,"N",0.0,0.0,0.0,"",""
"SKU-CRO-0048","2024-04-07",0,0,6,8,0.0,"N",60.0,736.0,38.0,"2024-05-13","2024-05-15"
"SKU-TSH-0049","2024-04-07",40,0,5,11,240.0,"N",0.0,0.0,0.0,"",""
"SKU-SHO-0050","2024-04-07",49,2,7,9,210.0,"N",0.0,0.0,0.0,"",""
"SKU-SHI-0051","2024-04-07",0,4,5,7,0.0,"N",0.0,0.0,0.0,"",""
"SKU-SHI-0052","2024-04-07",0,0,4,8,0.0,"N",0.0,0.0,0.0,"",""
"SKU-JAC-0053","2024-04-07",0,0,2,5,0.0,"N",0.0,0.0,0.0,"",""
"SKU-SHI-0054","2024-04-07",5,2,5,7,30.0,"N",0.0,0.0,0.0,"",""
"SKU-JAC-0055","2024-04-07",46,1,6,8,230.0,"N",0.0,0.0,0.0,"",""
"SKU-SHI-0001","2024-04-14",0,72,271,535,0.0,"N",0.0,0.0,0.0,"",""
"SKU-PAN-0002","2024-04-14",0,35,134,249,0.0,"N",0.0,0.0,0.0,"",""
"SKU-SHI-0003","2024-04-14",0,16,70,148,0.0,"N",149.0,1004.0,46.0,"2024-05-27","2024-05-30"
"SKU-TSH-0004","2024-04-14",0,11,60,111,0.0,"N",0.0,0.0,0.0,"",""
"SKU-CRO-0005","2024-04-14",0,8,47,93,0.0,"N",0.0,0.0,0.0,"",""
"SKU-SHI-0006","2024-04-14",0,14,41,84,0.0,"N",0.0,0.0,0.0,"",""
"SKU-CRO-0007","2024-04-14",0,3,34,62,0.0,"N",0.0,0.0,0.0,"",""
"SKU-PAN-0008","2024-04-14",0,7,28,54,0.0,"N",0.0,0.0,0.0,"",""
"SKU-PAN-0009","2024-04-14",0,8,25,42,0.0,"N",0.0,0.0,0.0,"",""
"SKU-TSH-0010","2024-04-14",0,3,27,46,0.0,"N",0.0,0.0,0.0,"",""
"SKU-SHO-0011","2024-04-14",0,4,30,50,0.0,"N",0.0,0.0,0.0,"",""
"SKU-TSH-0012","2024-04-14",0,3,13,25,0.0,"N",0.0,0.0,0.0,"",""
"SKU-SHI-0013","2024-04-14",0,2,11,22,0.0,"N",0.0,0.0,0.0,"",""
"SKU-CRO-0014","2024-04-14",0,3,15,25,0.0,"N",0.0,0.0,0.0,"",""
"SKU-SHI-0015","2024-04-14",0,4,12,28,0.0,"N",0.0,0.0,0.0,"",""
"SKU-PAN-0016","2024-04-14",0,2,9,15,0.0,"N",0.0,0.0,0.0,"",""
"SKU-SHI-0017","2024-04-14",0,2,12,20,0.0,"N",0.0,0.0,0.0,"",""
"SKU-PAN-0018","2024-04-14",0,2,7,17,0.0,"N",0.0,0.0,0.0,"",""
"SKU-CRO-0019","2024-04-14",0,4,14,19,0.0,"N",0.0,0.0,0.0,"",""
"SKU-PAN-0020","2024-04-14",0,3,10,23,0.0,"N",0.0,0.0,0.0,"",""
"SKU-PAN-0021","2024-04-14",0,1,11,19,0.0,"N",0.0,0.0,0.0,"",""
"SKU-PAN-0022","2024-04-14",0,1,7,15,0.0,"N",40.0,1076.0,39.0,"2024-05-23","2024-05-23"
"SKU-SHO-0023","2024-04-14",0,2,5,12,0.0,"N",0.0,0.0,0.0,"",""
"SKU-SHI-0024","2024-04-14",0,2,6,18,0.0,"N",0.0,0.0,0.0,"",""
"SKU-JAC-0025","2024-04-14",0,3,7,18,0.0,"N",0.0,0.0,0.0,"",""
"SKU-PAN-0026","2024-04-14",0,3,5,14,0.0,"N",0.0,0.0,0.0,"",""
"SKU-JAC-0027","2024-04-14",0,2,3,9,0.0,"N",0.0,0.0,0.0,"",""
"SKU-PAN-0028","2024-04-14",0,2,10,13,0.0,"N",0.0,0.0,0.0,"",""
"SKU-TSH-0029","2024-04-14",0,2,10,18,0.0,"N",0.0,0.0,0.0,"",""
"SKU-CRO-0030","2024-04-14",0,4,7,10,0.0,"N",0.0,0.0,0.0,"",""
"SKU-JAC-0031","2024-04-14",0,1,5,10,0.0,"N",0.0,0.0,0.0,"",""
"SKU-TSH-0032","2024-04-14",0,1,11,17,0.0,"N",0.0,0.0,0.0,"",""
"SKU-SHO-0033","2024-04-14",0,1,4,7,0.0,"N",0.0,0.0,0.0,"",""
"SKU-PAN-0034","2024-04-14",0,3,7,11,0.0,"N",0.0,0.0,0.0,"",""
"SKU-CRO-0035","2024-04-14",0,1,6,17,0.0,"N",0.0,0.0,0.0,"",""
"SKU-SHI-0036","2024-04-14",33,0,2,2,495.0,"N",0.0,0.0,0.0,"",""
"SKU-CRO-0037","2024-04-14",15,2,7,9,64.3,"N",0.0,0.0,0.0,"",""
"SKU-CRO-0038","2024-04-14",0,3,8,15,0.0,"N",0.0,0.0,0.0,"",""
"SKU-SHO-0039","2024-04-14",9,2,4,6,67.5,"N",0.0,0.0,0.0,"",""
"SKU-SHO-0040","2024-04-14",23,1,4,8,172.5,"N",0.0,0.0,0.0,"",""
"SKU-TSH-0041","2024-04-14",42,1,4,10,315.0,"N",0.0,0.0,0.0,"",""
"SKU-CRO-0042","2024-04-14",22,1,5,11,132.0,"N",0.0,0.0,0.0,"",""
"SKU-CRO-0043","2024-04-14",0,3,6,11,0.0,"N",40.0,677.0,44.0,"2024-05-28","2024-05-28"
"SKU-JAC-0044","2024-04-14",21,1,4,8,157.5,"N",0.0,0.0,0.0,"",""
"SKU-SHI-0045","2024-04-14",34,1,4,9,255.0,"N",0.0,0.0,0.0,"",""
"SKU-JAC-0046","2024-04-14",39,1,4,6,292.5,"N",0.0,0.0,0.0,"",""
"SKU-PAN-0047","2024-04-14",15,2,6,9,75.0,"N",0.0,0.0,0.0,"",""
"SKU-CRO-0048","2024-04-14",0,0,5,7,0.0,"N",0.0,0.0,0.0,"",""
"SKU-TSH-0049","2024-04-14",38,2,5,10,228.0,"N",0.0,0.0,0.0,"",""
"SKU-SHO-0050","2024-04-14",49,0,5,8,294.0,"N",0.0,0.0,0.0,"",""
"SKU-SHI-0051","2024-04-14",0,4,8,11,0.0,"N",0.0,0.0,0.0,"",""
"SKU-SHI-0052","2024-04-14",0,0,3,8,0.0,"N",0.0,0.0,0.0,"",""
"SKU-JAC-0053","2024-04-14",0,1,3,6,0.0,"N",0.0,0.0,0.0,"",""
"SKU-SHI-0054","2024-04-14",4,1,4,6,30.0,"N",0.0,0.0,0.0,"",""
"SKU-JAC-0055","2024-04-14",44,2,7,8,188.6,"N",0.0,0.0,0.0,"",""
"SKU-SHI-0001","2024-04-21",0,88,290,584,0.0,"N",0.0,0.0,0.0,"",""
"SKU-PAN-0002","2024-04-21",0,39,139,260,0.0,"N",0.0,0.0,0.0,"",""
"SKU-SHI-0003","2024-04-21",0,22,75,153,0.0,"N",0.0,0.0,0.0,"",""
"SKU-TSH-0004","2024-04-21",0,18,63,113,0.0,"N",108.0,539.0,35.0,"2024-05-26","2024-05-26"
"SKU-CRO-0005","2024-04-21",0,9,46,97,0.0,"N",0.0,0.0,0.0,"",""
"SKU-SHI-0006","2024-04-21",0,6,38,79,0.0,"N",115.0,1097.0,39.0,"2024-05-29","2024-05-30"
"SKU-CRO-0007","2024-04-21",0,15,38,72,0.0,"N",0.0,0.0,0.0,"",""
"SKU-PAN-0008","2024-04-21",0,6,26,58,0.0,"N",97.0,1152.0,36.0,"2024-05-24","2024-05-27"
"SKU-PAN-0009","2024-04-21",0,9,26,47,0.0,"N",65.0,1008.0,40.0,"2024-05-31","2024-05-31"
"SKU-TSH-0010","2024-04-21",0,4,26,48,0.0,"N",99.0,782.0,36.0,"2024-05-27","2024-05-27"
"SKU-SHO-0011","2024-04-21",0,10,32,58,0.0,"N",100.0,761.0,50.0,"2024-06-10","2024-06-10"
"SKU-TSH-0012","2024-04-21",0,8,17,31,0.0,"N",0.0,0.0,0.0,"",""
"SKU-SHI-0013","2024-04-21",0,4,11,25,0.0,"N",0.0,0.0,0.0,"",""
"SKU-CRO-0014","2024-04-21",0,3,15,27,0.0,"N",0.0,0.0,0.0,"",""
"SKU-SHI-0015","2024-04-21",0,5,17,31,0.0,"N",0.0,0.0,0.0,"",""
"SKU-PAN-0016","2024-04-21",0,4,11,17,0.0,"N",76.0,970.0,42.0,"2024-05-28","2024-06-02"
"SKU-SHI-0017","2024-04-21",0,8,18,28,0.0,"N",0.0,0.0,0.0,"",""
"SKU-PAN-0018","2024-04-21",0,3,9,18,0.0,"N",40.0,1176.0,30.0,"2024-05-19","2024-05-21"
"SKU-CRO-0019","2024-04-21",0,2,11,20,0.0,"N",0.0,0.0,0.0,"",""
"SKU-PAN-0020","2024-04-21",0,3,12,23,0.0,"N",0.0,0.0,0.0,"",""
"SKU-PAN-0021","2024-04-21",0,0,6,16,0.0,"N",0.0,0.0,0.0,"",""
"SKU-PAN-0022","2024-04-21",0,3,7,17,0.0,"N",0.0,0.0,0.0,"",""
"SKU-SHO-0023","2024-04-21",0,4,7,15,0.0,"N",0.0,0.0,0.0,"",""
"SKU-SHI-0024","2024-04-21",0,1,5,16,0.0,"N",0.0,0.0,0.0,"",""
"SKU-JAC-0025","2024-04-21",0,3,9,20,0.0,"N",0.0,0.0,0.0,"",""
"SKU-PAN-0026","2024-04-21",0,2,7,16,0.0,"N",40.0,1332.0,55.0,"2024-06-15","2024-06-15"
"SKU-JAC-0027","2024-04-21",0,4,6,13,0.0,"N",0.0,0.0,0.0,"",""
"SKU-PAN-0028","2024-04-21",0,1,8,13,0.0,"N",0.0,0.0,0.0,"",""
"SKU-TSH-0029","2024-04-21",0,3,11,20,0.0,"N",0.0,0.0,0.0,"",""
"SKU-CRO-0030","2024-04-21",0,1,7,11,0.0,"N",46.0,621.0,48.0,"2024-06-05","2024-06-08"
"SKU-JAC-0031","2024-04-21",0,3,7,12,0.0,"N",0.0,0.0,0.0,"",""
"SKU-TSH-0032","2024-04-21",0,5,12,21,0.0,"N",0.0,0.0,0.0,"",""
"SKU-SHO-0033","2024-04-21",0,1,5,8,0.0,"N",0.0,0.0,0.0,"",""
"SKU-PAN-0034","2024-04-21",0,3,9,14,0.0,"N",0.0,0.0,0.0,"",""
"SKU-CRO-0035","2024-04-21",0,1,6,16,0.0,"N",0.0,0.0,0.0,"",""
"SKU-SHI-0036","2024-04-21",32,1,3,3,320.0,"N",0.0,0.0,0.0,"",""
"SKU-CRO-0037","2024-04-21",13,2,6,10,65.0,"N",0.0,0.0,0.0,"",""
"SKU-CRO-0038","2024-04-21",0,2,9,16,0.0,"N",50.0,1060.0,52.0,"2024-06-12","2024-06-12"
"SKU-SHO-0039","2024-04-21",9,0,3,6,90.0,"N",0.0,0.0,0.0,"",""
"SKU-SHO-0040","2024-04-21",23,0,4,8,172.5,"N",0.0,0.0,0.0,"",""
"SKU-TSH-0041","2024-04-21",42,0,2,9,630.0,"N",0.0,0.0,0.0,"",""
"SKU-CRO-0042","2024-04-21",20,2,6,11,100.0,"N",0.0,0.0,0.0,"",""
"SKU-CRO-0043","2024-04-21",0,2,7,13,0.0,"N",0.0,0.0,0.0,"",""
"SKU-JAC-0044","2024-04-21",20,1,4,8,150.0,"N",0.0,0.0,0.0,"",""
"SKU-SHI-0045","2024-04-21",34,0,4,8,255.0,"N",0.0,0.0,0.0,"",""
"SKU-JAC-0046","2024-04-21",37,2,5,8,222.0,"N",0.0,0.0,0.0,"",""
"SKU-PAN-0047","2024-04-21",14,1,6,9,70.0,"N",0.0,0.0,0.0,"",""
"SKU-CRO-0048","2024-04-21",0,2,6,9,0.0,"N",0.0,0.0,0.0,"",""
"SKU-TSH-0049","2024-04-21",36,2,6,12,180.0,"N",0.0,0.0,0.0,"",""
"SKU-SHO-0050","2024-04-21",46,3,7,11,197.1,"N",0.0,0.0,0.0,"",""
"SKU-SHI-0051","2024-04-21",0,1,9,11,0.0,"N",62.0,928.0,34.0,"2024-05-25","2024-05-25"
"SKU-SHI-0052","2024-04-21",0,1,2,7,0.0,"N",0.0,0.0,0.0,"",""
"SKU-JAC-0053","2024-04-21",0,2,3,8,0.0,"N",40.0,1660.0,61.0,"2024-06-16","2024-06-21"
"SKU-SHI-0054","2024-04-21",1,3,7,9,4.3,"N",70.0,963.0,42.0,"2024-05-30","2024-06-02"
"SKU-JAC-0055","2024-04-21",43,1,6,9,215.0,"N",0.0,0.0,0.0,"",""
"SKU-SHI-0001","2024-04-28",0,63,304,603,0.0,"N",506.0,705.0,52.0,"2024-06-14","2024-06-19"
"SKU-PAN-0002","2024-04-28",0,27,135,258,0.0,"N",0.0,0.0,0.0,"",""
"SKU-SHI-0003","2024-04-28",0,26,93,166,0.0,"N",0.0,0.0,0.0,"",""
"SKU-TSH-0004","2024-04-28",0,7,51,111,0.0,"N",0.0,0.0,0.0,"",""
"SKU-CRO-0005","2024-04-28",0,10,42,100,0.0,"N",112.0,846.0,50.0,"2024-06-16","2024-06-17"
"SKU-SHI-0006","2024-04-28",0,14,45,82,0.0,"N",0.0,0.0,0.0,"",""
"SKU-CRO-0007","2024-04-28",0,10,40,78,0.0,"N",0.0,0.0,0.0,"",""
"SKU-PAN-0008","2024-04-28",0,6,26,59,0.0,"N",0.0,0.0,0.0,"",""
"SKU-PAN-0009","2024-04-28",0,3,25,49,0.0,"N",0.0,0.0,0.0,"",""
"SKU-TSH-0010","2024-04-28",0,7,22,47,0.0,"N",0.0,0.0,0.0,"",""
"SKU-SHO-0011","2024-04-28",0,4,30,57,0.0,"N",0.0,0.0,0.0,"",""
"SKU-TSH-0012","2024-04-28",0,8,21,34,0.0,"N",0.0,0.0,0.0,"",""
"SKU-SHI-0013","2024-04-28",0,4,12,27,0.0,"N",74.0,1227.0,43.0,"2024-06-10","2024-06-10"
"SKU-CRO-0014","2024-04-28",0,4,14,28,0.0,"N",49.0,756.0,38.0,"2024-06-05","2024-06-05"
"SKU-SHI-0015","2024-04-28",0,4,19,32,0.0,"N",48.0,940.0,45.0,"2024-06-11","2024-06-12"
"SKU-PAN-0016","2024-04-28",0,0,9,16,0.0,"N",0.0,0.0,0.0,"",""
"SKU-SHI-0017","2024-04-28",0,2,18,28,0.0,"N",0.0,0.0,0.0,"",""
"SKU-PAN-0018","2024-04-28",0,1,9,19,0.0,"N",0.0,0.0,0.0,"",""
"SKU-CRO-0019","2024-04-28",0,4,12,22,0.0,"N",72.0,726.0,38.0,"2024-06-05","2024-06-05"
"SKU-PAN-0020","2024-04-28",0,2,10,23,0.0,"N",41.0,1163.0,54.0,"2024-06-18","2024-06-21"
"SKU-PAN-0021","2024-04-28",0,1,6,16,0.0,"N",0.0,0.0,0.0,"",""
"SKU-PAN-0022","2024-04-28",0,1,7,16,0.0,"N",0.0,0.0,0.0,"",""
"SKU-SHO-0023","2024-04-28",0,2,9,14,0.0,"N",0.0,0.0,0.0,"",""
"SKU-SHI-0024","2024-04-28",0,3,8,16,0.0,"N",0.0,0.0,0.0,"",""
"SKU-JAC-0025","2024-04-28",0,1,9,18,0.0,"N",0.0,0.0,0.0,"",""
"SKU-PAN-0026","2024-04-28",0,1,8,13,0.0,"N",0.0,0.0,0.0,"",""
"SKU-JAC-0027","2024-04-28",0,0,6,11,0.0,"N",40.0,1871.0,36.0,"2024-05-29","2024-06-03"
"SKU-PAN-0028","2024-04-28",0,0,6,12,0.0,"N",58.0,1317.0,49.0,"2024-06-15","2024-06-16"
"SKU-TSH-0029","2024-04-28",0,4,13,22,0.0,"N",76.0,701.0,46.0,"2024-06-08","2024-06-13"
"SKU-CRO-0030","2024-04-28",0,3,9,13,0.0,"N",0.0,0.0,0.0,"",""
"SKU-JAC-0031","2024-04-28",0,0,6,12,0.0,"N",65.0,1800.0,41.0,"2024-06-06","2024-06-08"
"SKU-TSH-0032","2024-04-28",0,0,11,18,0.0,"N",0.0,0.0,0.0,"",""
"SKU-SHO-0033","2024-04-28",0,2,5,9,0.0,"N",68.0,758.0,37.0,"2024-06-04","2024-06-04"
"SKU-PAN-0034","2024-04-28",0,1,8,15,0.0,"N",45.0,1051.0,33.0,"2024-05-29","2024-05-31"
"SKU-CRO-0035","2024-04-28",0,3,7,16,0.0,"N",48.0,721.0,40.0,"2024-06-04","2024-06-07"
"SKU-SHI-0036","2024-04-28",31,1,3,4,310.0,"N",0.0,0.0,0.0,"",""
"SKU-CRO-0037","2024-04-28",12,1,7,10,51.4,"N",0.0,0.0,0.0,"",""
"SKU-CRO-0038","2024-04-28",0,0,6,14,0.0,"N",0.0,0.0,0.0,"",""
"SKU-SHO-0039","2024-04-28",6,3,5,8,36.0,"N",0.0,0.0,0.0,"",""
"SKU-SHO-0040","2024-04-28",23,0,3,7,230.0,"N",0.0,0.0,0.0,"",""
"SKU-TSH-0041","2024-04-28",41,1,3,8,410.0,"N",0.0,0.0,0.0,"",""
"SKU-CRO-0042","2024-04-28",19,1,7,11,81.4,"N",0.0,0.0,0.0,"",""
"SKU-CRO-0043","2024-04-28",0,0,7,12,0.0,"N",0.0,0.0,0.0,"",""
"SKU-JAC-0044","2024-04-28",20,0,4,8,150.0,"N",0.0,0.0,0.0,"",""
"SKU-SHI-0045","2024-04-28",34,0,2,7,510.0,"N",0.0,0.0,0.0,"",""
"SKU-JAC-0046","2024-04-28",35,2,6,10,175.0,"N",0.0,0.0,0.0,"",""
"SKU-PAN-0047","2024-04-28",13,1,6,10,65.0,"N",0.0,0.0,0.0,"",""
"SKU-CRO-0048","2024-04-28",0,0,4,9,0.0,"N",0.0,0.0,0.0,"",""
"SKU-TSH-0049","2024-04-28",36,0,4,10,270.0,"N",0.0,0.0,0.0,"",""
"SKU-SHO-0050","2024-04-28",46,0,5,10,276.0,"N",0.0,0.0,0.0,"",""
"SKU-SHI-0051","2024-04-28",0,1,10,11,0.0,"N",0.0,0.0,0.0,"",""
"SKU-SHI-0052","2024-04-28",0,2,3,8,0.0,"N",46.0,1141.0,32.0,"2024-05-30","2024-05-30"
"SKU-JAC-0053","2024-04-28",0,0,3,6,0.0,"N",0.0,0.0,0.0,"",""
"SKU-SHI-0054","2024-04-28",0,1,8,10,0.0,"N",0.0,0.0,0.0,"",""
"SKU-JAC-0055","2024-04-28",42,1,6,10,210.0,"N",0.0,0.0,0.0,"",""
"SKU-SHI-0001","2024-05-05",0,48,290,558,0.0,"N",0.0,0.0,0.0,"",""
"SKU-PAN-0002","2024-05-05",0,18,134,250,0.0,"N",232.0,982.0,53.0,"2024-06-27","2024-06-27"
"SKU-SHI-0003","2024-05-05",0,11,77,154,0.0,"N",0.0,0.0,0.0,"",""
"SKU-TSH-0004","2024-05-05",0,15,53,112,0.0,"N",0.0,0.0,0.0,"",""
"SKU-CRO-0005","2024-05-05",0,7,36,91,0.0,"N",0.0,0.0,0.0,"",""
"SKU-SHI-0006","2024-05-05",0,8,46,83,0.0,"N",0.0,0.0,0.0,"",""
"SKU-CRO-0007","2024-05-05",0,7,37,72,0.0,"N",66.0,818.0,56.0,"2024-06-29","2024-06-30"
"SKU-PAN-0008","2024-05-05",0,2,23,51,0.0,"N",0.0,0.0,0.0,"",""
"SKU-PAN-0009","2024-05-05",0,4,27,45,0.0,"N",0.0,0.0,0.0,"",""
"SKU-TSH-0010","2024-05-05",0,6,23,50,0.0,"N",0.0,0.0,0.0,"",""
"SKU-SHO-0011","2024-05-05",0,8,29,60,0.0,"N",0.0,0.0,0.0,"",""
"SKU-TSH-0012","2024-05-05",0,3,22,33,0.0,"N",57.0,715.0,47.0,"2024-06-18","2024-06-21"
"SKU-SHI-0013","2024-05-05",0,4,15,30,0.0,"N",0.0,0.0,0.0,"",""
"SKU-CRO-0014","2024-05-05",0,1,13,25,0.0,"N",0.0,0.0,0.0,"",""
"SKU-SHI-0015","2024-05-05",0,1,15,29,0.0,"N",0.0,0.0,0.0,"",""
"SKU-PAN-0016","2024-05-05",0,2,9,16,0.0,"N",0.0,0.0,0.0,"",""
"SKU-SHI-0017","2024-05-05",0,3,16,27,0.0,"N",40.0,842.0,40.0,"2024-06-14","2024-06-14"
"SKU-PAN-0018","2024-05-05",0,1,8,15,0.0,"N",0.0,0.0,0.0,"",""
"SKU-CRO-0019","2024-05-05",0,1,11,22,0.0,"N",0.0,0.0,0.0,"",""
"SKU-PAN-0020","2024-05-05",0,1,9,20,0.0,"N",0.0,0.0,0.0,"",""
"SKU-PAN-0021","2024-05-05",0,1,4,15,0.0,"N",65.0,1216.0,36.0,"2024-06-07","2024-06-10"
"SKU-PAN-0022","2024-05-05",0,1,6,15,0.0,"N",0.0,0.0,0.0,"",""
"SKU-SHO-0023","2024-05-05",0,0,8,13,0.0,"N",54.0,668.0,31.0,"2024-06-03","2024-06-05"
"SKU-SHI-0024","2024-05-05",0,1,7,14,0.0,"N",58.0,854.0,40.0,"2024-06-13","2024-06-14"
"SKU-JAC-0025","2024-05-05",0,1,8,17,0.0,"N",62.0,1639.0,37.0,"2024-06-10","2024-06-11"
"SKU-PAN-0026","2024-05-05",0,0,6,10,0.0,"N",0.0,0.0,0.0,"",""
"SKU-JAC-0027","2024-05-05",0,0,6,10,0.0,"N",0.0,0.0,0.0,"",""
"SKU-PAN-0028","2024-05-05",0,0,3,12,0.0,"N",0.0,0.0,0.0,"",""
"SKU-TSH-0029","2024-05-05",0,1,11,22,0.0,"N",0.0,0.0,0.0,"",""
"SKU-CRO-0030","2024-05-05",0,2,10,14,0.0,"N",0.0,0.0,0.0,"",""
"SKU-JAC-0031","2024-05-05",0,2,6,12,0.0,"N",0.0,0.0,0.0,"",""
"SKU-TSH-0032","2024-05-05",0,1,8,18,0.0,"N",40.0,627.0,37.0,"2024-06-11","2024-06-11"
"SKU-SHO-0033","2024-05-05",0,0,4,9,0.0,"N",0.0,0.0,0.0,"",""
"SKU-PAN-0034","2024-05-05",0,1,8,14,0.0,"N",0.0,0.0,0.0,"",""
"SKU-CRO-0035","2024-05-05",0,2,7,15,0.0,"N",0.0,0.0,0.0,"",""
"SKU-SHI-0036","2024-05-05",31,0,2,4,465.0,"N",0.0,0.0,0.0,"",""
"SKU-CRO-0037","2024-05-05",12,0,5,10,72.0,"N",0.0,0.0,0.0,"",""
"SKU-CRO-0038","2024-05-05",0,2,7,15,0.0,"N",0.0,0.0,0.0,"",""
"SKU-SHO-0039","2024-05-05",5,1,6,8,25.0,"N",0.0,0.0,0.0,"",""
"SKU-SHO-0040","2024-05-05",23,0,2,5,345.0,"N",0.0,0.0,0.0,"",""
"SKU-TSH-0041","2024-05-05",40,1,4,7,300.0,"N",0.0,0.0,0.0,"",""
"SKU-CRO-0042","2024-05-05",19,0,4,9,142.5,"N",0.0,0.0,0.0,"",""
"SKU-CRO-0043","2024-05-05",0,0,5,10,0.0,"N",0.0,0.0,0.0,"",""
"SKU-JAC-0044","2024-05-05",19,1,3,8,190.0,"N",0.0,0.0,0.0,"",""
"SKU-SHI-0045","2024-05-05",34,0,2,5,510.0,"N",0.0,0.0,0.0,"",""
"SKU-JAC-0046","2024-05-05",35,0,5,9,210.0,"N",0.0,0.0,0.0,"",""
"SKU-PAN-0047","2024-05-05",12,1,5,10,72.0,"N",0.0,0.0,0.0,"",""
"SKU-CRO-0048","2024-05-05",0,0,2,9,0.0,"N",62.0,736.0,30.0,"2024-06-04","2024-06-04"
"SKU-TSH-0049","2024-05-05",36,0,4,9,270.0,"N",0.0,0.0,0.0,"",""
"SKU-SHO-0050","2024-05-05",45,1,4,11,337.5,"N",0.0,0.0,0.0,"",""
"SKU-SHI-0051","2024-05-05",0,0,6,11,0.0,"N",0.0,0.0,0.0,"",""
"SKU-SHI-0052","2024-05-05",0,0,3,7,0.0,"N",0.0,0.0,0.0,"",""
"SKU-JAC-0053","2024-05-05",0,0,3,5,0.0,"N",0.0,0.0,0.0,"",""
"SKU-SHI-0054","2024-05-05",0,0,6,10,0.0,"N",0.0,0.0,0.0,"",""
"SKU-JAC-0055","2024-05-05",42,0,4,10,315.0,"N",0.0,0.0,0.0,"",""
"SKU-SHI-0001","2024-05-12",0,41,265,531,0.0,"N",0.0,0.0,0.0,"",""
"SKU-PAN-0002","2024-05-12",0,23,114,246,0.0,"N",0.0,0.0,0.0,"",""
"SKU-SHI-0003","2024-05-12",0,14,76,149,0.0,"N",152.0,1004.0,32.0,"2024-06-10","2024-06-13"
"SKU-TSH-0004","2024-05-12",0,12,56,116,0.0,"N",0.0,0.0,0.0,"",""
"SKU-CRO-0005","2024-05-12",0,6,38,84,0.0,"N",0.0,0.0,0.0,"",""
"SKU-SHI-0006","2024-05-12",0,3,33,76,0.0,"N",0.0,0.0,0.0,"",""
"SKU-CRO-0007","2024-05-12",0,8,40,76,0.0,"N",0.0,0.0,0.0,"",""
"SKU-PAN-0008","2024-05-12",0,10,26,53,0.0,"N",0.0,0.0,0.0,"",""
"SKU-PAN-0009","2024-05-12",0,2,21,44,0.0,"N",0.0,0.0,0.0,"",""
"SKU-TSH-0010","2024-05-12",0,5,23,50,0.0,"N",0.0,0.0,0.0,"",""
"SKU-SHO-0011","2024-05-12",0,3,26,56,0.0,"N",0.0,0.0,0.0,"",""
"SKU-TSH-0012","2024-05-12",0,3,22,35,0.0,"N",0.0,0.0,0.0,"",""
"SKU-SHI-0013","2024-05-12",0,4,18,27,0.0,"N",0.0,0.0,0.0,"",""
"SKU-CRO-0014","2024-05-12",0,2,11,26,0.0,"N",0.0,0.0,0.0,"",""
"SKU-SHI-0015","2024-05-12",0,4,14,28,0.0,"N",0.0,0.0,0.0,"",""
"SKU-PAN-0016","2024-05-12",0,1,8,16,0.0,"N",0.0,0.0,0.0,"",""
"SKU-SHI-0017","2024-05-12",0,1,15,26,0.0,"N",0.0,0.0,0.0,"",""
"SKU-PAN-0018","2024-05-12",0,1,7,14,0.0,"N",0.0,0.0,0.0,"",""
"SKU-CRO-0019","2024-05-12",0,3,11,24,0.0,"N",0.0,0.0,0.0,"",""
"SKU-PAN-0020","2024-05-12",0,1,9,17,0.0,"N",0.0,0.0,0.0,"",""
"SKU-PAN-0021","2024-05-12",0,1,4,14,0.0,"N",0.0,0.0,0.0,"",""
"SKU-PAN-0022","2024-05-12",0,1,7,14,0.0,"N",40.0,1076.0,32.0,"2024-06-10","2024-06-13"
"SKU-SHO-0023","2024-05-12",0,2,8,13,0.0,"N",0.0,0.0,0.0,"",""
"SKU-SHI-0024","2024-05-12",0,1,6,12,0.0,"N",0.0,0.0,0.0,"",""
"SKU-JAC-0025","2024-05-12",0,0,6,16,0.0,"N",0.0,0.0,0.0,"",""
"SKU-PAN-0026","2024-05-12",0,0,4,8,0.0,"N",0.0,0.0,0.0,"",""
"SKU-JAC-0027","2024-05-12",0,0,4,8,0.0,"N",0.0,0.0,0.0,"",""
"SKU-PAN-0028","2024-05-12",0,0,1,11,0.0,"N",0.0,0.0,0.0,"",""
"SKU-TSH-0029","2024-05-12",0,0,8,19,0.0,"N",0.0,0.0,0.0,"",""
"SKU-CRO-0030","2024-05-12",0,0,7,13,0.0,"N",0.0,0.0,0.0,"",""
"SKU-JAC-0031","2024-05-12",0,0,6,11,0.0,"N",0.0,0.0,0.0,"",""
"SKU-TSH-0032","2024-05-12",0,5,11,22,0.0,"N",0.0,0.0,0.0,"",""
"SKU-SHO-0033","2024-05-12",0,0,3,7,0.0,"N",0.0,0.0,0.0,"",""
"SKU-PAN-0034","2024-05-12",0,0,6,14,0.0,"N",0.0,0.0,0.0,"",""
"SKU-CRO-0035","2024-05-12",0,1,7,14,0.0,"N",0.0,0.0,0.0,"",""
"SKU-SHI-0036","2024-05-12",31,0,2,4,465.0,"N",0.0,0.0,0.0,"",""
"SKU-CRO-0037","2024-05-12",11,1,5,11,66.0,"N",0.0,0.0,0.0,"",""
"SKU-CRO-0038","2024-05-12",0,1,6,14,0.0,"N",0.0,0.0,0.0,"",""
"SKU-SHO-0039","2024-05-12",4,1,5,9,24.0,"N",0.0,0.0,0.0,"",""
"SKU-SHO-0040","2024-05-12",23,0,0,4,999.0,"N",0.0,0.0,0.0,"",""
"SKU-TSH-0041","2024-05-12",39,1,3,8,390.0,"N",0.0,0.0,0.0,"",""
"SKU-CRO-0042","2024-05-12",17,2,5,10,102.0,"N",0.0,0.0,0.0,"",""
"SKU-CRO-0043","2024-05-12",0,0,3,8,0.0,"N",40.0,677.0,38.0,"2024-06-18","2024-06-19"
"SKU-JAC-0044","2024-05-12",19,0,2,6,285.0,"N",0.0,0.0,0.0,"",""
"SKU-SHI-0045","2024-05-12",33,1,2,5,495.0,"N",0.0,0.0,0.0,"",""
"SKU-JAC-0046","2024-05-12",35,0,4,8,262.5,"N",0.0,0.0,0.0,"",""
"SKU-PAN-0047","2024-05-12",12,0,4,9,90.0,"N",0.0,0.0,0.0,"",""
"SKU-CRO-0048","2024-05-12",0,3,5,10,0.0,"N",0.0,0.0,0.0,"",""
"SKU-TSH-0049","2024-05-12",35,1,3,8,350.0,"N",0.0,0.0,0.0,"",""
"SKU-SHO-0050","2024-05-12",44,1,5,10,264.0,"N",0.0,0.0,0.0,"",""
"SKU-SHI-0051","2024-05-12",0,0,4,11,0.0,"N",0.0,0.0,0.0,"",""
"SKU-SHI-0052","2024-05-12",0,0,3,7,0.0,"N",0.0,0.0,0.0,"",""
"SKU-JAC-0053","2024-05-12",0,1,4,6,0.0,"N",0.0,0.0,0.0,"",""
"SKU-SHI-0054","2024-05-12",0,0,5,8,0.0,"N",0.0,0.0,0.0,"",""
"SKU-JAC-0055","2024-05-12",42,0,2,9,630.0,"N",0.0,0.0,0.0,"",""
"SKU-SHI-0001","2024-05-19",0,45,222,507,0.0,"N",0.0,0.0,0.0,"",""
"SKU-PAN-0002","2024-05-19",0,18,95,231,0.0,"N",0.0,0.0,0.0,"",""
"SKU-SHI-0003","2024-05-19",0,23,80,154,0.0,"N",0.0,0.0,0.0,"",""
"SKU-TSH-0004","2024-05-19",0,14,54,117,0.0,"N",107.0,539.0,49.0,"2024-07-05","2024-07-07"
"SKU-CRO-0005","2024-05-19",0,8,33,79,0.0,"N",0.0,0.0,0.0,"",""
"SKU-SHI-0006","2024-05-19",0,8,35,72,0.0,"N",94.0,1097.0,45.0,"2024-06-30","2024-07-03"
"SKU-CRO-0007","2024-05-19",0,5,34,74,0.0,"N",0.0,0.0,0.0,"",""
"SKU-PAN-0008","2024-05-19",0,4,23,49,0.0,"N",84.0,1152.0,45.0,"2024-07-02","2024-07-03"
"SKU-PAN-0009","2024-05-19",0,5,16,42,0.0,"N",45.0,1008.0,59.0,"2024-07-14","2024-07-17"
"SKU-TSH-0010","2024-05-19",0,3,21,48,0.0,"N",56.0,782.0,49.0,"2024-07-05","2024-07-07"
"SKU-SHO-0011","2024-05-19",0,2,18,50,0.0,"N",87.0,761.0,49.0,"2024-07-07","2024-07-07"
"SKU-TSH-0012","2024-05-19",0,1,16,33,0.0,"N",0.0,0.0,0.0,"",""
"SKU-SHI-0013","2024-05-19",0,4,16,29,0.0,"N",0.0,0.0,0.0,"",""
"SKU-CRO-0014","2024-05-19",0,2,10,24,0.0,"N",0.0,0.0,0.0,"",""
"SKU-SHI-0015","2024-05-19",0,6,16,32,0.0,"N",0.0,0.0,0.0,"",""
"SKU-PAN-0016","2024-05-19",0,4,8,18,0.0,"N",45.0,970.0,33.0,"2024-06-18","2024-06-21"
"SKU-SHI-0017","2024-05-19",0,4,13,28,0.0,"N",0.0,0.0,0.0,"",""
"SKU-PAN-0018","2024-05-19",0,1,4,13,0.0,"N",50.0,1176.0,47.0,"2024-07-05","2024-07-05"
"SKU-CRO-0019","2024-05-19",0,2,10,25,0.0,"N",0.0,0.0,0.0,"",""
"SKU-PAN-0020","2024-05-19",0,1,6,17,0.0,"N",0.0,0.0,0.0,"",""
"SKU-PAN-0021","2024-05-19",0,2,5,13,0.0,"N",0.0,0.0,0.0,"",""
"SKU-PAN-0022","2024-05-19",0,1,5,12,0.0,"N",0.0,0.0,0.0,"",""
"SKU-SHO-0023","2024-05-19",0,1,7,13,0.0,"N",0.0,0.0,0.0,"",""
"SKU-SHI-0024","2024-05-19",0,1,6,11,0.0,"N",0.0,0.0,0.0,"",""
"SKU-JAC-0025","2024-05-19",0,1,4,13,0.0,"N",0.0,0.0,0.0,"",""
"SKU-PAN-0026","2024-05-19",0,2,5,10,0.0,"N",58.0,1332.0,55.0,"2024-07-10","2024-07-13"
"SKU-JAC-0027","2024-05-19",0,5,7,11,0.0,"N",0.0,0.0,0.0,"",""
"SKU-PAN-0028","2024-05-19",0,1,2,11,0.0,"N",0.0,0.0,0.0,"",""
"SKU-TSH-0029","2024-05-19",0,0,6,17,0.0,"N",0.0,0.0,0.0,"",""
"SKU-CRO-0030","2024-05-19",0,3,9,15,0.0,"N",40.0,621.0,38.0,"2024-06-25","2024-06-26"
"SKU-JAC-0031","2024-05-19",0,1,3,10,0.0,"N",0.0,0.0,0.0,"",""
"SKU-TSH-0032","2024-05-19",0,0,7,19,0.0,"N",0.0,0.0,0.0,"",""
"SKU-SHO-0033","2024-05-19",0,1,3,8,0.0,"N",0.0,0.0,0.0,"",""
"SKU-PAN-0034","2024-05-19",0,0,2,11,0.0,"N",0.0,0.0,0.0,"",""
"SKU-CRO-0035","2024-05-19",0,1,7,14,0.0,"N",0.0,0.0,0.0,"",""
"SKU-SHI-0036","2024-05-19",30,1,2,5,450.0,"N",0.0,0.0,0.0,"",""
"SKU-CRO-0037","2024-05-19",10,1,3,9,100.0,"N",0.0,0.0,0.0,"",""
"SKU-CRO-0038","2024-05-19",0,0,3,13,0.0,"N",40.0,1060.0,41.0,"2024-06-26","2024-06-29"
"SKU-SHO-0039","2024-05-19",1,3,8,11,3.8,"N",64.0,809.0,38.0,"2024-06-26","2024-06-26"
"SKU-SHO-0040","2024-05-19",23,0,0,4,999.0,"N",0.0,0.0,0.0,"",""
"SKU-TSH-0041","2024-05-19",38,1,4,7,285.0,"N",0.0,0.0,0.0,"",""
"SKU-CRO-0042","2024-05-19",17,0,3,10,170.0,"N",0.0,0.0,0.0,"",""
"SKU-CRO-0043","2024-05-19",0,0,0,7,999.0,"N",0.0,0.0,0.0,"",""
"SKU-JAC-0044","2024-05-19",19,0,1,5,570.0,"N",0.0,0.0,0.0,"",""
"SKU-SHI-0045","2024-05-19",31,2,3,7,310.0,"N",0.0,0.0,0.0,"",""
"SKU-JAC-0046","2024-05-19",35,0,3,8,350.0,"N",0.0,0.0,0.0,"",""
"SKU-PAN-0047","2024-05-19",12,0,2,8,180.0,"N",0.0,0.0,0.0,"",""
"SKU-CRO-0048","2024-05-19",0,1,5,10,0.0,"N",0.0,0.0,0.0,"",""
"SKU-TSH-0049","2024-05-19",35,0,1,7,999.0,"N",0.0,0.0,0.0,"",""
"SKU-SHO-0050","2024-05-19",44,0,4,9,330.0,"N",0.0,0.0,0.0,"",""
"SKU-SHI-0051","2024-05-19",0,4,5,14,0.0,"N",40.0,928.0,39.0,"2024-06-27","2024-06-27"
"SKU-SHI-0052","2024-05-19",0,0,2,4,0.0,"N",0.0,0.0,0.0,"",""
"SKU-JAC-0053","2024-05-19",0,0,3,5,0.0,"N",40.0,1660.0,35.0,"2024-06-21","2024-06-23"
"SKU-SHI-0054","2024-05-19",0,1,4,9,0.0,"N",40.0,963.0,40.0,"2024-06-28","2024-06-28"
"SKU-JAC-0055","2024-05-19",42,0,1,7,999.0,"N",0.0,0.0,0.0,"",""
"SKU-SHI-0001","2024-05-26",0,39,200,490,0.0,"N",328.0,705.0,31.0,"2024-06-24","2024-06-26"
"SKU-PAN-0002","2024-05-26",0,13,77,211,0.0,"N",0.0,0.0,0.0,"",""
"SKU-SHI-0003","2024-05-26",0,9,67,151,0.0,"N",0.0,0.0,0.0,"",""
"SKU-TSH-0004","2024-05-26",0,6,49,104,0.0,"N",0.0,0.0,0.0,"",""
"SKU-CRO-0005","2024-05-26",0,5,30,70,0.0,"N",100.0,846.0,33.0,"2024-06-28","2024-06-28"
"SKU-SHI-0006","2024-05-26",0,4,28,70,0.0,"N",0.0,0.0,0.0,"",""
"SKU-CRO-0007","2024-05-26",0,4,29,67,0.0,"N",0.0,0.0,0.0,"",""
"SKU-PAN-0008","2024-05-26",0,5,22,49,0.0,"N",0.0,0.0,0.0,"",""
"SKU-PAN-0009","2024-05-26",0,2,14,39,0.0,"N",0.0,0.0,0.0,"",""
"SKU-TSH-0010","2024-05-26",0,4,21,42,0.0,"N",0.0,0.0,0.0,"",""
"SKU-SHO-0011","2024-05-26",0,1,15,46,0.0,"N",0.0,0.0,0.0,"",""
"SKU-TSH-0012","2024-05-26",0,2,15,31,0.0,"N",0.0,0.0,0.0,"",""
"SKU-SHI-0013","2024-05-26",0,3,15,27,0.0,"N",58.0,1227.0,43.0,"2024-07-03","2024-07-08"
"SKU-CRO-0014","2024-05-26",0,3,8,23,0.0,"N",48.0,756.0,30.0,"2024-06-25","2024-06-25"
"SKU-SHI-0015","2024-05-26",0,4,16,36,0.0,"N",69.0,940.0,29.0,"2024-06-24","2024-06-24"
"SKU-PAN-0016","2024-05-26",0,3,10,20,0.0,"N",0.0,0.0,0.0,"",""
"SKU-SHI-0017","2024-05-26",0,3,13,30,0.0,"N",0.0,0.0,0.0,"",""
"SKU-PAN-0018","2024-05-26",0,0,3,12,0.0,"N",0.0,0.0,0.0,"",""
"SKU-CRO-0019","2024-05-26",0,1,7,21,0.0,"N",66.0,726.0,51.0,"2024-07-16","2024-07-16"
"SKU-PAN-0020","2024-05-26",0,1,5,14,0.0,"N",64.0,1163.0,55.0,"2024-07-17","2024-07-20"
"SKU-PAN-0021","2024-05-26",0,2,6,12,0.0,"N",0.0,0.0,0.0,"",""
"SKU-PAN-0022","2024-05-26",0,0,3,10,0.0,"N",0.0,0.0,0.0,"",""
"SKU-SHO-0023","2024-05-26",0,3,6,15,0.0,"N",0.0,0.0,0.0,"",""
"SKU-SHI-0024","2024-05-26",0,2,6,13,0.0,"N",0.0,0.0,0.0,"",""
"SKU-JAC-0025","2024-05-26",0,1,3,12,0.0,"N",0.0,0.0,0.0,"",""
"SKU-PAN-0026","2024-05-26",0,0,3,10,0.0,"N",0.0,0.0,0.0,"",""
"SKU-JAC-0027","2024-05-26",0,2,7,13,0.0,"N",40.0,1871.0,47.0,"2024-07-09","2024-07-12"
"SKU-PAN-0028","2024-05-26",0,0,1,8,0.0,"N",44.0,1317.0,33.0,"2024-06-28","2024-06-28"
"SKU-TSH-0029","2024-05-26",0,1,2,15,0.0,"N",61.0,701.0,37.0,"2024-06-29","2024-07-02"
"SKU-CRO-0030","2024-05-26",0,0,6,15,0.0,"N",0.0,0.0,0.0,"",""
"SKU-JAC-0031","2024-05-26",0,3,6,12,0.0,"N",40.0,1800.0,29.0,"2024-06-23","2024-06-24"
"SKU-TSH-0032","2024-05-26",0,0,6,17,0.0,"N",0.0,0.0,0.0,"",""
"SKU-SHO-0033","2024-05-26",0,0,2,7,0.0,"N",40.0,758.0,31.0,"2024-06-25","2024-06-26"
"SKU-PAN-0034","2024-05-26",0,1,3,10,0.0,"N",60.0,1051.0,36.0,"2024-07-01","2024-07-01"
"SKU-CRO-0035","2024-05-26",0,1,7,13,0.0,"N",70.0,721.0,43.0,"2024-07-07","2024-07-08"
"SKU-SHI-0036","2024-05-26",28,2,3,6,280.0,"N",0.0,0.0,0.0,"",""
"SKU-CRO-0037","2024-05-26",9,1,3,10,90.0,"N",0.0,0.0,0.0,"",""
"SKU-CRO-0038","2024-05-26",0,0,3,9,0.0,"N",0.0,0.0,0.0,"",""
"SKU-SHO-0039","2024-05-26",0,1,7,12,0.0,"N",0.0,0.0,0.0,"",""
"SKU-SHO-0040","2024-05-26",21,2,2,5,315.0,"N",0.0,0.0,0.0,"",""
"SKU-TSH-0041","2024-05-26",38,0,4,6,285.0,"N",0.0,0.0,0.0,"",""
"SKU-CRO-0042","2024-05-26",15,2,4,11,112.5,"N",0.0,0.0,0.0,"",""
"SKU-CRO-0043","2024-05-26",0,0,0,7,999.0,"N",0.0,0.0,0.0,"",""
"SKU-JAC-0044","2024-05-26",18,1,2,6,270.0,"N",0.0,0.0,0.0,"",""
"SKU-SHI-0045","2024-05-26",31,0,3,5,310.0,"N",0.0,0.0,0.0,"",""
"SKU-JAC-0046","2024-05-26",33,2,2,9,495.0,"N",0.0,0.0,0.0,"",""
"SKU-PAN-0047","2024-05-26",12,0,1,7,360.0,"N",0.0,0.0,0.0,"",""
"SKU-CRO-0048","2024-05-26",0,2,6,11,0.0,"N",0.0,0.0,0.0,"",""
"SKU-TSH-0049","2024-05-26",35,0,1,5,999.0,"N",0.0,0.0,0.0,"",""
"SKU-SHO-0050","2024-05-26",44,0,2,7,660.0,"N",0.0,0.0,0.0,"",""
"SKU-SHI-0051","2024-05-26",0,0,5,14,0.0,"N",0.0,0.0,0.0,"",""
"SKU-SHI-0052","2024-05-26",0,0,1,3,0.0,"N",58.0,1141.0,44.0,"2024-07-07","2024-07-09"
"SKU-JAC-0053","2024-05-26",0,0,1,4,0.0,"N",0.0,0.0,0.0,"",""
"SKU-SHI-0054","2024-05-26",0,1,2,10,0.0,"N",0.0,0.0,0.0,"",""
"SKU-JAC-0055","2024-05-26",42,0,1,6,999.0,"N",0.0,0.0,0.0,"",""
"SKU-SHI-0001","2024-06-02",0,41,183,465,0.0,"N",0.0,0.0,0.0,"",""
"SKU-PAN-0002","2024-06-02",0,29,87,224,0.0,"N",178.0,982.0,58.0,"2024-07-27","2024-07-30"
"SKU-SHI-0003","2024-06-02",0,21,70,153,0.0,"N",0.0,0.0,0.0,"",""
"SKU-TSH-0004","2024-06-02",0,7,40,97,0.0,"N",0.0,0.0,0.0,"",""
"SKU-CRO-0005","2024-06-02",0,8,28,67,0.0,"N",0.0,0.0,0.0,"",""
"SKU-SHI-0006","2024-06-02",0,4,22,68,0.0,"N",0.0,0.0,0.0,"",""
"SKU-CRO-0007","2024-06-02",0,6,25,62,0.0,"N",94.0,818.0,31.0,"2024-06-30","2024-07-03"
"SKU-PAN-0008","2024-06-02",0,0,20,45,0.0,"N",0.0,0.0,0.0,"",""
"SKU-PAN-0009","2024-06-02",0,2,12,38,0.0,"N",0.0,0.0,0.0,"",""
"SKU-TSH-0010","2024-06-02",0,1,15,38,0.0,"N",0.0,0.0,0.0,"",""
"SKU-SHO-0011","2024-06-02",0,7,17,45,0.0,"N",0.0,0.0,0.0,"",""
"SKU-TSH-0012","2024-06-02",0,6,13,35,0.0,"N",56.0,715.0,38.0,"2024-07-10","2024-07-10"
"SKU-SHI-0013","2024-06-02",0,2,14,28,0.0,"N",0.0,0.0,0.0,"",""
"SKU-CRO-0014","2024-06-02",0,1,9,22,0.0,"N",0.0,0.0,0.0,"",""
"SKU-SHI-0015","2024-06-02",0,3,18,33,0.0,"N",0.0,0.0,0.0,"",""
"SKU-PAN-0016","2024-06-02",0,2,12,19,0.0,"N",0.0,0.0,0.0,"",""
"SKU-SHI-0017","2024-06-02",0,2,11,27,0.0,"N",40.0,842.0,48.0,"2024-07-17","2024-07-20"
"SKU-PAN-0018","2024-06-02",0,2,4,12,0.0,"N",0.0,0.0,0.0,"",""
"SKU-CRO-0019","2024-06-02",0,0,7,18,0.0,"N",0.0,0.0,0.0,"",""
"SKU-PAN-0020","2024-06-02",0,3,6,16,0.0,"N",0.0,0.0,0.0,"",""
"SKU-PAN-0021","2024-06-02",0,3,9,14,0.0,"N",40.0,1216.0,31.0,"2024-07-03","2024-07-03"
"SKU-PAN-0022","2024-06-02",0,1,4,10,0.0,"N",0.0,0.0,0.0,"",""
"SKU-SHO-0023","2024-06-02",0,1,7,16,0.0,"N",40.0,668.0,51.0,"2024-07-21","2024-07-23"
"SKU-SHI-0024","2024-06-02",0,0,5,12,0.0,"N",44.0,854.0,55.0,"2024-07-24","2024-07-27"
"SKU-JAC-0025","2024-06-02",0,1,3,11,0.0,"N",40.0,1639.0,56.0,"2024-07-25","2024-07-28"
"SKU-PAN-0026","2024-06-02",0,1,3,9,0.0,"N",0.0,0.0,0.0,"",""
"SKU-JAC-0027","2024-06-02",0,3,10,16,0.0,"N",0.0,0.0,0.0,"",""
"SKU-PAN-0028","2024-06-02",0,2,3,6,0.0,"N",0.0,0.0,0.0,"",""
"SKU-TSH-0029","2024-06-02",0,2,3,14,0.0,"N",0.0,0.0,0.0,"",""
"SKU-CRO-0030","2024-06-02",0,2,6,15,0.0,"N",0.0,0.0,0.0,"",""
"SKU-JAC-0031","2024-06-02",0,1,6,11,0.0,"N",0.0,0.0,0.0,"",""
"SKU-TSH-0032","2024-06-02",0,0,5,14,0.0,"N",60.0,627.0,30.0,"2024-07-02","2024-07-02"
"SKU-SHO-0033","2024-06-02",0,1,2,6,0.0,"N",0.0,0.0,0.0,"",""
"SKU-PAN-0034","2024-06-02",0,0,2,10,0.0,"N",0.0,0.0,0.0,"",""
"SKU-CRO-0035","2024-06-02",0,0,4,10,0.0,"N",0.0,0.0,0.0,"",""
"SKU-SHI-0036","2024-06-02",25,3,6,9,125.0,"N",0.0,0.0,0.0,"",""
"SKU-CRO-0037","2024-06-02",7,2,5,10,42.0,"N",0.0,0.0,0.0,"",""
"SKU-CRO-0038","2024-06-02",0,1,4,9,0.0,"N",0.0,0.0,0.0,"",""
"SKU-SHO-0039","2024-06-02",0,0,5,11,0.0,"N",0.0,0.0,0.0,"",""
"SKU-SHO-0040","2024-06-02",21,0,2,4,315.0,"N",0.0,0.0,0.0,"",""
"SKU-TSH-0041","2024-06-02",37,1,3,7,370.0,"N",0.0,0.0,0.0,"",""
"SKU-CRO-0042","2024-06-02",14,1,5,9,84.0,"N",0.0,0.0,0.0,"",""
"SKU-CRO-0043","2024-06-02",0,2,2,7,0.0,"N",0.0,0.0,0.0,"",""
"SKU-JAC-0044","2024-06-02",15,3,5,9,90.0,"N",0.0,0.0,0.0,"",""
"SKU-SHI-0045","2024-06-02",29,2,5,7,174.0,"N",0.0,0.0,0.0,"",""
"SKU-JAC-0046","2024-06-02",32,1,3,9,320.0,"N",0.0,0.0,0.0,"",""
"SKU-PAN-0047","2024-06-02",11,1,2,7,165.0,"N",0.0,0.0,0.0,"",""
"SKU-CRO-0048","2024-06-02",0,0,6,8,0.0,"N",54.0,736.0,37.0,"2024-07-09","2024-07-09"
"SKU-TSH-0049","2024-06-02",35,0,1,5,999.0,"N",0.0,0.0,0.0,"",""
"SKU-SHO-0050","2024-06-02",43,1,2,6,645.0,"N",0.0,0.0,0.0,"",""
"SKU-SHI-0051","2024-06-02",0,1,5,13,0.0,"N",0.0,0.0,0.0,"",""
"SKU-SHI-0052","2024-06-02",0,0,0,3,999.0,"N",0.0,0.0,0.0,"",""
"SKU-JAC-0053","2024-06-02",0,2,3,6,0.0,"N",0.0,0.0,0.0,"",""
"SKU-SHI-0054","2024-06-02",0,1,3,9,0.0,"N",0.0,0.0,0.0,"",""
"SKU-JAC-0055","2024-06-02",40,2,2,6,600.0,"N",0.0,0.0,0.0,"",""
"SKU-SHI-0001","2024-06-09",0,48,192,454,0.0,"N",0.0,0.0,0.0,"",""
"SKU-PAN-0002","2024-06-09",0,27,94,213,0.0,"N",0.0,0.0,0.0,"",""
"SKU-SHI-0003","2024-06-09",0,15,69,149,0.0,"N",150.0,1004.0,57.0,"2024-08-02","2024-08-05"
"SKU-TSH-0004","2024-06-09",0,17,46,105,0.0,"N",0.0,0.0,0.0,"",""
"SKU-CRO-0005","2024-06-09",0,8,32,67,0.0,"N",0.0,0.0,0.0,"",""
"SKU-SHI-0006","2024-06-09",0,9,27,65,0.0,"N",0.0,0.0,0.0,"",""
"SKU-CRO-0007","2024-06-09",0,10,29,67,0.0,"N",0.0,0.0,0.0,"",""
"SKU-PAN-0008","2024-06-09",0,5,17,42,0.0,"N",0.0,0.0,0.0,"",""
"SKU-PAN-0009","2024-06-09",0,3,12,35,0.0,"N",0.0,0.0,0.0,"",""
"SKU-TSH-0010","2024-06-09",0,5,13,37,0.0,"N",0.0,0.0,0.0,"",""
"SKU-SHO-0011","2024-06-09",0,7,17,45,0.0,"N",0.0,0.0,0.0,"",""
"SKU-TSH-0012","2024-06-09",0,0,10,33,0.0,"N",0.0,0.0,0.0,"",""
"SKU-SHI-0013","2024-06-09",0,3,15,30,0.0,"N",0.0,0.0,0.0,"",""
"SKU-CRO-0014","2024-06-09",0,4,11,23,0.0,"N",0.0,0.0,0.0,"",""
"SKU-SHI-0015","2024-06-09",0,7,20,35,0.0,"N",0.0,0.0,0.0,"",""
"SKU-PAN-0016","2024-06-09",0,3,12,20,0.0,"N",0.0,0.0,0.0,"",""
"SKU-SHI-0017","2024-06-09",0,2,11,26,0.0,"N",0.0,0.0,0.0,"",""
"SKU-PAN-0018","2024-06-09",0,2,6,12,0.0,"N",0.0,0.0,0.0,"",""
"SKU-CRO-0019","2024-06-09",0,2,6,16,0.0,"N",0.0,0.0,0.0,"",""
"SKU-PAN-0020","2024-06-09",0,1,6,15,0.0,"N",0.0,0.0,0.0,"",""
"SKU-PAN-0021","2024-06-09",0,2,9,13,0.0,"N",0.0,0.0,0.0,"",""
"SKU-PAN-0022","2024-06-09",0,1,4,10,0.0,"N",66.0,1076.0,51.0,"2024-07-28","2024-07-30"
"SKU-SHO-0023","2024-06-09",0,0,5,14,0.0,"N",0.0,0.0,0.0,"",""
"SKU-SHI-0024","2024-06-09",0,2,5,12,0.0,"N",0.0,0.0,0.0,"",""
"SKU-JAC-0025","2024-06-09",0,0,3,10,0.0,"N",0.0,0.0,0.0,"",""
"SKU-PAN-0026","2024-06-09",0,1,4,8,0.0,"N",0.0,0.0,0.0,"",""
"SKU-JAC-0027","2024-06-09",0,0,10,15,0.0,"N",0.0,0.0,0.0,"",""
"SKU-PAN-0028","2024-06-09",0,2,5,7,0.0,"N",0.0,0.0,0.0,"",""
"SKU-TSH-0029","2024-06-09",0,2,5,14,0.0,"N",0.0,0.0,0.0,"",""
"SKU-CRO-0030","2024-06-09",0,2,7,14,0.0,"N",0.0,0.0,0.0,"",""
"SKU-JAC-0031","2024-06-09",0,2,7,13,0.0,"N",0.0,0.0,0.0,"",""
"SKU-TSH-0032","2024-06-09",0,1,1,13,0.0,"N",0.0,0.0,0.0,"",""
"SKU-SHO-0033","2024-06-09",0,2,4,7,0.0,"N",0.0,0.0,0.0,"",""
"SKU-PAN-0034","2024-06-09",0,1,2,8,0.0,"N",0.0,0.0,0.0,"",""
"SKU-CRO-0035","2024-06-09",0,1,3,10,0.0,"N",0.0,0.0,0.0,"",""
"SKU-SHI-0036","2024-06-09",24,1,7,9,102.9,"N",0.0,0.0,0.0,"",""
"SKU-CRO-0037","2024-06-09",6,1,5,10,36.0,"N",0.0,0.0,0.0,"",""
"SKU-CRO-0038","2024-06-09",0,0,1,7,0.0,"N",0.0,0.0,0.0,"",""
"SKU-SHO-0039","2024-06-09",0,1,5,10,0.0,"N",0.0,0.0,0.0,"",""
"SKU-SHO-0040","2024-06-09",21,0,2,3,315.0,"N",0.0,0.0,0.0,"",""
"SKU-TSH-0041","2024-06-09",36,1,3,6,360.0,"N",0.0,0.0,0.0,"",""
"SKU-CRO-0042","2024-06-09",14,0,4,8,105.0,"N",0.0,0.0,0.0,"",""
"SKU-CRO-0043","2024-06-09",0,0,2,6,0.0,"N",40.0,677.0,60.0,"2024-08-03","2024-08-08"
"SKU-JAC-0044","2024-06-09",15,0,4,6,112.5,"N",0.0,0.0,0.0,"",""
"SKU-SHI-0045","2024-06-09",29,0,4,6,217.5,"N",0.0,0.0,0.0,"",""
"SKU-JAC-0046","2024-06-09",32,0,3,7,320.0,"N",0.0,0.0,0.0,"",""
"SKU-PAN-0047","2024-06-09",11,0,1,5,330.0,"N",0.0,0.0,0.0,"",""
"SKU-CRO-0048","2024-06-09",0,0,4,8,0.0,"N",0.0,0.0,0.0,"",""
"SKU-TSH-0049","2024-06-09",34,1,2,5,510.0,"N",0.0,0.0,0.0,"",""
"SKU-SHO-0050","2024-06-09",43,0,2,6,645.0,"N",0.0,0.0,0.0,"",""
"SKU-SHI-0051","2024-06-09",0,0,5,10,0.0,"N",0.0,0.0,0.0,"",""
"SKU-SHI-0052","2024-06-09",0,1,1,4,0.0,"N",0.0,0.0,0.0,"",""
"SKU-JAC-0053","2024-06-09",0,1,4,7,0.0,"N",0.0,0.0,0.0,"",""
"SKU-SHI-0054","2024-06-09",0,1,4,9,0.0,"N",0.0,0.0,0.0,"",""
"SKU-JAC-0055","2024-06-09",39,1,3,6,390.0,"N",0.0,0.0,0.0,"",""
"SKU-SHI-0001","2024-06-16",0,25,169,399,0.0,"N",0.0,0.0,0.0,"",""
"SKU-PAN-0002","2024-06-16",0,24,104,200,0.0,"N",0.0,0.0,0.0,"",""
"SKU-SHI-0003","2024-06-16",0,10,63,142,0.0,"N",0.0,0.0,0.0,"",""
"SKU-TSH-0004","2024-06-16",0,10,44,97,0.0,"N",81.0,539.0,37.0,"2024-07-23","2024-07-23"
"SKU-CRO-0005","2024-06-16",0,5,30,62,0.0,"N",0.0,0.0,0.0,"",""
"SKU-SHI-0006","2024-06-16",0,4,22,58,0.0,"N",93.0,1097.0,40.0,"2024-07-23","2024-07-26"
"SKU-CRO-0007","2024-06-16",0,7,29,62,0.0,"N",0.0,0.0,0.0,"",""
"SKU-PAN-0008","2024-06-16",0,6,18,39,0.0,"N",73.0,1152.0,35.0,"2024-07-18","2024-07-21"
"SKU-PAN-0009","2024-06-16",0,0,8,27,0.0,"N",40.0,1008.0,36.0,"2024-07-22","2024-07-22"
"SKU-TSH-0010","2024-06-16",0,4,15,36,0.0,"N",64.0,782.0,37.0,"2024-07-23","2024-07-23"
"SKU-SHO-0011","2024-06-16",0,4,19,40,0.0,"N",54.0,761.0,57.0,"2024-08-11","2024-08-12"
"SKU-TSH-0012","2024-06-16",0,3,11,29,0.0,"N",0.0,0.0,0.0,"",""
"SKU-SHI-0013","2024-06-16",0,1,10,28,0.0,"N",0.0,0.0,0.0,"",""
"SKU-CRO-0014","2024-06-16",0,3,12,22,0.0,"N",0.0,0.0,0.0,"",""
"SKU-SHI-0015","2024-06-16",0,2,20,35,0.0,"N",0.0,0.0,0.0,"",""
"SKU-PAN-0016","2024-06-16",0,1,10,20,0.0,"N",40.0,970.0,34.0,"2024-07-19","2024-07-20"
"SKU-SHI-0017","2024-06-16",0,2,9,23,0.0,"N",0.0,0.0,0.0,"",""
"SKU-PAN-0018","2024-06-16",0,1,6,10,0.0,"N",57.0,1176.0,60.0,"2024-08-10","2024-08-15"
"SKU-CRO-0019","2024-06-16",0,2,6,16,0.0,"N",0.0,0.0,0.0,"",""
"SKU-PAN-0020","2024-06-16",0,0,5,11,0.0,"N",0.0,0.0,0.0,"",""
"SKU-PAN-0021","2024-06-16",0,3,10,15,0.0,"N",0.0,0.0,0.0,"",""
"SKU-PAN-0022","2024-06-16",0,4,6,12,0.0,"N",0.0,0.0,0.0,"",""
"SKU-SHO-0023","2024-06-16",0,3,8,15,0.0,"N",0.0,0.0,0.0,"",""
"SKU-SHI-0024","2024-06-16",0,3,7,13,0.0,"N",0.0,0.0,0.0,"",""
"SKU-JAC-0025","2024-06-16",0,1,3,8,0.0,"N",0.0,0.0,0.0,"",""
"SKU-PAN-0026","2024-06-16",0,9,12,16,0.0,"N",57.0,1332.0,53.0,"2024-08-08","2024-08-08"
"SKU-JAC-0027","2024-06-16",0,2,9,14,0.0,"N",0.0,0.0,0.0,"",""
"SKU-PAN-0028","2024-06-16",0,0,4,6,0.0,"N",0.0,0.0,0.0,"",""
"SKU-TSH-0029","2024-06-16",0,1,6,13,0.0,"N",0.0,0.0,0.0,"",""
"SKU-CRO-0030","2024-06-16",0,0,5,13,0.0,"N",58.0,621.0,53.0,"2024-08-05","2024-08-08"
"SKU-JAC-0031","2024-06-16",0,0,7,11,0.0,"N",0.0,0.0,0.0,"",""
"SKU-TSH-0032","2024-06-16",0,1,2,9,0.0,"N",0.0,0.0,0.0,"",""
"SKU-SHO-0033","2024-06-16",0,1,4,7,0.0,"N",0.0,0.0,0.0,"",""
"SKU-PAN-0034","2024-06-16",0,1,3,6,0.0,"N",0.0,0.0,0.0,"",""
"SKU-CRO-0035","2024-06-16",0,2,5,12,0.0,"N",0.0,0.0,0.0,"",""
"SKU-SHI-0036","2024-06-16",24,0,7,8,102.9,"N",0.0,0.0,0.0,"",""
"SKU-CRO-0037","2024-06-16",6,0,5,8,36.0,"N",0.0,0.0,0.0,"",""
"SKU-CRO-0038","2024-06-16",0,0,1,6,0.0,"N",48.0,1060.0,40.0,"2024-07-23","2024-07-26"
"SKU-SHO-0039","2024-06-16",0,4,7,14,0.0,"N",46.0,809.0,55.0,"2024-08-10","2024-08-10"
"SKU-SHO-0040","2024-06-16",20,1,3,3,200.0,"N",0.0,0.0,0.0,"",""
"SKU-TSH-0041","2024-06-16",36,0,3,6,360.0,"N",0.0,0.0,0.0,"",""
"SKU-CRO-0042","2024-06-16",13,1,4,9,97.5,"N",0.0,0.0,0.0,"",""
"SKU-CRO-0043","2024-06-16",0,2,4,6,0.0,"N",0.0,0.0,0.0,"",""
"SKU-JAC-0044","2024-06-16",15,0,4,5,112.5,"N",0.0,0.0,0.0,"",""
"SKU-SHI-0045","2024-06-16",28,1,4,6,210.0,"N",0.0,0.0,0.0,"",""
"SKU-JAC-0046","2024-06-16",31,1,4,8,232.5,"N",0.0,0.0,0.0,"",""
"SKU-PAN-0047","2024-06-16",9,2,3,6,90.0,"N",0.0,0.0,0.0,"",""
"SKU-CRO-0048","2024-06-16",0,0,2,7,0.0,"N",0.0,0.0,0.0,"",""
"SKU-TSH-0049","2024-06-16",34,0,1,4,999.0,"N",0.0,0.0,0.0,"",""
"SKU-SHO-0050","2024-06-16",43,0,1,5,999.0,"N",0.0,0.0,0.0,"",""
"SKU-SHI-0051","2024-06-16",0,0,4,7,0.0,"N",40.0,928.0,41.0,"2024-07-25","2024-07-27"
"SKU-SHI-0052","2024-06-16",0,1,2,5,0.0,"N",0.0,0.0,0.0,"",""
"SKU-JAC-0053","2024-06-16",0,0,3,6,0.0,"N",40.0,1660.0,47.0,"2024-08-02","2024-08-02"
"SKU-SHI-0054","2024-06-16",0,0,4,8,0.0,"N",41.0,963.0,40.0,"2024-07-21","2024-07-26"
"SKU-JAC-0055","2024-06-16",39,0,3,4,390.0,"N",0.0,0.0,0.0,"",""
"SKU-SHI-0001","2024-06-23",0,50,177,381,0.0,"N",306.0,705.0,47.0,"2024-08-09","2024-08-09"
"SKU-PAN-0002","2024-06-23",0,22,108,185,0.0,"N",0.0,0.0,0.0,"",""
"SKU-SHI-0003","2024-06-23",0,12,61,129,0.0,"N",0.0,0.0,0.0,"",""
"SKU-TSH-0004","2024-06-23",0,10,44,95,0.0,"N",0.0,0.0,0.0,"",""
"SKU-CRO-0005","2024-06-23",0,3,25,55,0.0,"N",74.0,846.0,49.0,"2024-08-10","2024-08-11"
"SKU-SHI-0006","2024-06-23",0,8,28,57,0.0,"N",0.0,0.0,0.0,"",""
"SKU-CRO-0007","2024-06-23",0,5,29,57,0.0,"N",0.0,0.0,0.0,"",""
"SKU-PAN-0008","2024-06-23",0,6,18,40,0.0,"N",0.0,0.0,0.0,"",""
"SKU-PAN-0009","2024-06-23",0,1,6,21,0.0,"N",0.0,0.0,0.0,"",""
"SKU-TSH-0010","2024-06-23",0,4,15,39,0.0,"N",0.0,0.0,0.0,"",""
"SKU-SHO-0011","2024-06-23",0,1,20,36,0.0,"N",0.0,0.0,0.0,"",""
"SKU-TSH-0012","2024-06-23",0,5,14,30,0.0,"N",0.0,0.0,0.0,"",""
"SKU-SHI-0013","2024-06-23",0,2,10,24,0.0,"N",73.0,1227.0,31.0,"2024-07-21","2024-07-24"
"SKU-CRO-0014","2024-06-23",0,1,11,18,0.0,"N",68.0,756.0,48.0,"2024-08-05","2024-08-10"
"SKU-SHI-0015","2024-06-23",0,0,14,29,0.0,"N",61.0,940.0,31.0,"2024-07-24","2024-07-24"
"SKU-PAN-0016","2024-06-23",0,2,8,18,0.0,"N",0.0,0.0,0.0,"",""
"SKU-SHI-0017","2024-06-23",0,3,10,22,0.0,"N",0.0,0.0,0.0,"",""
"SKU-PAN-0018","2024-06-23",0,5,10,13,0.0,"N",0.0,0.0,0.0,"",""
"SKU-CRO-0019","2024-06-23",0,1,6,15,0.0,"N",40.0,726.0,41.0,"2024-08-01","2024-08-03"
"SKU-PAN-0020","2024-06-23",0,1,5,11,0.0,"N",54.0,1163.0,40.0,"2024-08-01","2024-08-02"
"SKU-PAN-0021","2024-06-23",0,2,11,17,0.0,"N",0.0,0.0,0.0,"",""
"SKU-PAN-0022","2024-06-23",0,3,9,12,0.0,"N",0.0,0.0,0.0,"",""
"SKU-SHO-0023","2024-06-23",0,4,8,14,0.0,"N",0.0,0.0,0.0,"",""
"SKU-SHI-0024","2024-06-23",0,1,7,12,0.0,"N",0.0,0.0,0.0,"",""
"SKU-JAC-0025","2024-06-23",0,0,2,5,0.0,"N",0.0,0.0,0.0,"",""
"SKU-PAN-0026","2024-06-23",0,1,12,15,0.0,"N",0.0,0.0,0.0,"",""
"SKU-JAC-0027","2024-06-23",0,1,6,13,0.0,"N",40.0,1871.0,44.0,"2024-08-03","2024-08-06"
"SKU-PAN-0028","2024-06-23",0,0,4,5,0.0,"N",40.0,1317.0,34.0,"2024-07-27","2024-07-27"
"SKU-TSH-0029","2024-06-23",0,1,6,9,0.0,"N",61.0,701.0,41.0,"2024-07-31","2024-08-03"
"SKU-CRO-0030","2024-06-23",0,0,4,10,0.0,"N",0.0,0.0,0.0,"",""
"SKU-JAC-0031","2024-06-23",0,1,5,10,0.0,"N",40.0,1800.0,38.0,"2024-07-31","2024-07-31"
"SKU-TSH-0032","2024-06-23",0,0,2,8,0.0,"N",0.0,0.0,0.0,"",""
"SKU-SHO-0033","2024-06-23",0,2,6,9,0.0,"N",40.0,758.0,34.0,"2024-07-27","2024-07-27"
"SKU-PAN-0034","2024-06-23",0,1,4,6,0.0,"N",41.0,1051.0,38.0,"2024-07-29","2024-07-31"
"SKU-CRO-0035","2024-06-23",0,0,4,10,0.0,"N",59.0,721.0,29.0,"2024-07-21","2024-07-22"
"SKU-SHI-0036","2024-06-23",23,1,6,8,115.0,"N",0.0,0.0,0.0,"",""
"SKU-CRO-0037","2024-06-23",5,1,4,8,37.5,"N",0.0,0.0,0.0,"",""
"SKU-CRO-0038","2024-06-23",0,0,1,4,0.0,"N",0.0,0.0,0.0,"",""
"SKU-SHO-0039","2024-06-23",0,1,7,13,0.0,"N",0.0,0.0,0.0,"",""
"SKU-SHO-0040","2024-06-23",19,1,2,4,285.0,"N",0.0,0.0,0.0,"",""
"SKU-TSH-0041","2024-06-23",36,0,2,6,540.0,"N",0.0,0.0,0.0,"",""
"SKU-CRO-0042","2024-06-23",13,0,2,6,195.0,"N",0.0,0.0,0.0,"",""
"SKU-CRO-0043","2024-06-23",0,0,4,4,0.0,"N",0.0,0.0,0.0,"",""
"SKU-JAC-0044","2024-06-23",14,1,4,6,105.0,"N",0.0,0.0,0.0,"",""
"SKU-SHI-0045","2024-06-23",28,0,3,6,280.0,"N",0.0,0.0,0.0,"",""
"SKU-JAC-0046","2024-06-23",30,1,5,6,180.0,"N",0.0,0.0,0.0,"",""
"SKU-PAN-0047","2024-06-23",8,1,4,6,60.0,"N",0.0,0.0,0.0,"",""
"SKU-CRO-0048","2024-06-23",0,3,4,9,0.0,"N",0.0,0.0,0.0,"",""
"SKU-TSH-0049","2024-06-23",34,0,1,2,999.0,"N",0.0,0.0,0.0,"",""
"SKU-SHO-0050","2024-06-23",40,3,4,6,300.0,"N",0.0,0.0,0.0,"",""
"SKU-SHI-0051","2024-06-23",0,0,1,6,0.0,"N",0.0,0.0,0.0,"",""
"SKU-SHI-0052","2024-06-23",0,2,4,5,0.0,"N",61.0,1141.0,34.0,"2024-07-25","2024-07-27"
"SKU-JAC-0053","2024-06-23",0,0,3,4,0.0,"N",0.0,0.0,0.0,"",""
"SKU-SHI-0054","2024-06-23",0,1,3,5,0.0,"N",0.0,0.0,0.0,"",""
"SKU-JAC-0055","2024-06-23",39,0,3,4,390.0,"N",0.0,0.0,0.0,"",""
"SKU-SHI-0001","2024-06-30",0,44,182,357,0.0,"N",0.0,0.0,0.0,"",""
"SKU-PAN-0002","2024-06-30",0,19,99,184,0.0,"N",186.0,982.0,32.0,"2024-08-01","2024-08-01"
"SKU-SHI-0003","2024-06-30",0,8,55,115,0.0,"N",0.0,0.0,0.0,"",""
"SKU-TSH-0004","2024-06-30",0,5,46,85,0.0,"N",0.0,0.0,0.0,"",""
"SKU-CRO-0005","2024-06-30",0,9,27,54,0.0,"N",0.0,0.0,0.0,"",""
"SKU-SHI-0006","2024-06-30",0,7,29,50,0.0,"N",0.0,0.0,0.0,"",""
"SKU-CRO-0007","2024-06-30",0,6,30,55,0.0,"N",76.0,818.0,33.0,"2024-07-28","2024-08-02"
"SKU-PAN-0008","2024-06-30",0,6,23,44,0.0,"N",0.0,0.0,0.0,"",""
"SKU-PAN-0009","2024-06-30",0,4,9,22,0.0,"N",0.0,0.0,0.0,"",""
"SKU-TSH-0010","2024-06-30",0,7,21,37,0.0,"N",0.0,0.0,0.0,"",""
"SKU-SHO-0011","2024-06-30",0,1,15,31,0.0,"N",0.0,0.0,0.0,"",""
"SKU-TSH-0012","2024-06-30",0,3,14,25,0.0,"N",40.0,715.0,31.0,"2024-07-30","2024-07-31"
"SKU-SHI-0013","2024-06-30",0,2,9,23,0.0,"N",0.0,0.0,0.0,"",""
"SKU-CRO-0014","2024-06-30",0,4,13,21,0.0,"N",0.0,0.0,0.0,"",""
"SKU-SHI-0015","2024-06-30",0,3,13,30,0.0,"N",0.0,0.0,0.0,"",""
"SKU-PAN-0016","2024-06-30",0,3,11,21,0.0,"N",0.0,0.0,0.0,"",""
"SKU-SHI-0017","2024-06-30",0,1,10,20,0.0,"N",40.0,842.0,42.0,"2024-08-11","2024-08-11"
"SKU-PAN-0018","2024-06-30",0,0,10,13,0.0,"N",0.0,0.0,0.0,"",""
"SKU-CRO-0019","2024-06-30",0,2,7,14,0.0,"N",0.0,0.0,0.0,"",""
"SKU-PAN-0020","2024-06-30",0,3,6,11,0.0,"N",0.0,0.0,0.0,"",""
"SKU-PAN-0021","2024-06-30",0,1,8,17,0.0,"N",51.0,1216.0,41.0,"2024-08-07","2024-08-10"
"SKU-PAN-0022","2024-06-30",0,1,9,13,0.0,"N",0.0,0.0,0.0,"",""
"SKU-SHO-0023","2024-06-30",0,2,10,16,0.0,"N",62.0,668.0,38.0,"2024-08-05","2024-08-07"
"SKU-SHI-0024","2024-06-30",0,2,8,13,0.0,"N",47.0,854.0,57.0,"2024-08-23","2024-08-26"
"SKU-JAC-0025","2024-06-30",0,0,1,4,0.0,"N",40.0,1639.0,57.0,"2024-08-23","2024-08-26"
"SKU-PAN-0026","2024-06-30",0,1,12,15,0.0,"N",0.0,0.0,0.0,"",""
"SKU-JAC-0027","2024-06-30",0,0,3,13,0.0,"N",0.0,0.0,0.0,"",""
"SKU-PAN-0028","2024-06-30",0,2,4,7,0.0,"N",0.0,0.0,0.0,"",""
"SKU-TSH-0029","2024-06-30",0,0,5,7,0.0,"N",0.0,0.0,0.0,"",""
"SKU-CRO-0030","2024-06-30",0,2,4,11,0.0,"N",0.0,0.0,0.0,"",""
"SKU-JAC-0031","2024-06-30",0,0,3,9,0.0,"N",0.0,0.0,0.0,"",""
"SKU-TSH-0032","2024-06-30",0,0,2,7,0.0,"N",60.0,627.0,40.0,"2024-08-08","2024-08-09"
"SKU-SHO-0033","2024-06-30",0,2,8,9,0.0,"N",0.0,0.0,0.0,"",""
"SKU-PAN-0034","2024-06-30",0,0,3,5,0.0,"N",0.0,0.0,0.0,"",""
"SKU-CRO-0035","2024-06-30",0,2,5,10,0.0,"N",0.0,0.0,0.0,"",""
"SKU-SHI-0036","2024-06-30",23,0,4,8,172.5,"N",0.0,0.0,0.0,"",""
"SKU-CRO-0037","2024-06-30",4,1,3,8,40.0,"N",0.0,0.0,0.0,"",""
"SKU-CRO-0038","2024-06-30",0,0,0,4,999.0,"N",0.0,0.0,0.0,"",""
"SKU-SHO-0039","2024-06-30",0,0,6,11,0.0,"N",0.0,0.0,0.0,"",""
"SKU-SHO-0040","2024-06-30",17,2,4,6,127.5,"N",0.0,0.0,0.0,"",""
"SKU-TSH-0041","2024-06-30",35,1,3,5,350.0,"N",0.0,0.0,0.0,"",""
"SKU-CRO-0042","2024-06-30",13,0,2,6,195.0,"N",0.0,0.0,0.0,"",""
"SKU-CRO-0043","2024-06-30",0,0,3,4,0.0,"N",0.0,0.0,0.0,"",""
"SKU-JAC-0044","2024-06-30",11,3,7,9,47.1,"N",0.0,0.0,0.0,"",""
"SKU-SHI-0045","2024-06-30",27,1,2,7,405.0,"N",0.0,0.0,0.0,"",""
"SKU-JAC-0046","2024-06-30",30,0,2,5,450.0,"N",0.0,0.0,0.0,"",""
"SKU-PAN-0047","2024-06-30",6,2,6,7,30.0,"N",0.0,0.0,0.0,"",""
"SKU-CRO-0048","2024-06-30",0,1,4,10,0.0,"N",57.0,736.0,56.0,"2024-08-23","2024-08-25"
"SKU-TSH-0049","2024-06-30",34,0,1,2,999.0,"N",0.0,0.0,0.0,"",""
"SKU-SHO-0050","2024-06-30",40,0,3,5,400.0,"N",0.0,0.0,0.0,"",""
"SKU-SHI-0051","2024-06-30",0,3,4,8,0.0,"N",0.0,0.0,0.0,"",""
"SKU-SHI-0052","2024-06-30",0,1,5,5,0.0,"N",0.0,0.0,0.0,"",""
"SKU-JAC-0053","2024-06-30",0,0,2,4,0.0,"N",0.0,0.0,0.0,"",""
"SKU-SHI-0054","2024-06-30",0,0,2,5,0.0,"N",0.0,0.0,0.0,"",""
"SKU-JAC-0055","2024-06-30",37,2,4,5,277.5,"N",0.0,0.0,0.0,"",""
"SKU-SHI-0001","2024-07-07",0,30,167,351,0.0,"N",0.0,0.0,0.0,"",""
"SKU-PAN-0002","2024-07-07",0,9,83,172,0.0,"N",0.0,0.0,0.0,"",""
"SKU-SHI-0003","2024-07-07",0,11,43,111,0.0,"N",82.0,1004.0,58.0,"2024-08-31","2024-09-03"
"SKU-TSH-0004","2024-07-07",0,7,38,82,0.0,"N",0.0,0.0,0.0,"",""
"SKU-CRO-0005","2024-07-07",0,4,23,53,0.0,"N",0.0,0.0,0.0,"",""
"SKU-SHI-0006","2024-07-07",0,5,28,52,0.0,"N",0.0,0.0,0.0,"",""
"SKU-CRO-0007","2024-07-07",0,6,25,54,0.0,"N",0.0,0.0,0.0,"",""
"SKU-PAN-0008","2024-07-07",0,4,23,42,0.0,"N",0.0,0.0,0.0,"",""
"SKU-PAN-0009","2024-07-07",0,1,7,18,0.0,"N",0.0,0.0,0.0,"",""
"SKU-TSH-0010","2024-07-07",0,1,17,32,0.0,"N",0.0,0.0,0.0,"",""
"SKU-SHO-0011","2024-07-07",0,7,16,30,0.0,"N",0.0,0.0,0.0,"",""
"SKU-TSH-0012","2024-07-07",0,5,16,26,0.0,"N",0.0,0.0,0.0,"",""
"SKU-SHI-0013","2024-07-07",0,2,9,22,0.0,"N",0.0,0.0,0.0,"",""
"SKU-CRO-0014","2024-07-07",0,0,9,19,0.0,"N",0.0,0.0,0.0,"",""
"SKU-SHI-0015","2024-07-07",0,2,8,28,0.0,"N",0.0,0.0,0.0,"",""
"SKU-PAN-0016","2024-07-07",0,0,8,18,0.0,"N",0.0,0.0,0.0,"",""
"SKU-SHI-0017","2024-07-07",0,2,8,19,0.0,"N",0.0,0.0,0.0,"",""
"SKU-PAN-0018","2024-07-07",0,0,8,12,0.0,"N",0.0,0.0,0.0,"",""
"SKU-CRO-0019","2024-07-07",0,3,8,15,0.0,"N",0.0,0.0,0.0,"",""
"SKU-PAN-0020","2024-07-07",0,2,6,12,0.0,"N",0.0,0.0,0.0,"",""
"SKU-PAN-0021","2024-07-07",0,2,10,18,0.0,"N",0.0,0.0,0.0,"",""
"SKU-PAN-0022","2024-07-07",0,3,12,15,0.0,"N",69.0,1076.0,39.0,"2024-08-12","2024-08-15"
"SKU-SHO-0023","2024-07-07",0,0,9,14,0.0,"N",0.0,0.0,0.0,"",""
"SKU-SHI-0024","2024-07-07",0,2,8,13,0.0,"N",0.0,0.0,0.0,"",""
"SKU-JAC-0025","2024-07-07",0,1,2,5,0.0,"N",0.0,0.0,0.0,"",""
"SKU-PAN-0026","2024-07-07",0,0,11,15,0.0,"N",0.0,0.0,0.0,"",""
"SKU-JAC-0027","2024-07-07",0,2,5,15,0.0,"N",0.0,0.0,0.0,"",""
"SKU-PAN-0028","2024-07-07",0,0,2,7,0.0,"N",0.0,0.0,0.0,"",""
"SKU-TSH-0029","2024-07-07",0,1,4,8,0.0,"N",0.0,0.0,0.0,"",""
"SKU-CRO-0030","2024-07-07",0,0,3,9,0.0,"N",0.0,0.0,0.0,"",""
"SKU-JAC-0031","2024-07-07",0,0,1,8,0.0,"N",0.0,0.0,0.0,"",""
"SKU-TSH-0032","2024-07-07",0,0,2,3,0.0,"N",0.0,0.0,0.0,"",""
"SKU-SHO-0033","2024-07-07",0,0,6,9,0.0,"N",0.0,0.0,0.0,"",""
"SKU-PAN-0034","2024-07-07",0,0,2,4,0.0,"N",0.0,0.0,0.0,"",""
"SKU-CRO-0035","2024-07-07",0,1,5,8,0.0,"N",0.0,0.0,0.0,"",""
"SKU-SHI-0036","2024-07-07",23,0,1,8,690.0,"N",0.0,0.0,0.0,"",""
"SKU-CRO-0037","2024-07-07",3,1,3,8,30.0,"N",0.0,0.0,0.0,"",""
"SKU-CRO-0038","2024-07-07",0,2,2,3,0.0,"N",0.0,0.0,0.0,"",""
"SKU-SHO-0039","2024-07-07",0,1,7,12,0.0,"N",0.0,0.0,0.0,"",""
"SKU-SHO-0040","2024-07-07",17,0,4,6,127.5,"N",0.0,0.0,0.0,"",""
"SKU-TSH-0041","2024-07-07",35,0,1,4,999.0,"N",0.0,0.0,0.0,"",""
"SKU-CRO-0042","2024-07-07",12,1,2,6,180.0,"N",0.0,0.0,0.0,"",""
"SKU-CRO-0043","2024-07-07",0,2,4,6,0.0,"N",40.0,677.0,50.0,"2024-08-24","2024-08-26"
"SKU-JAC-0044","2024-07-07",11,0,4,8,82.5,"N",0.0,0.0,0.0,"",""
"SKU-SHI-0045","2024-07-07",27,0,2,7,405.0,"N",0.0,0.0,0.0,"",""
"SKU-JAC-0046","2024-07-07",30,0,2,5,450.0,"N",0.0,0.0,0.0,"",""
"SKU-PAN-0047","2024-07-07",6,0,5,6,36.0,"N",0.0,0.0,0.0,"",""
"SKU-CRO-0048","2024-07-07",0,1,5,10,0.0,"N",0.0,0.0,0.0,"",""
"SKU-TSH-0049","2024-07-07",34,0,0,2,999.0,"N",0.0,0.0,0.0,"",""
"SKU-SHO-0050","2024-07-07",38,2,5,7,228.0,"N",0.0,0.0,0.0,"",""
"SKU-SHI-0051","2024-07-07",0,0,3,8,0.0,"N",0.0,0.0,0.0,"",""
"SKU-SHI-0052","2024-07-07",0,1,5,6,0.0,"N",0.0,0.0,0.0,"",""
"SKU-JAC-0053","2024-07-07",0,0,1,4,0.0,"N",0.0,0.0,0.0,"",""
"SKU-SHI-0054","2024-07-07",0,0,2,5,0.0,"N",0.0,0.0,0.0,"",""
"SKU-JAC-0055","2024-07-07",36,1,4,6,270.0,"N",0.0,0.0,0.0,"",""
"SKU-SHI-0001","2024-07-14",0,40,172,348,0.0,"N",0.0,0.0,0.0,"",""
"SKU-PAN-0002","2024-07-14",0,23,79,179,0.0,"N",0.0,0.0,0.0,"",""
"SKU-SHI-0003","2024-07-14",0,17,52,116,0.0,"N",0.0,0.0,0.0,"",""
"SKU-TSH-0004","2024-07-14",0,7,30,78,0.0,"N",55.0,539.0,33.0,"2024-08-11","2024-08-16"
"SKU-CRO-0005","2024-07-14",0,8,25,56,0.0,"N",0.0,0.0,0.0,"",""
"SKU-SHI-0006","2024-07-14",0,2,23,48,0.0,"N",50.0,1097.0,34.0,"2024-08-15","2024-08-17"
"SKU-CRO-0007","2024-07-14",0,6,26,54,0.0,"N",0.0,0.0,0.0,"",""
"SKU-PAN-0008","2024-07-14",0,4,24,38,0.0,"N",60.0,1152.0,54.0,"2024-09-05","2024-09-06"
"SKU-PAN-0009","2024-07-14",0,0,6,14,0.0,"N",40.0,1008.0,31.0,"2024-08-11","2024-08-14"
"SKU-TSH-0010","2024-07-14",0,2,16,29,0.0,"N",59.0,782.0,36.0,"2024-08-17","2024-08-19"
"SKU-SHO-0011","2024-07-14",0,5,16,34,0.0,"N",48.0,761.0,61.0,"2024-09-08","2024-09-13"
"SKU-TSH-0012","2024-07-14",0,3,16,27,0.0,"N",0.0,0.0,0.0,"",""
"SKU-SHI-0013","2024-07-14",0,3,9,21,0.0,"N",0.0,0.0,0.0,"",""
"SKU-CRO-0014","2024-07-14",0,4,9,21,0.0,"N",0.0,0.0,0.0,"",""
"SKU-SHI-0015","2024-07-14",0,0,5,26,0.0,"N",0.0,0.0,0.0,"",""
"SKU-PAN-0016","2024-07-14",0,3,8,20,0.0,"N",72.0,970.0,40.0,"2024-08-18","2024-08-23"
"SKU-SHI-0017","2024-07-14",0,1,7,16,0.0,"N",0.0,0.0,0.0,"",""
"SKU-PAN-0018","2024-07-14",0,0,6,11,0.0,"N",69.0,1176.0,48.0,"2024-08-31","2024-08-31"
"SKU-CRO-0019","2024-07-14",0,2,9,14,0.0,"N",0.0,0.0,0.0,"",""
"SKU-PAN-0020","2024-07-14",0,2,8,13,0.0,"N",0.0,0.0,0.0,"",""
"SKU-PAN-0021","2024-07-14",0,3,8,18,0.0,"N",0.0,0.0,0.0,"",""
"SKU-PAN-0022","2024-07-14",0,1,8,14,0.0,"N",0.0,0.0,0.0,"",""
"SKU-SHO-0023","2024-07-14",0,0,7,14,0.0,"N",0.0,0.0,0.0,"",""
"SKU-SHI-0024","2024-07-14",0,1,7,14,0.0,"N",0.0,0.0,0.0,"",""
"SKU-JAC-0025","2024-07-14",0,4,5,9,0.0,"N",0.0,0.0,0.0,"",""
"SKU-PAN-0026","2024-07-14",0,0,7,14,0.0,"N",62.0,1332.0,52.0,"2024-09-04","2024-09-04"
"SKU-JAC-0027","2024-07-14",0,0,3,13,0.0,"N",0.0,0.0,0.0,"",""
"SKU-PAN-0028","2024-07-14",0,1,3,7,0.0,"N",0.0,0.0,0.0,"",""
"SKU-TSH-0029","2024-07-14",0,4,6,12,0.0,"N",0.0,0.0,0.0,"",""
"SKU-CRO-0030","2024-07-14",0,1,3,9,0.0,"N",40.0,621.0,44.0,"2024-08-26","2024-08-27"
"SKU-JAC-0031","2024-07-14",0,0,1,8,0.0,"N",0.0,0.0,0.0,"",""
"SKU-TSH-0032","2024-07-14",0,0,0,2,999.0,"N",0.0,0.0,0.0,"",""
"SKU-SHO-0033","2024-07-14",0,1,5,9,0.0,"N",0.0,0.0,0.0,"",""
"SKU-PAN-0034","2024-07-14",0,0,1,4,0.0,"N",0.0,0.0,0.0,"",""
"SKU-CRO-0035","2024-07-14",0,0,5,8,0.0,"N",0.0,0.0,0.0,"",""
"SKU-SHI-0036","2024-07-14",22,1,2,9,330.0,"N",0.0,0.0,0.0,"",""
"SKU-CRO-0037","2024-07-14",3,0,3,8,30.0,"N",0.0,0.0,0.0,"",""
"SKU-CRO-0038","2024-07-14",0,1,3,4,0.0,"N",62.0,1060.0,39.0,"2024-08-19","2024-08-22"
"SKU-SHO-0039","2024-07-14",0,2,4,12,0.0,"N",49.0,809.0,31.0,"2024-08-14","2024-08-14"
"SKU-SHO-0040","2024-07-14",16,1,5,7,96.0,"N",0.0,0.0,0.0,"",""
"SKU-TSH-0041","2024-07-14",34,1,2,5,510.0,"N",0.0,0.0,0.0,"",""
"SKU-CRO-0042","2024-07-14",10,2,3,7,100.0,"N",0.0,0.0,0.0,"",""
"SKU-CRO-0043","2024-07-14",0,1,3,7,0.0,"N",0.0,0.0,0.0,"",""
"SKU-JAC-0044","2024-07-14",11,0,4,8,82.5,"N",0.0,0.0,0.0,"",""
"SKU-SHI-0045","2024-07-14",27,0,1,5,810.0,"N",0.0,0.0,0.0,"",""
"SKU-JAC-0046","2024-07-14",29,1,2,6,435.0,"N",0.0,0.0,0.0,"",""
"SKU-PAN-0047","2024-07-14",4,2,5,8,24.0,"N",0.0,0.0,0.0,"",""
"SKU-CRO-0048","2024-07-14",0,0,5,7,0.0,"N",0.0,0.0,0.0,"",""
"SKU-TSH-0049","2024-07-14",33,1,1,2,990.0,"N",0.0,0.0,0.0,"",""
"SKU-SHO-0050","2024-07-14",37,1,6,7,185.0,"N",0.0,0.0,0.0,"",""
"SKU-SHI-0051","2024-07-14",0,1,4,8,0.0,"N",51.0,928.0,48.0,"2024-08-31","2024-08-31"
"SKU-SHI-0052","2024-07-14",0,3,7,9,0.0,"N",0.0,0.0,0.0,"",""
"SKU-JAC-0053","2024-07-14",0,0,0,3,999.0,"N",0.0,0.0,0.0,"",""
"SKU-SHI-0054","2024-07-14",0,1,2,6,0.0,"N",45.0,963.0,50.0,"2024-08-30","2024-09-02"
"SKU-JAC-0055","2024-07-14",35,1,4,7,262.5,"N",0.0,0.0,0.0,"",""
"SKU-SHI-0001","2024-07-21",0,28,154,329,0.0,"N",246.0,705.0,54.0,"2024-09-13","2024-09-13"
"SKU-PAN-0002","2024-07-21",0,21,79,183,0.0,"N",0.0,0.0,0.0,"",""
"SKU-SHI-0003","2024-07-21",0,11,52,111,0.0,"N",0.0,0.0,0.0,"",""
"SKU-TSH-0004","2024-07-21",0,7,28,71,0.0,"N",0.0,0.0,0.0,"",""
"SKU-CRO-0005","2024-07-21",0,3,27,50,0.0,"N",80.0,846.0,32.0,"2024-08-21","2024-08-22"
"SKU-SHI-0006","2024-07-21",0,7,22,50,0.0,"N",0.0,0.0,0.0,"",""
"SKU-CRO-0007","2024-07-21",0,3,23,51,0.0,"N",0.0,0.0,0.0,"",""
"SKU-PAN-0008","2024-07-21",0,4,21,38,0.0,"N",0.0,0.0,0.0,"",""
"SKU-PAN-0009","2024-07-21",0,2,7,15,0.0,"N",0.0,0.0,0.0,"",""
"SKU-TSH-0010","2024-07-21",0,4,15,31,0.0,"N",0.0,0.0,0.0,"",""
"SKU-SHO-0011","2024-07-21",0,1,14,34,0.0,"N",0.0,0.0,0.0,"",""
"SKU-TSH-0012","2024-07-21",0,3,15,28,0.0,"N",0.0,0.0,0.0,"",""
"SKU-SHI-0013","2024-07-21",0,4,12,22,0.0,"N",40.0,1227.0,40.0,"2024-08-27","2024-08-30"
"SKU-CRO-0014","2024-07-21",0,2,10,22,0.0,"N",62.0,756.0,40.0,"2024-08-30","2024-08-30"
"SKU-SHI-0015","2024-07-21",0,0,5,19,0.0,"N",50.0,940.0,58.0,"2024-09-14","2024-09-17"
"SKU-PAN-0016","2024-07-21",0,2,8,17,0.0,"N",0.0,0.0,0.0,"",""
"SKU-SHI-0017","2024-07-21",0,2,6,18,0.0,"N",0.0,0.0,0.0,"",""
"SKU-PAN-0018","2024-07-21",0,4,6,14,0.0,"N",0.0,0.0,0.0,"",""
"SKU-CRO-0019","2024-07-21",0,2,10,15,0.0,"N",56.0,726.0,47.0,"2024-09-06","2024-09-06"
"SKU-PAN-0020","2024-07-21",0,5,13,18,0.0,"N",74.0,1163.0,32.0,"2024-08-19","2024-08-22"
"SKU-PAN-0021","2024-07-21",0,1,8,18,0.0,"N",0.0,0.0,0.0,"",""
"SKU-PAN-0022","2024-07-21",0,1,7,15,0.0,"N",0.0,0.0,0.0,"",""
"SKU-SHO-0023","2024-07-21",0,1,6,13,0.0,"N",0.0,0.0,0.0,"",""
"SKU-SHI-0024","2024-07-21",0,1,6,13,0.0,"N",0.0,0.0,0.0,"",""
"SKU-JAC-0025","2024-07-21",0,1,6,9,0.0,"N",0.0,0.0,0.0,"",""
"SKU-PAN-0026","2024-07-21",0,1,2,14,0.0,"N",0.0,0.0,0.0,"",""
"SKU-JAC-0027","2024-07-21",0,2,5,10,0.0,"N",56.0,1871.0,43.0,"2024-08-30","2024-09-02"
"SKU-PAN-0028","2024-07-21",0,0,3,7,0.0,"N",56.0,1317.0,39.0,"2024-08-24","2024-08-29"
"SKU-TSH-0029","2024-07-21",0,0,6,11,0.0,"N",40.0,701.0,45.0,"2024-09-01","2024-09-04"
"SKU-CRO-0030","2024-07-21",0,0,3,7,0.0,"N",0.0,0.0,0.0,"",""
"SKU-JAC-0031","2024-07-21",0,0,1,6,0.0,"N",50.0,1800.0,50.0,"2024-09-08","2024-09-09"
"SKU-TSH-0032","2024-07-21",0,0,0,2,999.0,"N",0.0,0.0,0.0,"",""
"SKU-SHO-0033","2024-07-21",0,0,3,9,0.0,"N",40.0,758.0,28.0,"2024-08-18","2024-08-18"
"SKU-PAN-0034","2024-07-21",0,0,0,4,999.0,"N",0.0,0.0,0.0,"",""
"SKU-CRO-0035","2024-07-21",0,0,3,7,0.0,"N",40.0,721.0,58.0,"2024-09-14","2024-09-17"
"SKU-SHI-0036","2024-07-21",22,0,2,7,330.0,"N",0.0,0.0,0.0,"",""
"SKU-CRO-0037","2024-07-21",2,1,3,7,20.0,"N",0.0,0.0,0.0,"",""
"SKU-CRO-0038","2024-07-21",0,2,5,6,0.0,"N",0.0,0.0,0.0,"",""
"SKU-SHO-0039","2024-07-21",0,0,4,10,0.0,"N",0.0,0.0,0.0,"",""
"SKU-SHO-0040","2024-07-21",14,2,6,7,70.0,"N",0.0,0.0,0.0,"",""
"SKU-TSH-0041","2024-07-21",34,0,2,4,510.0,"N",0.0,0.0,0.0,"",""
"SKU-CRO-0042","2024-07-21",10,0,3,7,100.0,"N",0.0,0.0,0.0,"",""
"SKU-CRO-0043","2024-07-21",0,3,6,10,0.0,"N",0.0,0.0,0.0,"",""
"SKU-JAC-0044","2024-07-21",9,2,5,10,54.0,"N",0.0,0.0,0.0,"",""
"SKU-SHI-0045","2024-07-21",27,0,1,4,810.0,"N",0.0,0.0,0.0,"",""
"SKU-JAC-0046","2024-07-21",28,1,3,7,280.0,"N",0.0,0.0,0.0,"",""
"SKU-PAN-0047","2024-07-21",2,2,6,10,10.0,"N",55.0,959.0,46.0,"2024-09-05","2024-09-05"
"SKU-CRO-0048","2024-07-21",0,0,4,6,0.0,"N",0.0,0.0,0.0,"",""
"SKU-TSH-0049","2024-07-21",32,1,2,3,480.0,"N",0.0,0.0,0.0,"",""
"SKU-SHO-0050","2024-07-21",37,0,3,7,370.0,"N",0.0,0.0,0.0,"",""
"SKU-SHI-0051","2024-07-21",0,0,4,5,0.0,"N",0.0,0.0,0.0,"",""
"SKU-SHI-0052","2024-07-21",0,0,5,9,0.0,"N",40.0,1141.0,59.0,"2024-09-13","2024-09-18"
"SKU-JAC-0053","2024-07-21",0,1,1,4,0.0,"N",46.0,1660.0,40.0,"2024-08-29","2024-08-30"
"SKU-SHI-0054","2024-07-21",0,1,2,6,0.0,"N",0.0,0.0,0.0,"",""
"SKU-JAC-0055","2024-07-21",35,0,4,7,262.5,"N",0.0,0.0,0.0,"",""
"SKU-SHI-0001","2024-07-28",0,46,155,336,0.0,"N",0.0,0.0,0.0,"",""
"SKU-PAN-0002","2024-07-28",0,13,76,176,0.0,"N",156.0,982.0,38.0,"2024-09-04","2024-09-04"
"SKU-SHI-0003","2024-07-28",0,16,58,116,0.0,"N",0.0,0.0,0.0,"",""
"SKU-TSH-0004","2024-07-28",0,5,27,73,0.0,"N",0.0,0.0,0.0,"",""
"SKU-CRO-0005","2024-07-28",0,5,23,49,0.0,"N",0.0,0.0,0.0,"",""
"SKU-SHI-0006","2024-07-28",0,9,25,54,0.0,"N",0.0,0.0,0.0,"",""
"SKU-CRO-0007","2024-07-28",0,4,20,50,0.0,"N",75.0,818.0,51.0,"2024-09-17","2024-09-17"
"SKU-PAN-0008","2024-07-28",0,2,19,37,0.0,"N",0.0,0.0,0.0,"",""
"SKU-PAN-0009","2024-07-28",0,5,8,17,0.0,"N",0.0,0.0,0.0,"",""
"SKU-TSH-0010","2024-07-28",0,1,9,29,0.0,"N",0.0,0.0,0.0,"",""
"SKU-SHO-0011","2024-07-28",0,1,15,31,0.0,"N",0.0,0.0,0.0,"",""
"SKU-TSH-0012","2024-07-28",0,2,13,29,0.0,"N",64.0,715.0,37.0,"2024-08-29","2024-09-03"
"SKU-SHI-0013","2024-07-28",0,4,13,23,0.0,"N",0.0,0.0,0.0,"",""
"SKU-CRO-0014","2024-07-28",0,2,8,21,0.0,"N",0.0,0.0,0.0,"",""
"SKU-SHI-0015","2024-07-28",0,3,7,18,0.0,"N",0.0,0.0,0.0,"",""
"SKU-PAN-0016","2024-07-28",0,2,7,18,0.0,"N",0.0,0.0,0.0,"",""
"SKU-SHI-0017","2024-07-28",0,2,8,17,0.0,"N",54.0,842.0,39.0,"2024-09-05","2024-09-05"
"SKU-PAN-0018","2024-07-28",0,3,7,17,0.0,"N",0.0,0.0,0.0,"",""
"SKU-CRO-0019","2024-07-28",0,0,8,14,0.0,"N",0.0,0.0,0.0,"",""
"SKU-PAN-0020","2024-07-28",0,2,11,19,0.0,"N",0.0,0.0,0.0,"",""
"SKU-PAN-0021","2024-07-28",0,0,7,15,0.0,"N",40.0,1216.0,32.0,"2024-08-28","2024-08-29"
"SKU-PAN-0022","2024-07-28",0,1,6,16,0.0,"N",0.0,0.0,0.0,"",""
"SKU-SHO-0023","2024-07-28",0,2,3,13,0.0,"N",62.0,668.0,34.0,"2024-08-30","2024-08-31"
"SKU-SHI-0024","2024-07-28",0,0,5,12,0.0,"N",60.0,854.0,36.0,"2024-09-02","2024-09-02"
"SKU-JAC-0025","2024-07-28",0,0,6,8,0.0,"N",66.0,1639.0,52.0,"2024-09-15","2024-09-18"
"SKU-PAN-0026","2024-07-28",0,0,1,14,0.0,"N",0.0,0.0,0.0,"",""
"SKU-JAC-0027","2024-07-28",0,0,4,8,0.0,"N",0.0,0.0,0.0,"",""
"SKU-PAN-0028","2024-07-28",0,1,3,7,0.0,"N",0.0,0.0,0.0,"",""
"SKU-TSH-0029","2024-07-28",0,0,5,11,0.0,"N",0.0,0.0,0.0,"",""
"SKU-CRO-0030","2024-07-28",0,0,1,5,0.0,"N",0.0,0.0,0.0,"",""
"SKU-JAC-0031","2024-07-28",0,0,0,3,999.0,"N",0.0,0.0,0.0,"",""
"SKU-TSH-0032","2024-07-28",0,1,1,3,0.0,"N",48.0,627.0,41.0,"2024-09-07","2024-09-07"
"SKU-SHO-0033","2024-07-28",0,2,3,11,0.0,"N",0.0,0.0,0.0,"",""
"SKU-PAN-0034","2024-07-28",0,0,0,3,999.0,"N",0.0,0.0,0.0,"",""
"SKU-CRO-0035","2024-07-28",0,1,2,7,0.0,"N",0.0,0.0,0.0,"",""
"SKU-SHI-0036","2024-07-28",21,1,2,6,315.0,"N",0.0,0.0,0.0,"",""
"SKU-CRO-0037","2024-07-28",2,0,2,6,30.0,"N",0.0,0.0,0.0,"",""
"SKU-CRO-0038","2024-07-28",0,2,7,8,0.0,"N",0.0,0.0,0.0,"",""
"SKU-SHO-0039","2024-07-28",0,2,5,11,0.0,"N",0.0,0.0,0.0,"",""
"SKU-SHO-0040","2024-07-28",14,0,4,7,105.0,"N",0.0,0.0,0.0,"",""
"SKU-TSH-0041","2024-07-28",34,0,1,4,999.0,"N",0.0,0.0,0.0,"",""
"SKU-CRO-0042","2024-07-28",9,1,4,6,67.5,"N",0.0,0.0,0.0,"",""
"SKU-CRO-0043","2024-07-28",0,1,7,10,0.0,"N",0.0,0.0,0.0,"",""
"SKU-JAC-0044","2024-07-28",7,2,5,11,42.0,"N",0.0,0.0,0.0,"",""
"SKU-SHI-0045","2024-07-28",25,2,2,6,375.0,"N",0.0,0.0,0.0,"",""
"SKU-JAC-0046","2024-07-28",26,2,4,6,195.0,"N",0.0,0.0,0.0,"",""
"SKU-PAN-0047","2024-07-28",2,0,4,10,15.0,"N",0.0,0.0,0.0,"",""
"SKU-CRO-0048","2024-07-28",0,0,1,5,0.0,"N",46.0,736.0,28.0,"2024-08-25","2024-08-25"
"SKU-TSH-0049","2024-07-28",32,0,2,3,480.0,"N",0.0,0.0,0.0,"",""
"SKU-SHO-0050","2024-07-28",37,0,3,7,370.0,"N",0.0,0.0,0.0,"",""
"SKU-SHI-0051","2024-07-28",0,1,3,6,0.0,"N",0.0,0.0,0.0,"",""
"SKU-SHI-0052","2024-07-28",0,0,4,9,0.0,"N",0.0,0.0,0.0,"",""
"SKU-JAC-0053","2024-07-28",0,0,1,4,0.0,"N",0.0,0.0,0.0,"",""
"SKU-SHI-0054","2024-07-28",0,1,3,5,0.0,"N",0.0,0.0,0.0,"",""
"SKU-JAC-0055","2024-07-28",34,1,4,7,255.0,"N",0.0,0.0,0.0,"",""
"SKU-SHI-0001","2024-08-04",0,56,181,350,0.0,"N",0.0,0.0,0.0,"",""
"SKU-PAN-0002","2024-08-04",0,25,85,170,0.0,"N",0.0,0.0,0.0,"",""
"SKU-SHI-0003","2024-08-04",0,18,66,110,0.0,"N",130.0,1004.0,43.0,"2024-09-11","2024-09-16"
"SKU-TSH-0004","2024-08-04",0,6,26,69,0.0,"N",0.0,0.0,0.0,"",""
"SKU-CRO-0005","2024-08-04",0,8,24,51,0.0,"N",0.0,0.0,0.0,"",""
"SKU-SHI-0006","2024-08-04",0,8,27,56,0.0,"N",0.0,0.0,0.0,"",""
"SKU-CRO-0007","2024-08-04",0,5,20,49,0.0,"N",0.0,0.0,0.0,"",""
"SKU-PAN-0008","2024-08-04",0,9,20,44,0.0,"N",0.0,0.0,0.0,"",""
"SKU-PAN-0009","2024-08-04",0,5,12,20,0.0,"N",0.0,0.0,0.0,"",""
"SKU-TSH-0010","2024-08-04",0,7,14,32,0.0,"N",0.0,0.0,0.0,"",""
"SKU-SHO-0011","2024-08-04",0,8,17,33,0.0,"N",0.0,0.0,0.0,"",""
"SKU-TSH-0012","2024-08-04",0,2,12,26,0.0,"N",0.0,0.0,0.0,"",""
"SKU-SHI-0013","2024-08-04",0,5,17,26,0.0,"N",0.0,0.0,0.0,"",""
"SKU-CRO-0014","2024-08-04",0,1,9,19,0.0,"N",0.0,0.0,0.0,"",""
"SKU-SHI-0015","2024-08-04",0,4,7,18,0.0,"N",0.0,0.0,0.0,"",""
"SKU-PAN-0016","2024-08-04",0,4,11,20,0.0,"N",0.0,0.0,0.0,"",""
"SKU-SHI-0017","2024-08-04",0,0,5,14,0.0,"N",0.0,0.0,0.0,"",""
"SKU-PAN-0018","2024-08-04",0,3,10,18,0.0,"N",0.0,0.0,0.0,"",""
"SKU-CRO-0019","2024-08-04",0,2,8,14,0.0,"N",0.0,0.0,0.0,"",""
"SKU-PAN-0020","2024-08-04",0,2,13,17,0.0,"N",0.0,0.0,0.0,"",""
"SKU-PAN-0021","2024-08-04",0,5,10,19,0.0,"N",0.0,0.0,0.0,"",""
"SKU-PAN-0022","2024-08-04",0,1,4,16,0.0,"N",40.0,1076.0,38.0,"2024-09-10","2024-09-11"
"SKU-SHO-0023","2024-08-04",0,2,5,14,0.0,"N",0.0,0.0,0.0,"",""
"SKU-SHI-0024","2024-08-04",0,4,6,15,0.0,"N",0.0,0.0,0.0,"",""
"SKU-JAC-0025","2024-08-04",0,1,6,8,0.0,"N",0.0,0.0,0.0,"",""
"SKU-PAN-0026","2024-08-04",0,3,4,15,0.0,"N",0.0,0.0,0.0,"",""
"SKU-JAC-0027","2024-08-04",0,1,4,8,0.0,"N",0.0,0.0,0.0,"",""
"SKU-PAN-0028","2024-08-04",0,1,3,7,0.0,"N",0.0,0.0,0.0,"",""
"SKU-TSH-0029","2024-08-04",0,1,5,9,0.0,"N",0.0,0.0,0.0,"",""
"SKU-CRO-0030","2024-08-04",0,4,5,9,0.0,"N",0.0,0.0,0.0,"",""
"SKU-JAC-0031","2024-08-04",0,3,3,6,0.0,"N",0.0,0.0,0.0,"",""
"SKU-TSH-0032","2024-08-04",0,3,4,6,0.0,"N",0.0,0.0,0.0,"",""
"SKU-SHO-0033","2024-08-04",0,2,5,11,0.0,"N",0.0,0.0,0.0,"",""
"SKU-PAN-0034","2024-08-04",0,0,0,3,999.0,"N",0.0,0.0,0.0,"",""
"SKU-CRO-0035","2024-08-04",0,3,4,9,0.0,"N",0.0,0.0,0.0,"",""
"SKU-SHI-0036","2024-08-04",21,0,2,4,315.0,"N",0.0,0.0,0.0,"",""
"SKU-CRO-0037","2024-08-04",1,1,3,5,10.0,"N",40.0,657.0,59.0,"2024-09-29","2024-10-02"
"SKU-CRO-0038","2024-08-04",0,0,6,7,0.0,"N",0.0,0.0,0.0,"",""
"SKU-SHO-0039","2024-08-04",0,0,4,11,0.0,"N",0.0,0.0,0.0,"",""
"SKU-SHO-0040","2024-08-04",11,3,6,10,55.0,"N",0.0,0.0,0.0,"",""
"SKU-TSH-0041","2024-08-04",34,0,1,3,999.0,"N",0.0,0.0,0.0,"",""
"SKU-CRO-0042","2024-08-04",9,0,3,5,90.0,"N",0.0,0.0,0.0,"",""
"SKU-CRO-0043","2024-08-04",0,0,5,9,0.0,"N",52.0,677.0,56.0,"2024-09-27","2024-09-29"
"SKU-JAC-0044","2024-08-04",3,4,8,12,11.2,"N",68.0,1860.0,40.0,"2024-09-12","2024-09-13"
"SKU-SHI-0045","2024-08-04",25,0,2,4,375.0,"N",0.0,0.0,0.0,"",""
"SKU-JAC-0046","2024-08-04",26,0,4,6,195.0,"N",0.0,0.0,0.0,"",""
"SKU-PAN-0047","2024-08-04",2,0,4,9,15.0,"N",0.0,0.0,0.0,"",""
"SKU-CRO-0048","2024-08-04",0,1,1,6,0.0,"N",0.0,0.0,0.0,"",""
"SKU-TSH-0049","2024-08-04",31,1,3,4,310.0,"N",0.0,0.0,0.0,"",""
"SKU-SHO-0050","2024-08-04",35,2,4,8,262.5,"N",0.0,0.0,0.0,"",""
"SKU-SHI-0051","2024-08-04",0,1,3,6,0.0,"N",0.0,0.0,0.0,"",""
"SKU-SHI-0052","2024-08-04",0,1,5,9,0.0,"N",0.0,0.0,0.0,"",""
"SKU-JAC-0053","2024-08-04",0,1,2,3,0.0,"N",0.0,0.0,0.0,"",""
"SKU-SHI-0054","2024-08-04",0,0,3,5,0.0,"N",0.0,0.0,0.0,"",""
"SKU-JAC-0055","2024-08-04",33,1,4,7,247.5,"N",0.0,0.0,0.0,"",""
"SKU-SHI-0001","2024-08-11",0,70,208,378,0.0,"N",0.0,0.0,0.0,"",""
"SKU-PAN-0002","2024-08-11",0,30,98,175,0.0,"N",0.0,0.0,0.0,"",""
"SKU-SHI-0003","2024-08-11",0,19,67,118,0.0,"N",0.0,0.0,0.0,"",""
"SKU-TSH-0004","2024-08-11",0,8,27,60,0.0,"N",58.0,539.0,36.0,"2024-09-14","2024-09-16"
"SKU-CRO-0005","2024-08-11",0,12,29,55,0.0,"N",0.0,0.0,0.0,"",""
"SKU-SHI-0006","2024-08-11",0,12,36,60,0.0,"N",65.0,1097.0,29.0,"2024-09-08","2024-09-09"
"SKU-CRO-0007","2024-08-11",0,12,24,51,0.0,"N",0.0,0.0,0.0,"",""
"SKU-PAN-0008","2024-08-11",0,4,19,44,0.0,"N",88.0,1152.0,35.0,"2024-09-15","2024-09-15"
"SKU-PAN-0009","2024-08-11",0,7,19,25,0.0,"N",70.0,1008.0,56.0,"2024-10-01","2024-10-06"
"SKU-TSH-0010","2024-08-11",0,4,17,34,0.0,"N",52.0,782.0,45.0,"2024-09-20","2024-09-25"
"SKU-SHO-0011","2024-08-11",0,5,17,31,0.0,"N",60.0,761.0,31.0,"2024-09-08","2024-09-11"
"SKU-TSH-0012","2024-08-11",0,3,10,27,0.0,"N",0.0,0.0,0.0,"",""
"SKU-SHI-0013","2024-08-11",0,2,15,24,0.0,"N",0.0,0.0,0.0,"",""
"SKU-CRO-0014","2024-08-11",0,3,8,19,0.0,"N",0.0,0.0,0.0,"",""
"SKU-SHI-0015","2024-08-11",0,2,9,16,0.0,"N",0.0,0.0,0.0,"",""
"SKU-PAN-0016","2024-08-11",0,2,12,18,0.0,"N",40.0,970.0,30.0,"2024-09-08","2024-09-10"
"SKU-SHI-0017","2024-08-11",0,2,7,14,0.0,"N",0.0,0.0,0.0,"",""
"SKU-PAN-0018","2024-08-11",0,1,11,17,0.0,"N",68.0,1176.0,53.0,"2024-09-28","2024-10-03"
"SKU-CRO-0019","2024-08-11",0,1,5,14,0.0,"N",0.0,0.0,0.0,"",""
"SKU-PAN-0020","2024-08-11",0,4,14,21,0.0,"N",0.0,0.0,0.0,"",""
"SKU-PAN-0021","2024-08-11",0,3,9,18,0.0,"N",0.0,0.0,0.0,"",""
"SKU-PAN-0022","2024-08-11",0,0,3,12,0.0,"N",0.0,0.0,0.0,"",""
"SKU-SHO-0023","2024-08-11",0,3,8,17,0.0,"N",0.0,0.0,0.0,"",""
"SKU-SHI-0024","2024-08-11",0,1,6,13,0.0,"N",0.0,0.0,0.0,"",""
"SKU-JAC-0025","2024-08-11",0,1,3,8,0.0,"N",0.0,0.0,0.0,"",""
"SKU-PAN-0026","2024-08-11",0,1,5,13,0.0,"N",40.0,1332.0,50.0,"2024-09-29","2024-09-30"
"SKU-JAC-0027","2024-08-11",0,2,5,8,0.0,"N",0.0,0.0,0.0,"",""
"SKU-PAN-0028","2024-08-11",0,2,4,7,0.0,"N",0.0,0.0,0.0,"",""
"SKU-TSH-0029","2024-08-11",0,1,5,8,0.0,"N",0.0,0.0,0.0,"",""
"SKU-CRO-0030","2024-08-11",0,2,6,9,0.0,"N",63.0,621.0,47.0,"2024-09-22","2024-09-27"
"SKU-JAC-0031","2024-08-11",0,1,4,5,0.0,"N",0.0,0.0,0.0,"",""
"SKU-TSH-0032","2024-08-11",0,4,8,8,0.0,"N",0.0,0.0,0.0,"",""
"SKU-SHO-0033","2024-08-11",0,5,9,15,0.0,"N",0.0,0.0,0.0,"",""
"SKU-PAN-0034","2024-08-11",0,0,0,1,999.0,"N",0.0,0.0,0.0,"",""
"SKU-CRO-0035","2024-08-11",0,3,7,12,0.0,"N",0.0,0.0,0.0,"",""
"SKU-SHI-0036","2024-08-11",17,4,5,7,102.0,"N",0.0,0.0,0.0,"",""
"SKU-CRO-0037","2024-08-11",0,2,4,7,0.0,"N",0.0,0.0,0.0,"",""
"SKU-CRO-0038","2024-08-11",0,1,5,8,0.0,"N",40.0,1060.0,38.0,"2024-09-18","2024-09-18"
"SKU-SHO-0039","2024-08-11",0,0,2,7,0.0,"N",55.0,809.0,49.0,"2024-09-24","2024-09-29"
"SKU-SHO-0040","2024-08-11",11,0,5,10,66.0,"N",0.0,0.0,0.0,"",""
"SKU-TSH-0041","2024-08-11",34,0,0,2,999.0,"N",0.0,0.0,0.0,"",""
"SKU-CRO-0042","2024-08-11",9,0,2,4,135.0,"N",0.0,0.0,0.0,"",""
"SKU-CRO-0043","2024-08-11",0,1,5,10,0.0,"N",0.0,0.0,0.0,"",""
"SKU-JAC-0044","2024-08-11",3,0,8,12,11.2,"N",0.0,0.0,0.0,"",""
"SKU-SHI-0045","2024-08-11",25,0,2,3,375.0,"N",0.0,0.0,0.0,"",""
"SKU-JAC-0046","2024-08-11",26,0,3,5,260.0,"N",0.0,0.0,0.0,"",""
"SKU-PAN-0047","2024-08-11",2,0,2,7,30.0,"N",0.0,0.0,0.0,"",""
"SKU-CRO-0048","2024-08-11",0,0,1,6,0.0,"N",0.0,0.0,0.0,"",""
"SKU-TSH-0049","2024-08-11",31,0,2,3,465.0,"N",0.0,0.0,0.0,"",""
"SKU-SHO-0050","2024-08-11",35,0,2,8,525.0,"N",0.0,0.0,0.0,"",""
"SKU-SHI-0051","2024-08-11",0,1,3,7,0.0,"N",40.0,928.0,32.0,"2024-09-11","2024-09-12"
"SKU-SHI-0052","2024-08-11",0,0,1,8,0.0,"N",0.0,0.0,0.0,"",""
"SKU-JAC-0053","2024-08-11",0,0,2,2,0.0,"N",0.0,0.0,0.0,"",""
"SKU-SHI-0054","2024-08-11",0,0,2,4,0.0,"N",40.0,963.0,48.0,"2024-09-26","2024-09-28"
"SKU-JAC-0055","2024-08-11",30,3,5,9,180.0,"N",0.0,0.0,0.0,"",""
"SKU-SHI-0001","2024-08-18",0,55,236,389,0.0,"N",405.0,705.0,32.0,"2024-09-17","2024-09-19"
"SKU-PAN-0002","2024-08-18",0,29,104,180,0.0,"N",0.0,0.0,0.0,"",""
"SKU-SHI-0003","2024-08-18",0,19,73,124,0.0,"N",0.0,0.0,0.0,"",""
"SKU-TSH-0004","2024-08-18",0,12,32,65,0.0,"N",0.0,0.0,0.0,"",""
"SKU-CRO-0005","2024-08-18",0,17,44,69,0.0,"N",89.0,846.0,38.0,"2024-09-25","2024-09-25"
"SKU-SHI-0006","2024-08-18",0,7,38,61,0.0,"N",0.0,0.0,0.0,"",""
"SKU-CRO-0007","2024-08-18",0,5,26,51,0.0,"N",0.0,0.0,0.0,"",""
"SKU-PAN-0008","2024-08-18",0,6,22,43,0.0,"N",0.0,0.0,0.0,"",""
"SKU-PAN-0009","2024-08-18",0,8,26,32,0.0,"N",0.0,0.0,0.0,"",""
"SKU-TSH-0010","2024-08-18",0,3,17,30,0.0,"N",0.0,0.0,0.0,"",""
"SKU-SHO-0011","2024-08-18",0,2,16,31,0.0,"N",0.0,0.0,0.0,"",""
"SKU-TSH-0012","2024-08-18",0,3,11,26,0.0,"N",0.0,0.0,0.0,"",""
"SKU-SHI-0013","2024-08-18",0,3,17,27,0.0,"N",66.0,1227.0,43.0,"2024-09-25","2024-09-30"
"SKU-CRO-0014","2024-08-18",0,4,10,20,0.0,"N",65.0,756.0,56.0,"2024-10-13","2024-10-13"
"SKU-SHI-0015","2024-08-18",0,1,10,15,0.0,"N",70.0,940.0,37.0,"2024-09-22","2024-09-24"
"SKU-PAN-0016","2024-08-18",0,0,8,16,0.0,"N",0.0,0.0,0.0,"",""
"SKU-SHI-0017","2024-08-18",0,2,6,14,0.0,"N",0.0,0.0,0.0,"",""
"SKU-PAN-0018","2024-08-18",0,4,12,17,0.0,"N",0.0,0.0,0.0,"",""
"SKU-CRO-0019","2024-08-18",0,1,5,14,0.0,"N",44.0,726.0,49.0,"2024-10-06","2024-10-06"
"SKU-PAN-0020","2024-08-18",0,0,10,21,0.0,"N",70.0,1163.0,35.0,"2024-09-17","2024-09-22"
"SKU-PAN-0021","2024-08-18",0,4,13,21,0.0,"N",0.0,0.0,0.0,"",""
"SKU-PAN-0022","2024-08-18",0,1,3,11,0.0,"N",0.0,0.0,0.0,"",""
"SKU-SHO-0023","2024-08-18",0,1,8,15,0.0,"N",0.0,0.0,0.0,"",""
"SKU-SHI-0024","2024-08-18",0,1,6,13,0.0,"N",0.0,0.0,0.0,"",""
"SKU-JAC-0025","2024-08-18",0,2,4,10,0.0,"N",0.0,0.0,0.0,"",""
"SKU-PAN-0026","2024-08-18",0,1,6,7,0.0,"N",0.0,0.0,0.0,"",""
"SKU-JAC-0027","2024-08-18",0,2,6,10,0.0,"N",60.0,1871.0,43.0,"2024-09-29","2024-09-30"
"SKU-PAN-0028","2024-08-18",0,2,6,9,0.0,"N",56.0,1317.0,49.0,"2024-10-05","2024-10-06"
"SKU-TSH-0029","2024-08-18",0,2,4,10,0.0,"N",42.0,701.0,51.0,"2024-10-06","2024-10-08"
"SKU-CRO-0030","2024-08-18",0,2,8,11,0.0,"N",0.0,0.0,0.0,"",""
"SKU-JAC-0031","2024-08-18",0,0,4,5,0.0,"N",40.0,1800.0,54.0,"2024-10-08","2024-10-11"
"SKU-TSH-0032","2024-08-18",0,1,9,9,0.0,"N",0.0,0.0,0.0,"",""
"SKU-SHO-0033","2024-08-18",0,1,10,15,0.0,"N",59.0,758.0,40.0,"2024-09-27","2024-09-27"
"SKU-PAN-0034","2024-08-18",0,2,2,3,0.0,"N",40.0,1051.0,36.0,"2024-09-23","2024-09-23"
"SKU-CRO-0035","2024-08-18",0,3,10,13,0.0,"N",43.0,721.0,52.0,"2024-10-04","2024-10-09"
"SKU-SHI-0036","2024-08-18",16,1,6,8,80.0,"N",0.0,0.0,0.0,"",""
"SKU-CRO-0037","2024-08-18",0,0,4,7,0.0,"N",0.0,0.0,0.0,"",""
"SKU-CRO-0038","2024-08-18",0,1,6,9,0.0,"N",0.0,0.0,0.0,"",""
"SKU-SHO-0039","2024-08-18",0,1,3,7,0.0,"N",0.0,0.0,0.0,"",""
"SKU-SHO-0040","2024-08-18",11,0,3,9,110.0,"N",0.0,0.0,0.0,"",""
"SKU-TSH-0041","2024-08-18",34,0,0,2,999.0,"N",0.0,0.0,0.0,"",""
"SKU-CRO-0042","2024-08-18",9,0,1,4,270.0,"N",0.0,0.0,0.0,"",""
"SKU-CRO-0043","2024-08-18",0,2,4,10,0.0,"N",0.0,0.0,0.0,"",""
"SKU-JAC-0044","2024-08-18",2,1,8,12,7.5,"N",0.0,0.0,0.0,"",""
"SKU-SHI-0045","2024-08-18",25,0,2,3,375.0,"N",0.0,0.0,0.0,"",""
"SKU-JAC-0046","2024-08-18",25,1,3,6,250.0,"N",0.0,0.0,0.0,"",""
"SKU-PAN-0047","2024-08-18",0,2,2,9,0.0,"N",57.0,959.0,53.0,"2024-10-07","2024-10-10"
"SKU-CRO-0048","2024-08-18",0,0,1,6,0.0,"N",0.0,0.0,0.0,"",""
"SKU-TSH-0049","2024-08-18",31,0,2,3,465.0,"N",0.0,0.0,0.0,"",""
"SKU-SHO-0050","2024-08-18",34,1,3,9,340.0,"N",0.0,0.0,0.0,"",""
"SKU-SHI-0051","2024-08-18",0,1,4,8,0.0,"N",0.0,0.0,0.0,"",""
"SKU-SHI-0052","2024-08-18",0,0,1,7,0.0,"N",52.0,1141.0,39.0,"2024-09-24","2024-09-26"
"SKU-JAC-0053","2024-08-18",0,2,3,4,0.0,"N",40.0,1660.0,32.0,"2024-09-16","2024-09-19"
"SKU-SHI-0054","2024-08-18",0,2,4,5,0.0,"N",0.0,0.0,0.0,"",""
"SKU-JAC-0055","2024-08-18",30,0,5,9,180.0,"N",0.0,0.0,0.0,"",""
"SKU-SHI-0001","2024-08-25",0,65,258,418,0.0,"N",0.0,0.0,0.0,"",""
"SKU-PAN-0002","2024-08-25",0,38,126,203,0.0,"N",226.0,982.0,56.0,"2024-10-19","2024-10-20"
"SKU-SHI-0003","2024-08-25",0,25,86,140,0.0,"N",0.0,0.0,0.0,"",""
"SKU-TSH-0004","2024-08-25",0,9,37,64,0.0,"N",0.0,0.0,0.0,"",""
"SKU-CRO-0005","2024-08-25",0,10,48,71,0.0,"N",0.0,0.0,0.0,"",""
"SKU-SHI-0006","2024-08-25",0,5,32,59,0.0,"N",0.0,0.0,0.0,"",""
"SKU-CRO-0007","2024-08-25",0,2,24,47,0.0,"N",81.0,818.0,51.0,"2024-10-13","2024-10-15"
"SKU-PAN-0008","2024-08-25",0,7,27,46,0.0,"N",0.0,0.0,0.0,"",""
"SKU-PAN-0009","2024-08-25",0,5,27,34,0.0,"N",0.0,0.0,0.0,"",""
"SKU-TSH-0010","2024-08-25",0,5,19,30,0.0,"N",0.0,0.0,0.0,"",""
"SKU-SHO-0011","2024-08-25",0,2,17,32,0.0,"N",0.0,0.0,0.0,"",""
"SKU-TSH-0012","2024-08-25",0,7,15,31,0.0,"N",78.0,715.0,56.0,"2024-10-18","2024-10-20"
"SKU-SHI-0013","2024-08-25",0,3,13,26,0.0,"N",0.0,0.0,0.0,"",""
"SKU-CRO-0014","2024-08-25",0,4,13,22,0.0,"N",0.0,0.0,0.0,"",""
"SKU-SHI-0015","2024-08-25",0,4,13,18,0.0,"N",0.0,0.0,0.0,"",""
"SKU-PAN-0016","2024-08-25",0,6,14,19,0.0,"N",0.0,0.0,0.0,"",""
"SKU-SHI-0017","2024-08-25",0,4,8,16,0.0,"N",40.0,842.0,51.0,"2024-10-12","2024-10-15"
"SKU-PAN-0018","2024-08-25",0,3,12,18,0.0,"N",0.0,0.0,0.0,"",""
"SKU-CRO-0019","2024-08-25",0,3,7,15,0.0,"N",0.0,0.0,0.0,"",""
"SKU-PAN-0020","2024-08-25",0,3,9,21,0.0,"N",0.0,0.0,0.0,"",""
"SKU-PAN-0021","2024-08-25",0,2,14,21,0.0,"N",40.0,1216.0,35.0,"2024-09-28","2024-09-29"
"SKU-PAN-0022","2024-08-25",0,1,3,9,0.0,"N",0.0,0.0,0.0,"",""
"SKU-SHO-0023","2024-08-25",0,2,8,11,0.0,"N",43.0,668.0,35.0,"2024-09-24","2024-09-29"
"SKU-SHI-0024","2024-08-25",0,0,6,12,0.0,"N",40.0,854.0,59.0,"2024-10-18","2024-10-23"
"SKU-JAC-0025","2024-08-25",0,0,4,10,0.0,"N",40.0,1639.0,47.0,"2024-10-06","2024-10-11"
"SKU-PAN-0026","2024-08-25",0,0,5,7,0.0,"N",0.0,0.0,0.0,"",""
"SKU-JAC-0027","2024-08-25",0,2,7,11,0.0,"N",0.0,0.0,0.0,"",""
"SKU-PAN-0028","2024-08-25",0,1,7,9,0.0,"N",0.0,0.0,0.0,"",""
"SKU-TSH-0029","2024-08-25",0,0,4,9,0.0,"N",0.0,0.0,0.0,"",""
"SKU-CRO-0030","2024-08-25",0,4,12,14,0.0,"N",0.0,0.0,0.0,"",""
"SKU-JAC-0031","2024-08-25",0,1,5,5,0.0,"N",0.0,0.0,0.0,"",""
"SKU-TSH-0032","2024-08-25",0,2,10,11,0.0,"N",40.0,627.0,61.0,"2024-10-20","2024-10-25"
"SKU-SHO-0033","2024-08-25",0,3,11,15,0.0,"N",0.0,0.0,0.0,"",""
"SKU-PAN-0034","2024-08-25",0,1,3,3,0.0,"N",0.0,0.0,0.0,"",""
"SKU-CRO-0035","2024-08-25",0,1,11,13,0.0,"N",0.0,0.0,0.0,"",""
"SKU-SHI-0036","2024-08-25",16,0,5,7,96.0,"N",0.0,0.0,0.0,"",""
"SKU-CRO-0037","2024-08-25",0,0,3,5,0.0,"N",0.0,0.0,0.0,"",""
"SKU-CRO-0038","2024-08-25",0,0,2,9,0.0,"N",0.0,0.0,0.0,"",""
"SKU-SHO-0039","2024-08-25",0,0,3,6,0.0,"N",0.0,0.0,0.0,"",""
"SKU-SHO-0040","2024-08-25",10,1,4,8,75.0,"N",0.0,0.0,0.0,"",""
"SKU-TSH-0041","2024-08-25",34,0,0,2,999.0,"N",0.0,0.0,0.0,"",""
"SKU-CRO-0042","2024-08-25",8,1,1,5,240.0,"N",0.0,0.0,0.0,"",""
"SKU-CRO-0043","2024-08-25",0,0,4,10,0.0,"N",0.0,0.0,0.0,"",""
"SKU-JAC-0044","2024-08-25",0,2,7,14,0.0,"N",0.0,0.0,0.0,"",""
"SKU-SHI-0045","2024-08-25",23,2,3,4,230.0,"N",0.0,0.0,0.0,"",""
"SKU-JAC-0046","2024-08-25",22,3,5,8,132.0,"N",0.0,0.0,0.0,"",""
"SKU-PAN-0047","2024-08-25",0,0,2,7,0.0,"N",0.0,0.0,0.0,"",""
"SKU-CRO-0048","2024-08-25",0,2,3,5,0.0,"N",46.0,736.0,47.0,"2024-10-10","2024-10-11"
"SKU-TSH-0049","2024-08-25",31,0,1,3,930.0,"N",0.0,0.0,0.0,"",""
"SKU-SHO-0050","2024-08-25",34,0,3,6,340.0,"N",0.0,0.0,0.0,"",""
"SKU-SHI-0051","2024-08-25",0,1,4,7,0.0,"N",0.0,0.0,0.0,"",""
"SKU-SHI-0052","2024-08-25",0,1,2,6,0.0,"N",0.0,0.0,0.0,"",""
"SKU-JAC-0053","2024-08-25",0,0,3,4,0.0,"N",0.0,0.0,0.0,"",""
"SKU-SHI-0054","2024-08-25",0,0,2,5,0.0,"N",0.0,0.0,0.0,"",""
"SKU-JAC-0055","2024-08-25",27,3,8,11,101.2,"N",0.0,0.0,0.0,"",""
"SKU-SHI-0001","2024-09-01",0,61,269,442,0.0,"N",0.0,0.0,0.0,"",""
"SKU-PAN-0002","2024-09-01",0,28,132,214,0.0,"N",0.0,0.0,0.0,"",""
"SKU-SHI-0003","2024-09-01",0,17,87,150,0.0,"N",164.0,1004.0,35.0,"2024-10-05","2024-10-06"
"SKU-TSH-0004","2024-09-01",0,8,41,67,0.0,"N",0.0,0.0,0.0,"",""
"SKU-CRO-0005","2024-09-01",0,11,53,74,0.0,"N",0.0,0.0,0.0,"",""
"SKU-SHI-0006","2024-09-01",0,9,36,60,0.0,"N",0.0,0.0,0.0,"",""
"SKU-CRO-0007","2024-09-01",0,8,28,49,0.0,"N",0.0,0.0,0.0,"",""
"SKU-PAN-0008","2024-09-01",0,9,29,46,0.0,"N",0.0,0.0,0.0,"",""
"SKU-PAN-0009","2024-09-01",0,8,29,41,0.0,"N",0.0,0.0,0.0,"",""
"SKU-TSH-0010","2024-09-01",0,5,20,32,0.0,"N",0.0,0.0,0.0,"",""
"SKU-SHO-0011","2024-09-01",0,3,16,32,0.0,"N",0.0,0.0,0.0,"",""
"SKU-TSH-0012","2024-09-01",0,5,19,31,0.0,"N",0.0,0.0,0.0,"",""
"SKU-SHI-0013","2024-09-01",0,6,16,31,0.0,"N",0.0,0.0,0.0,"",""
"SKU-CRO-0014","2024-09-01",0,3,14,23,0.0,"N",0.0,0.0,0.0,"",""
"SKU-SHI-0015","2024-09-01",0,5,13,20,0.0,"N",0.0,0.0,0.0,"",""
"SKU-PAN-0016","2024-09-01",0,5,14,24,0.0,"N",0.0,0.0,0.0,"",""
"SKU-SHI-0017","2024-09-01",0,1,9,15,0.0,"N",0.0,0.0,0.0,"",""
"SKU-PAN-0018","2024-09-01",0,2,12,20,0.0,"N",0.0,0.0,0.0,"",""
"SKU-CRO-0019","2024-09-01",0,4,10,17,0.0,"N",0.0,0.0,0.0,"",""
"SKU-PAN-0020","2024-09-01",0,4,13,24,0.0,"N",0.0,0.0,0.0,"",""
"SKU-PAN-0021","2024-09-01",0,3,14,23,0.0,"N",0.0,0.0,0.0,"",""
"SKU-PAN-0022","2024-09-01",0,5,7,13,0.0,"N",44.0,1076.0,53.0,"2024-10-21","2024-10-24"
"SKU-SHO-0023","2024-09-01",0,0,7,11,0.0,"N",0.0,0.0,0.0,"",""
"SKU-SHI-0024","2024-09-01",0,2,5,11,0.0,"N",0.0,0.0,0.0,"",""
"SKU-JAC-0025","2024-09-01",0,2,5,11,0.0,"N",0.0,0.0,0.0,"",""
"SKU-PAN-0026","2024-09-01",0,0,2,6,0.0,"N",0.0,0.0,0.0,"",""
"SKU-JAC-0027","2024-09-01",0,1,7,12,0.0,"N",0.0,0.0,0.0,"",""
"SKU-PAN-0028","2024-09-01",0,2,7,10,0.0,"N",0.0,0.0,0.0,"",""
"SKU-TSH-0029","2024-09-01",0,1,5,10,0.0,"N",0.0,0.0,0.0,"",""
"SKU-CRO-0030","2024-09-01",0,3,13,16,0.0,"N",0.0,0.0,0.0,"",""
"SKU-JAC-0031","2024-09-01",0,1,5,6,0.0,"N",0.0,0.0,0.0,"",""
"SKU-TSH-0032","2024-09-01",0,1,9,12,0.0,"N",0.0,0.0,0.0,"",""
"SKU-SHO-0033","2024-09-01",0,0,9,14,0.0,"N",0.0,0.0,0.0,"",""
"SKU-PAN-0034","2024-09-01",0,3,6,6,0.0,"N",0.0,0.0,0.0,"",""
"SKU-CRO-0035","2024-09-01",0,3,11,14,0.0,"N",0.0,0.0,0.0,"",""
"SKU-SHI-0036","2024-09-01",16,0,5,7,96.0,"N",0.0,0.0,0.0,"",""
"SKU-CRO-0037","2024-09-01",0,1,3,6,0.0,"N",50.0,657.0,54.0,"2024-10-25","2024-10-25"
"SKU-CRO-0038","2024-09-01",0,1,3,9,0.0,"N",0.0,0.0,0.0,"",""
"SKU-SHO-0039","2024-09-01",0,0,1,5,0.0,"N",0.0,0.0,0.0,"",""
"SKU-SHO-0040","2024-09-01",10,0,2,7,150.0,"N",0.0,0.0,0.0,"",""
"SKU-TSH-0041","2024-09-01",34,0,0,1,999.0,"N",0.0,0.0,0.0,"",""
"SKU-CRO-0042","2024-09-01",8,0,1,5,240.0,"N",0.0,0.0,0.0,"",""
"SKU-CRO-0043","2024-09-01",0,1,4,11,0.0,"N",48.0,677.0,45.0,"2024-10-16","2024-10-16"
"SKU-JAC-0044","2024-09-01",0,1,7,12,0.0,"N",44.0,1860.0,35.0,"2024-10-01","2024-10-06"
"SKU-SHI-0045","2024-09-01",23,0,2,4,345.0,"N",0.0,0.0,0.0,"",""
"SKU-JAC-0046","2024-09-01",21,1,5,9,126.0,"N",0.0,0.0,0.0,"",""
"SKU-PAN-0047","2024-09-01",0,1,3,7,0.0,"N",0.0,0.0,0.0,"",""
"SKU-CRO-0048","2024-09-01",0,1,4,5,0.0,"N",0.0,0.0,0.0,"",""
"SKU-TSH-0049","2024-09-01",30,1,1,4,900.0,"N",0.0,0.0,0.0,"",""
"SKU-SHO-0050","2024-09-01",33,1,3,6,330.0,"N",0.0,0.0,0.0,"",""
"SKU-SHI-0051","2024-09-01",0,1,4,7,0.0,"N",0.0,0.0,0.0,"",""
"SKU-SHI-0052","2024-09-01",0,1,3,7,0.0,"N",0.0,0.0,0.0,"",""
"SKU-JAC-0053","2024-09-01",0,2,5,6,0.0,"N",0.0,0.0,0.0,"",""
"SKU-SHI-0054","2024-09-01",0,1,3,6,0.0,"N",0.0,0.0,0.0,"",""
"SKU-JAC-0055","2024-09-01",27,0,6,10,135.0,"N",0.0,0.0,0.0,"",""
"SKU-SHI-0001","2024-09-08",0,47,247,451,0.0,"N",0.0,0.0,0.0,"",""
"SKU-PAN-0002","2024-09-08",0,17,121,215,0.0,"N",0.0,0.0,0.0,"",""
"SKU-SHI-0003","2024-09-08",0,9,74,144,0.0,"N",0.0,0.0,0.0,"",""
"SKU-TSH-0004","2024-09-08",0,13,45,71,0.0,"N",124.0,539.0,47.0,"2024-10-25","2024-10-25"
"SKU-CRO-0005","2024-09-08",0,9,48,82,0.0,"N",0.0,0.0,0.0,"",""
"SKU-SHI-0006","2024-09-08",0,5,31,64,0.0,"N",59.0,1097.0,34.0,"2024-10-11","2024-10-12"
"SKU-CRO-0007","2024-09-08",0,2,21,43,0.0,"N",0.0,0.0,0.0,"",""
"SKU-PAN-0008","2024-09-08",0,5,29,47,0.0,"N",78.0,1152.0,53.0,"2024-10-31","2024-10-31"
"SKU-PAN-0009","2024-09-08",0,2,24,42,0.0,"N",77.0,1008.0,44.0,"2024-10-20","2024-10-22"
"SKU-TSH-0010","2024-09-08",0,2,15,32,0.0,"N",40.0,782.0,53.0,"2024-10-31","2024-10-31"
"SKU-SHO-0011","2024-09-08",0,4,12,28,0.0,"N",74.0,761.0,31.0,"2024-10-08","2024-10-09"
"SKU-TSH-0012","2024-09-08",0,1,17,27,0.0,"N",0.0,0.0,0.0,"",""
"SKU-SHI-0013","2024-09-08",0,3,16,30,0.0,"N",0.0,0.0,0.0,"",""
"SKU-CRO-0014","2024-09-08",0,0,13,21,0.0,"N",0.0,0.0,0.0,"",""
"SKU-SHI-0015","2024-09-08",0,3,15,22,0.0,"N",0.0,0.0,0.0,"",""
"SKU-PAN-0016","2024-09-08",0,1,12,24,0.0,"N",50.0,970.0,47.0,"2024-10-25","2024-10-25"
"SKU-SHI-0017","2024-09-08",0,2,10,16,0.0,"N",0.0,0.0,0.0,"",""
"SKU-PAN-0018","2024-09-08",0,3,12,23,0.0,"N",42.0,1176.0,47.0,"2024-10-22","2024-10-25"
"SKU-CRO-0019","2024-09-08",0,1,9,15,0.0,"N",0.0,0.0,0.0,"",""
"SKU-PAN-0020","2024-09-08",0,3,12,25,0.0,"N",0.0,0.0,0.0,"",""
"SKU-PAN-0021","2024-09-08",0,1,11,21,0.0,"N",0.0,0.0,0.0,"",""
"SKU-PAN-0022","2024-09-08",0,1,8,12,0.0,"N",0.0,0.0,0.0,"",""
"SKU-SHO-0023","2024-09-08",0,3,7,14,0.0,"N",0.0,0.0,0.0,"",""
"SKU-SHI-0024","2024-09-08",0,1,4,11,0.0,"N",0.0,0.0,0.0,"",""
"SKU-JAC-0025","2024-09-08",0,1,5,11,0.0,"N",0.0,0.0,0.0,"",""
"SKU-PAN-0026","2024-09-08",0,1,2,7,0.0,"N",40.0,1332.0,33.0,"2024-10-08","2024-10-11"
"SKU-JAC-0027","2024-09-08",0,1,6,11,0.0,"N",0.0,0.0,0.0,"",""
"SKU-PAN-0028","2024-09-08",0,2,7,12,0.0,"N",0.0,0.0,0.0,"",""
"SKU-TSH-0029","2024-09-08",0,0,4,9,0.0,"N",0.0,0.0,0.0,"",""
"SKU-CRO-0030","2024-09-08",0,0,11,15,0.0,"N",40.0,621.0,49.0,"2024-10-27","2024-10-27"
"SKU-JAC-0031","2024-09-08",0,1,3,7,0.0,"N",0.0,0.0,0.0,"",""
"SKU-TSH-0032","2024-09-08",0,0,5,12,0.0,"N",0.0,0.0,0.0,"",""
"SKU-SHO-0033","2024-09-08",0,2,8,16,0.0,"N",0.0,0.0,0.0,"",""
"SKU-PAN-0034","2024-09-08",0,1,7,7,0.0,"N",0.0,0.0,0.0,"",""
"SKU-CRO-0035","2024-09-08",0,0,10,14,0.0,"N",0.0,0.0,0.0,"",""
"SKU-SHI-0036","2024-09-08",16,0,2,7,240.0,"N",0.0,0.0,0.0,"",""
"SKU-CRO-0037","2024-09-08",0,1,2,6,0.0,"N",0.0,0.0,0.0,"",""
"SKU-CRO-0038","2024-09-08",0,1,3,8,0.0,"N",62.0,1060.0,39.0,"2024-10-17","2024-10-17"
"SKU-SHO-0039","2024-09-08",0,0,1,4,0.0,"N",50.0,809.0,38.0,"2024-10-14","2024-10-16"
"SKU-SHO-0040","2024-09-08",9,1,2,7,135.0,"N",0.0,0.0,0.0,"",""
"SKU-TSH-0041","2024-09-08",33,1,1,1,990.0,"N",0.0,0.0,0.0,"",""
"SKU-CRO-0042","2024-09-08",8,0,1,3,240.0,"N",0.0,0.0,0.0,"",""
"SKU-CRO-0043","2024-09-08",0,0,3,8,0.0,"N",0.0,0.0,0.0,"",""
"SKU-JAC-0044","2024-09-08",0,1,5,13,0.0,"N",0.0,0.0,0.0,"",""
"SKU-SHI-0045","2024-09-08",22,1,3,5,220.0,"N",0.0,0.0,0.0,"",""
"SKU-JAC-0046","2024-09-08",19,2,7,11,81.4,"N",0.0,0.0,0.0,"",""
"SKU-PAN-0047","2024-09-08",0,2,5,7,0.0,"N",0.0,0.0,0.0,"",""
"SKU-CRO-0048","2024-09-08",0,1,4,5,0.0,"N",0.0,0.0,0.0,"",""
"SKU-TSH-0049","2024-09-08",29,1,2,5,435.0,"N",0.0,0.0,0.0,"",""
"SKU-SHO-0050","2024-09-08",33,0,2,4,495.0,"N",0.0,0.0,0.0,"",""
"SKU-SHI-0051","2024-09-08",0,1,4,7,0.0,"N",40.0,928.0,52.0,"2024-10-28","2024-10-30"
"SKU-SHI-0052","2024-09-08",0,3,5,6,0.0,"N",0.0,0.0,0.0,"",""
"SKU-JAC-0053","2024-09-08",0,0,4,6,0.0,"N",0.0,0.0,0.0,"",""
"SKU-SHI-0054","2024-09-08",0,1,4,6,0.0,"N",40.0,963.0,37.0,"2024-10-10","2024-10-15"
"SKU-JAC-0055","2024-09-08",26,1,4,9,195.0,"N",0.0,0.0,0.0,"",""
"SKU-SHI-0001","2024-09-15",0,45,235,462,0.0,"N",386.0,705.0,58.0,"2024-11-07","2024-11-12"
"SKU-PAN-0002","2024-09-15",0,14,103,207,0.0,"N",0.0,0.0,0.0,"",""
"SKU-SHI-0003","2024-09-15",0,6,62,133,0.0,"N",0.0,0.0,0.0,"",""
"SKU-TSH-0004","2024-09-15",0,15,48,78,0.0,"N",0.0,0.0,0.0,"",""
"SKU-CRO-0005","2024-09-15",0,4,37,78,0.0,"N",98.0,846.0,31.0,"2024-10-16","2024-10-16"
"SKU-SHI-0006","2024-09-15",0,7,28,65,0.0,"N",0.0,0.0,0.0,"",""
"SKU-CRO-0007","2024-09-15",0,7,20,45,0.0,"N",0.0,0.0,0.0,"",""
"SKU-PAN-0008","2024-09-15",0,2,25,45,0.0,"N",0.0,0.0,0.0,"",""
"SKU-PAN-0009","2024-09-15",0,5,23,46,0.0,"N",0.0,0.0,0.0,"",""
"SKU-TSH-0010","2024-09-15",0,4,16,33,0.0,"N",0.0,0.0,0.0,"",""
"SKU-SHO-0011","2024-09-15",0,4,13,29,0.0,"N",0.0,0.0,0.0,"",""
"SKU-TSH-0012","2024-09-15",0,3,16,28,0.0,"N",0.0,0.0,0.0,"",""
"SKU-SHI-0013","2024-09-15",0,1,15,30,0.0,"N",72.0,1227.0,52.0,"2024-11-03","2024-11-06"
"SKU-CRO-0014","2024-09-15",0,3,11,20,0.0,"N",70.0,756.0,39.0,"2024-10-19","2024-10-24"
"SKU-SHI-0015","2024-09-15",0,3,15,25,0.0,"N",44.0,940.0,31.0,"2024-10-13","2024-10-16"
"SKU-PAN-0016","2024-09-15",0,3,15,25,0.0,"N",0.0,0.0,0.0,"",""
"SKU-SHI-0017","2024-09-15",0,0,7,13,0.0,"N",0.0,0.0,0.0,"",""
"SKU-PAN-0018","2024-09-15",0,3,12,23,0.0,"N",0.0,0.0,0.0,"",""
"SKU-CRO-0019","2024-09-15",0,1,10,15,0.0,"N",40.0,726.0,39.0,"2024-10-21","2024-10-24"
"SKU-PAN-0020","2024-09-15",0,3,13,24,0.0,"N",70.0,1163.0,52.0,"2024-11-01","2024-11-06"
"SKU-PAN-0021","2024-09-15",0,0,7,19,0.0,"N",0.0,0.0,0.0,"",""
"SKU-PAN-0022","2024-09-15",0,1,8,12,0.0,"N",0.0,0.0,0.0,"",""
"SKU-SHO-0023","2024-09-15",0,1,6,14,0.0,"N",0.0,0.0,0.0,"",""
"SKU-SHI-0024","2024-09-15",0,2,6,12,0.0,"N",0.0,0.0,0.0,"",""
"SKU-JAC-0025","2024-09-15",0,2,5,9,0.0,"N",0.0,0.0,0.0,"",""
"SKU-PAN-0026","2024-09-15",0,1,2,8,0.0,"N",0.0,0.0,0.0,"",""
"SKU-JAC-0027","2024-09-15",0,1,7,12,0.0,"N",40.0,1871.0,32.0,"2024-10-17","2024-10-17"
"SKU-PAN-0028","2024-09-15",0,0,6,11,0.0,"N",52.0,1317.0,38.0,"2024-10-21","2024-10-23"
"SKU-TSH-0029","2024-09-15",0,1,2,6,0.0,"N",56.0,701.0,52.0,"2024-11-01","2024-11-06"
"SKU-CRO-0030","2024-09-15",0,0,8,15,0.0,"N",0.0,0.0,0.0,"",""
"SKU-JAC-0031","2024-09-15",0,0,3,7,0.0,"N",62.0,1800.0,48.0,"2024-11-02","2024-11-02"
"SKU-TSH-0032","2024-09-15",0,0,3,12,0.0,"N",0.0,0.0,0.0,"",""
"SKU-SHO-0033","2024-09-15",0,0,6,15,0.0,"N",40.0,758.0,33.0,"2024-10-16","2024-10-18"
"SKU-PAN-0034","2024-09-15",0,1,6,8,0.0,"N",40.0,1051.0,43.0,"2024-10-28","2024-10-28"
"SKU-CRO-0035","2024-09-15",0,0,4,14,0.0,"N",40.0,721.0,53.0,"2024-11-07","2024-11-07"
"SKU-SHI-0036","2024-09-15",15,1,2,7,225.0,"N",0.0,0.0,0.0,"",""
"SKU-CRO-0037","2024-09-15",0,1,3,7,0.0,"N",0.0,0.0,0.0,"",""
"SKU-CRO-0038","2024-09-15",0,0,2,8,0.0,"N",0.0,0.0,0.0,"",""
"SKU-SHO-0039","2024-09-15",0,1,1,4,0.0,"N",0.0,0.0,0.0,"",""
"SKU-SHO-0040","2024-09-15",8,1,3,7,80.0,"N",0.0,0.0,0.0,"",""
"SKU-TSH-0041","2024-09-15",33,0,1,1,990.0,"N",0.0,0.0,0.0,"",""
"SKU-CRO-0042","2024-09-15",8,0,1,2,240.0,"N",0.0,0.0,0.0,"",""
"SKU-CRO-0043","2024-09-15",0,0,2,7,0.0,"N",0.0,0.0,0.0,"",""
"SKU-JAC-0044","2024-09-15",0,0,4,12,0.0,"N",0.0,0.0,0.0,"",""
"SKU-SHI-0045","2024-09-15",22,0,3,5,220.0,"N",0.0,0.0,0.0,"",""
"SKU-JAC-0046","2024-09-15",19,0,6,10,95.0,"N",0.0,0.0,0.0,"",""
"SKU-PAN-0047","2024-09-15",0,0,3,6,0.0,"N",56.0,959.0,54.0,"2024-11-07","2024-11-08"
"SKU-CRO-0048","2024-09-15",0,0,4,5,0.0,"N",0.0,0.0,0.0,"",""
"SKU-TSH-0049","2024-09-15",28,1,3,5,280.0,"N",0.0,0.0,0.0,"",""
"SKU-SHO-0050","2024-09-15",32,1,2,5,480.0,"N",0.0,0.0,0.0,"",""
"SKU-SHI-0051","2024-09-15",0,0,3,7,0.0,"N",0.0,0.0,0.0,"",""
"SKU-SHI-0052","2024-09-15",0,0,5,6,0.0,"N",40.0,1141.0,32.0,"2024-10-14","2024-10-17"
"SKU-JAC-0053","2024-09-15",0,1,4,6,0.0,"N",40.0,1660.0,49.0,"2024-11-02","2024-11-03"
"SKU-SHI-0054","2024-09-15",0,2,6,8,0.0,"N",0.0,0.0,0.0,"",""
"SKU-JAC-0055","2024-09-15",25,1,5,10,150.0,"N",0.0,0.0,0.0,"",""
"SKU-SHI-0001","2024-09-22",0,52,224,479,0.0,"N",0.0,0.0,0.0,"",""
"SKU-PAN-0002","2024-09-22",0,14,80,205,0.0,"N",164.0,982.0,38.0,"2024-10-29","2024-10-30"
"SKU-SHI-0003","2024-09-22",0,31,75,154,0.0,"N",0.0,0.0,0.0,"",""
"SKU-TSH-0004","2024-09-22",0,9,48,82,0.0,"N",0.0,0.0,0.0,"",""
"SKU-CRO-0005","2024-09-22",0,11,39,84,0.0,"N",0.0,0.0,0.0,"",""
"SKU-SHI-0006","2024-09-22",0,9,32,65,0.0,"N",0.0,0.0,0.0,"",""
"SKU-CRO-0007","2024-09-22",0,7,24,51,0.0,"N",90.0,818.0,58.0,"2024-11-17","2024-11-19"
"SKU-PAN-0008","2024-09-22",0,3,23,47,0.0,"N",0.0,0.0,0.0,"",""
"SKU-PAN-0009","2024-09-22",0,7,25,49,0.0,"N",0.0,0.0,0.0,"",""
"SKU-TSH-0010","2024-09-22",0,2,15,33,0.0,"N",0.0,0.0,0.0,"",""
"SKU-SHO-0011","2024-09-22",0,5,17,34,0.0,"N",0.0,0.0,0.0,"",""
"SKU-TSH-0012","2024-09-22",0,7,19,32,0.0,"N",44.0,715.0,37.0,"2024-10-29","2024-10-29"
"SKU-SHI-0013","2024-09-22",0,3,15,26,0.0,"N",0.0,0.0,0.0,"",""
"SKU-CRO-0014","2024-09-22",0,4,11,23,0.0,"N",0.0,0.0,0.0,"",""
"SKU-SHI-0015","2024-09-22",0,4,16,29,0.0,"N",0.0,0.0,0.0,"",""
"SKU-PAN-0016","2024-09-22",0,6,16,29,0.0,"N",0.0,0.0,0.0,"",""
"SKU-SHI-0017","2024-09-22",0,1,5,13,0.0,"N",40.0,842.0,52.0,"2024-11-10","2024-11-13"
"SKU-PAN-0018","2024-09-22",0,2,10,23,0.0,"N",0.0,0.0,0.0,"",""
"SKU-CRO-0019","2024-09-22",0,0,7,13,0.0,"N",0.0,0.0,0.0,"",""
"SKU-PAN-0020","2024-09-22",0,6,17,26,0.0,"N",0.0,0.0,0.0,"",""
"SKU-PAN-0021","2024-09-22",0,3,8,21,0.0,"N",56.0,1216.0,53.0,"2024-11-09","2024-11-14"
"SKU-PAN-0022","2024-09-22",0,1,8,11,0.0,"N",0.0,0.0,0.0,"",""
"SKU-SHO-0023","2024-09-22",0,1,5,14,0.0,"N",44.0,668.0,40.0,"2024-10-29","2024-11-01"
"SKU-SHI-0024","2024-09-22",0,2,7,13,0.0,"N",44.0,854.0,34.0,"2024-10-23","2024-10-26"
"SKU-JAC-0025","2024-09-22",0,4,9,13,0.0,"N",60.0,1639.0,46.0,"2024-11-02","2024-11-07"
"SKU-PAN-0026","2024-09-22",0,0,2,7,0.0,"N",0.0,0.0,0.0,"",""
"SKU-JAC-0027","2024-09-22",0,2,5,12,0.0,"N",0.0,0.0,0.0,"",""
"SKU-PAN-0028","2024-09-22",0,0,4,11,0.0,"N",0.0,0.0,0.0,"",""
"SKU-TSH-0029","2024-09-22",0,0,2,6,0.0,"N",0.0,0.0,0.0,"",""
"SKU-CRO-0030","2024-09-22",0,1,4,16,0.0,"N",0.0,0.0,0.0,"",""
"SKU-JAC-0031","2024-09-22",0,1,3,8,0.0,"N",0.0,0.0,0.0,"",""
"SKU-TSH-0032","2024-09-22",0,1,2,13,0.0,"N",40.0,627.0,53.0,"2024-11-14","2024-11-14"
"SKU-SHO-0033","2024-09-22",0,0,3,13,0.0,"N",0.0,0.0,0.0,"",""
"SKU-PAN-0034","2024-09-22",0,0,6,8,0.0,"N",0.0,0.0,0.0,"",""
"SKU-CRO-0035","2024-09-22",0,5,9,19,0.0,"N",0.0,0.0,0.0,"",""
"SKU-SHI-0036","2024-09-22",12,3,4,9,90.0,"N",0.0,0.0,0.0,"",""
"SKU-CRO-0037","2024-09-22",0,0,3,6,0.0,"N",0.0,0.0,0.0,"",""
"SKU-CRO-0038","2024-09-22",0,4,6,8,0.0,"N",0.0,0.0,0.0,"",""
"SKU-SHO-0039","2024-09-22",0,1,2,5,0.0,"N",0.0,0.0,0.0,"",""
"SKU-SHO-0040","2024-09-22",8,0,3,6,80.0,"N",0.0,0.0,0.0,"",""
"SKU-TSH-0041","2024-09-22",33,0,1,1,990.0,"N",0.0,0.0,0.0,"",""
"SKU-CRO-0042","2024-09-22",8,0,0,1,999.0,"N",0.0,0.0,0.0,"",""
"SKU-CRO-0043","2024-09-22",0,1,2,6,0.0,"N",0.0,0.0,0.0,"",""
"SKU-JAC-0044","2024-09-22",0,0,2,11,0.0,"N",0.0,0.0,0.0,"",""
"SKU-SHI-0045","2024-09-22",18,4,5,8,108.0,"N",0.0,0.0,0.0,"",""
"SKU-JAC-0046","2024-09-22",19,0,4,9,142.5,"N",0.0,0.0,0.0,"",""
"SKU-PAN-0047","2024-09-22",0,0,3,5,0.0,"N",0.0,0.0,0.0,"",""
"SKU-CRO-0048","2024-09-22",0,0,3,5,0.0,"N",40.0,736.0,43.0,"2024-11-03","2024-11-04"
"SKU-TSH-0049","2024-09-22",26,2,5,6,156.0,"N",0.0,0.0,0.0,"",""
"SKU-SHO-0050","2024-09-22",32,0,2,5,480.0,"N",0.0,0.0,0.0,"",""
"SKU-SHI-0051","2024-09-22",0,0,2,6,0.0,"N",0.0,0.0,0.0,"",""
"SKU-SHI-0052","2024-09-22",0,0,5,6,0.0,"N",0.0,0.0,0.0,"",""
"SKU-JAC-0053","2024-09-22",0,0,3,6,0.0,"N",0.0,0.0,0.0,"",""
"SKU-SHI-0054","2024-09-22",0,0,4,7,0.0,"N",0.0,0.0,0.0,"",""
"SKU-JAC-0055","2024-09-22",24,1,4,11,180.0,"N",0.0,0.0,0.0,"",""
"SKU-SHI-0001","2024-09-29",0,48,212,478,0.0,"N",0.0,0.0,0.0,"",""
"SKU-PAN-0002","2024-09-29",0,17,65,203,0.0,"N",0.0,0.0,0.0,"",""
"SKU-SHI-0003","2024-09-29",0,18,70,155,0.0,"N",115.0,1004.0,49.0,"2024-11-16","2024-11-17"
"SKU-TSH-0004","2024-09-29",0,13,51,91,0.0,"N",0.0,0.0,0.0,"",""
"SKU-CRO-0005","2024-09-29",0,10,37,90,0.0,"N",0.0,0.0,0.0,"",""
"SKU-SHI-0006","2024-09-29",0,10,34,71,0.0,"N",0.0,0.0,0.0,"",""
"SKU-CRO-0007","2024-09-29",0,7,25,52,0.0,"N",0.0,0.0,0.0,"",""
"SKU-PAN-0008","2024-09-29",0,7,20,48,0.0,"N",0.0,0.0,0.0,"",""
"SKU-PAN-0009","2024-09-29",0,2,17,47,0.0,"N",0.0,0.0,0.0,"",""
"SKU-TSH-0010","2024-09-29",0,5,13,36,0.0,"N",0.0,0.0,0.0,"",""
"SKU-SHO-0011","2024-09-29",0,2,15,33,0.0,"N",0.0,0.0,0.0,"",""
"SKU-TSH-0012","2024-09-29",0,3,15,33,0.0,"N",0.0,0.0,0.0,"",""
"SKU-SHI-0013","2024-09-29",0,3,12,28,0.0,"N",0.0,0.0,0.0,"",""
"SKU-CRO-0014","2024-09-29",0,0,10,21,0.0,"N",0.0,0.0,0.0,"",""
"SKU-SHI-0015","2024-09-29",0,0,11,26,0.0,"N",0.0,0.0,0.0,"",""
"SKU-PAN-0016","2024-09-29",0,4,16,30,0.0,"N",0.0,0.0,0.0,"",""
"SKU-SHI-0017","2024-09-29",0,1,5,13,0.0,"N",0.0,0.0,0.0,"",""
"SKU-PAN-0018","2024-09-29",0,4,12,24,0.0,"N",0.0,0.0,0.0,"",""
"SKU-CRO-0019","2024-09-29",0,2,6,15,0.0,"N",0.0,0.0,0.0,"",""
"SKU-PAN-0020","2024-09-29",0,3,15,28,0.0,"N",0.0,0.0,0.0,"",""
"SKU-PAN-0021","2024-09-29",0,1,5,21,0.0,"N",0.0,0.0,0.0,"",""
"SKU-PAN-0022","2024-09-29",0,0,6,10,0.0,"N",40.0,1076.0,50.0,"2024-11-18","2024-11-18"
"SKU-SHO-0023","2024-09-29",0,3,8,15,0.0,"N",0.0,0.0,0.0,"",""
"SKU-SHI-0024","2024-09-29",0,1,8,12,0.0,"N",0.0,0.0,0.0,"",""
"SKU-JAC-0025","2024-09-29",0,0,7,12,0.0,"N",0.0,0.0,0.0,"",""
"SKU-PAN-0026","2024-09-29",0,1,3,5,0.0,"N",0.0,0.0,0.0,"",""
"SKU-JAC-0027","2024-09-29",0,2,6,13,0.0,"N",0.0,0.0,0.0,"",""
"SKU-PAN-0028","2024-09-29",0,1,3,10,0.0,"N",0.0,0.0,0.0,"",""
"SKU-TSH-0029","2024-09-29",0,2,3,8,0.0,"N",0.0,0.0,0.0,"",""
"SKU-CRO-0030","2024-09-29",0,2,4,17,0.0,"N",0.0,0.0,0.0,"",""
"SKU-JAC-0031","2024-09-29",0,4,6,12,0.0,"N",0.0,0.0,0.0,"",""
"SKU-TSH-0032","2024-09-29",0,2,3,13,0.0,"N",0.0,0.0,0.0,"",""
"SKU-SHO-0033","2024-09-29",0,4,6,15,0.0,"N",0.0,0.0,0.0,"",""
"SKU-PAN-0034","2024-09-29",0,0,3,8,0.0,"N",0.0,0.0,0.0,"",""
"SKU-CRO-0035","2024-09-29",0,0,5,18,0.0,"N",0.0,0.0,0.0,"",""
"SKU-SHI-0036","2024-09-29",11,1,5,10,66.0,"N",0.0,0.0,0.0,"",""
"SKU-CRO-0037","2024-09-29",0,2,4,7,0.0,"N",63.0,657.0,39.0,"2024-11-07","2024-11-07"
"SKU-CRO-0038","2024-09-29",0,0,6,8,0.0,"N",0.0,0.0,0.0,"",""
"SKU-SHO-0039","2024-09-29",0,3,5,6,0.0,"N",0.0,0.0,0.0,"",""
"SKU-SHO-0040","2024-09-29",7,1,3,7,70.0,"N",0.0,0.0,0.0,"",""
"SKU-TSH-0041","2024-09-29",33,0,1,1,990.0,"N",0.0,0.0,0.0,"",""
"SKU-CRO-0042","2024-09-29",5,3,3,4,50.0,"N",0.0,0.0,0.0,"",""
"SKU-CRO-0043","2024-09-29",0,0,2,5,0.0,"N",40.0,677.0,37.0,"2024-10-31","2024-11-05"
"SKU-JAC-0044","2024-09-29",0,1,3,10,0.0,"N",64.0,1860.0,32.0,"2024-10-28","2024-10-31"
"SKU-SHI-0045","2024-09-29",17,1,6,8,85.0,"N",0.0,0.0,0.0,"",""
"SKU-JAC-0046","2024-09-29",19,0,2,7,285.0,"N",0.0,0.0,0.0,"",""
"SKU-PAN-0047","2024-09-29",0,1,3,6,0.0,"N",0.0,0.0,0.0,"",""
"SKU-CRO-0048","2024-09-29",0,0,2,5,0.0,"N",0.0,0.0,0.0,"",""
"SKU-TSH-0049","2024-09-29",26,0,4,6,195.0,"N",0.0,0.0,0.0,"",""
"SKU-SHO-0050","2024-09-29",31,1,2,5,465.0,"N",0.0,0.0,0.0,"",""
"SKU-SHI-0051","2024-09-29",0,1,2,7,0.0,"N",0.0,0.0,0.0,"",""
"SKU-SHI-0052","2024-09-29",0,1,5,7,0.0,"N",0.0,0.0,0.0,"",""
"SKU-JAC-0053","2024-09-29",0,1,2,7,0.0,"N",0.0,0.0,0.0,"",""
"SKU-SHI-0054","2024-09-29",0,1,4,7,0.0,"N",0.0,0.0,0.0,"",""
"SKU-JAC-0055","2024-09-29",24,0,3,10,240.0,"N",0.0,0.0,0.0,"",""
"SKU-SHI-0001","2024-10-06",0,52,213,467,0.0,"N",0.0,0.0,0.0,"",""
"SKU-PAN-0002","2024-10-06",0,28,76,202,0.0,"N",0.0,0.0,0.0,"",""
"SKU-SHI-0003","2024-10-06",0,24,81,156,0.0,"N",0.0,0.0,0.0,"",""
"SKU-TSH-0004","2024-10-06",0,16,60,99,0.0,"N",121.0,539.0,36.0,"2024-11-09","2024-11-11"
"SKU-CRO-0005","2024-10-06",0,7,35,82,0.0,"N",0.0,0.0,0.0,"",""
"SKU-SHI-0006","2024-10-06",0,4,32,66,0.0,"N",64.0,1097.0,50.0,"2024-11-25","2024-11-25"
"SKU-CRO-0007","2024-10-06",0,9,31,56,0.0,"N",0.0,0.0,0.0,"",""
"SKU-PAN-0008","2024-10-06",0,6,20,48,0.0,"N",67.0,1152.0,56.0,"2024-12-01","2024-12-01"
"SKU-PAN-0009","2024-10-06",0,3,18,44,0.0,"N",59.0,1008.0,37.0,"2024-11-12","2024-11-12"
"SKU-TSH-0010","2024-10-06",0,10,22,37,0.0,"N",59.0,782.0,36.0,"2024-11-06","2024-11-11"
"SKU-SHO-0011","2024-10-06",0,8,20,32,0.0,"N",59.0,761.0,55.0,"2024-11-28","2024-11-30"
"SKU-TSH-0012","2024-10-06",0,3,16,34,0.0,"N",0.0,0.0,0.0,"",""
"SKU-SHI-0013","2024-10-06",0,2,9,25,0.0,"N",0.0,0.0,0.0,"",""
"SKU-CRO-0014","2024-10-06",0,3,10,24,0.0,"N",0.0,0.0,0.0,"",""
"SKU-SHI-0015","2024-10-06",0,3,10,25,0.0,"N",0.0,0.0,0.0,"",""
"SKU-PAN-0016","2024-10-06",0,1,15,27,0.0,"N",40.0,970.0,45.0,"2024-11-17","2024-11-20"
"SKU-SHI-0017","2024-10-06",0,3,6,16,0.0,"N",0.0,0.0,0.0,"",""
"SKU-PAN-0018","2024-10-06",0,4,15,25,0.0,"N",50.0,1176.0,40.0,"2024-11-13","2024-11-15"
"SKU-CRO-0019","2024-10-06",0,1,5,13,0.0,"N",0.0,0.0,0.0,"",""
"SKU-PAN-0020","2024-10-06",0,2,15,27,0.0,"N",0.0,0.0,0.0,"",""
"SKU-PAN-0021","2024-10-06",0,3,8,18,0.0,"N",0.0,0.0,0.0,"",""
"SKU-PAN-0022","2024-10-06",0,2,4,12,0.0,"N",0.0,0.0,0.0,"",""
"SKU-SHO-0023","2024-10-06",0,0,6,12,0.0,"N",0.0,0.0,0.0,"",""
"SKU-SHI-0024","2024-10-06",0,0,5,9,0.0,"N",0.0,0.0,0.0,"",""
"SKU-JAC-0025","2024-10-06",0,3,10,14,0.0,"N",0.0,0.0,0.0,"",""
"SKU-PAN-0026","2024-10-06",0,1,4,6,0.0,"N",54.0,1332.0,33.0,"2024-11-08","2024-11-08"
"SKU-JAC-0027","2024-10-06",0,3,8,14,0.0,"N",0.0,0.0,0.0,"",""
"SKU-PAN-0028","2024-10-06",0,0,1,9,0.0,"N",0.0,0.0,0.0,"",""
"SKU-TSH-0029","2024-10-06",0,2,5,9,0.0,"N",0.0,0.0,0.0,"",""
"SKU-CRO-0030","2024-10-06",0,0,3,14,0.0,"N",40.0,621.0,49.0,"2024-11-19","2024-11-24"
"SKU-JAC-0031","2024-10-06",0,0,6,9,0.0,"N",0.0,0.0,0.0,"",""
"SKU-TSH-0032","2024-10-06",0,2,5,12,0.0,"N",0.0,0.0,0.0,"",""
"SKU-SHO-0033","2024-10-06",0,3,9,16,0.0,"N",0.0,0.0,0.0,"",""
"SKU-PAN-0034","2024-10-06",0,4,5,12,0.0,"N",0.0,0.0,0.0,"",""
"SKU-CRO-0035","2024-10-06",0,0,5,15,0.0,"N",0.0,0.0,0.0,"",""
"SKU-SHI-0036","2024-10-06",11,0,5,9,66.0,"N",0.0,0.0,0.0,"",""
"SKU-CRO-0037","2024-10-06",0,0,3,5,0.0,"N",0.0,0.0,0.0,"",""
"SKU-CRO-0038","2024-10-06",0,4,8,12,0.0,"N",43.0,1060.0,44.0,"2024-11-19","2024-11-19"
"SKU-SHO-0039","2024-10-06",0,0,5,6,0.0,"N",66.0,809.0,35.0,"2024-11-10","2024-11-10"
"SKU-SHO-0040","2024-10-06",5,2,5,6,30.0,"N",0.0,0.0,0.0,"",""
"SKU-TSH-0041","2024-10-06",33,0,0,1,999.0,"N",0.0,0.0,0.0,"",""
"SKU-CRO-0042","2024-10-06",5,0,3,4,50.0,"N",0.0,0.0,0.0,"",""
"SKU-CRO-0043","2024-10-06",0,0,1,4,0.0,"N",0.0,0.0,0.0,"",""
"SKU-JAC-0044","2024-10-06",0,0,2,6,0.0,"N",0.0,0.0,0.0,"",""
"SKU-SHI-0045","2024-10-06",16,1,6,9,80.0,"N",0.0,0.0,0.0,"",""
"SKU-JAC-0046","2024-10-06",19,0,0,7,999.0,"N",0.0,0.0,0.0,"",""
"SKU-PAN-0047","2024-10-06",0,1,4,7,0.0,"N",0.0,0.0,0.0,"",""
"SKU-CRO-0048","2024-10-06",0,3,3,7,0.0,"N",0.0,0.0,0.0,"",""
"SKU-TSH-0049","2024-10-06",24,2,6,7,120.0,"N",0.0,0.0,0.0,"",""
"SKU-SHO-0050","2024-10-06",31,0,2,4,465.0,"N",0.0,0.0,0.0,"",""
"SKU-SHI-0051","2024-10-06",0,1,3,6,0.0,"N",40.0,928.0,46.0,"2024-11-21","2024-11-21"
"SKU-SHI-0052","2024-10-06",0,2,3,8,0.0,"N",0.0,0.0,0.0,"",""
"SKU-JAC-0053","2024-10-06",0,0,2,6,0.0,"N",0.0,0.0,0.0,"",""
"SKU-SHI-0054","2024-10-06",0,1,4,8,0.0,"N",45.0,963.0,38.0,"2024-11-13","2024-11-13"
"SKU-JAC-0055","2024-10-06",24,0,2,7,360.0,"N",0.0,0.0,0.0,"",""
"SKU-SHI-0001","2024-10-13",0,73,244,473,0.0,"N",378.0,705.0,49.0,"2024-11-28","2024-12-01"
"SKU-PAN-0002","2024-10-13",0,24,87,194,0.0,"N",0.0,0.0,0.0,"",""
"SKU-SHI-0003","2024-10-13",0,24,98,165,0.0,"N",0.0,0.0,0.0,"",""
"SKU-TSH-0004","2024-10-13",0,14,56,103,0.0,"N",0.0,0.0,0.0,"",""
"SKU-CRO-0005","2024-10-13",0,8,37,77,0.0,"N",74.0,846.0,58.0,"2024-12-05","2024-12-10"
"SKU-SHI-0006","2024-10-13",0,7,31,59,0.0,"N",0.0,0.0,0.0,"",""
"SKU-CRO-0007","2024-10-13",0,13,39,60,0.0,"N",0.0,0.0,0.0,"",""
"SKU-PAN-0008","2024-10-13",0,6,23,50,0.0,"N",0.0,0.0,0.0,"",""
"SKU-PAN-0009","2024-10-13",0,9,22,44,0.0,"N",0.0,0.0,0.0,"",""
"SKU-TSH-0010","2024-10-13",0,3,21,37,0.0,"N",0.0,0.0,0.0,"",""
"SKU-SHO-0011","2024-10-13",0,4,21,34,0.0,"N",0.0,0.0,0.0,"",""
"SKU-TSH-0012","2024-10-13",0,5,19,36,0.0,"N",0.0,0.0,0.0,"",""
"SKU-SHI-0013","2024-10-13",0,1,9,24,0.0,"N",40.0,1227.0,49.0,"2024-11-28","2024-12-01"
"SKU-CRO-0014","2024-10-13",0,7,15,26,0.0,"N",82.0,756.0,35.0,"2024-11-16","2024-11-17"
"SKU-SHI-0015","2024-10-13",0,5,14,27,0.0,"N",75.0,940.0,35.0,"2024-11-17","2024-11-17"
"SKU-PAN-0016","2024-10-13",0,2,14,28,0.0,"N",0.0,0.0,0.0,"",""
"SKU-SHI-0017","2024-10-13",0,1,6,14,0.0,"N",0.0,0.0,0.0,"",""
"SKU-PAN-0018","2024-10-13",0,2,14,26,0.0,"N",0.0,0.0,0.0,"",""
"SKU-CRO-0019","2024-10-13",0,3,6,16,0.0,"N",40.0,726.0,56.0,"2024-12-08","2024-12-08"
"SKU-PAN-0020","2024-10-13",0,2,14,26,0.0,"N",43.0,1163.0,49.0,"2024-11-29","2024-12-01"
"SKU-PAN-0021","2024-10-13",0,3,10,19,0.0,"N",0.0,0.0,0.0,"",""
"SKU-PAN-0022","2024-10-13",0,1,4,12,0.0,"N",0.0,0.0,0.0,"",""
"SKU-SHO-0023","2024-10-13",0,1,5,11,0.0,"N",0.0,0.0,0.0,"",""
"SKU-SHI-0024","2024-10-13",0,2,5,11,0.0,"N",0.0,0.0,0.0,"",""
"SKU-JAC-0025","2024-10-13",0,0,8,12,0.0,"N",0.0,0.0,0.0,"",""
"SKU-PAN-0026","2024-10-13",0,1,3,5,0.0,"N",0.0,0.0,0.0,"",""
"SKU-JAC-0027","2024-10-13",0,1,8,15,0.0,"N",66.0,1871.0,30.0,"2024-11-12","2024-11-12"
"SKU-PAN-0028","2024-10-13",0,3,4,10,0.0,"N",51.0,1317.0,46.0,"2024-11-27","2024-11-28"
"SKU-TSH-0029","2024-10-13",0,1,5,8,0.0,"N",40.0,701.0,41.0,"2024-11-23","2024-11-23"
"SKU-CRO-0030","2024-10-13",0,2,5,13,0.0,"N",0.0,0.0,0.0,"",""
"SKU-JAC-0031","2024-10-13",0,1,6,9,0.0,"N",40.0,1800.0,31.0,"2024-11-13","2024-11-13"
"SKU-TSH-0032","2024-10-13",0,1,6,9,0.0,"N",0.0,0.0,0.0,"",""
"SKU-SHO-0033","2024-10-13",0,2,9,15,0.0,"N",52.0,758.0,34.0,"2024-11-13","2024-11-16"
"SKU-PAN-0034","2024-10-13",0,0,4,12,0.0,"N",40.0,1051.0,31.0,"2024-11-12","2024-11-13"
"SKU-CRO-0035","2024-10-13",0,1,6,12,0.0,"N",54.0,721.0,36.0,"2024-11-17","2024-11-18"
"SKU-SHI-0036","2024-10-13",10,1,5,7,60.0,"N",0.0,0.0,0.0,"",""
"SKU-CRO-0037","2024-10-13",0,0,2,5,0.0,"N",0.0,0.0,0.0,"",""
"SKU-CRO-0038","2024-10-13",0,2,10,12,0.0,"N",0.0,0.0,0.0,"",""
"SKU-SHO-0039","2024-10-13",0,1,5,6,0.0,"N",0.0,0.0,0.0,"",""
"SKU-SHO-0040","2024-10-13",3,2,5,8,18.0,"N",0.0,0.0,0.0,"",""
"SKU-TSH-0041","2024-10-13",31,2,2,3,465.0,"N",0.0,0.0,0.0,"",""
"SKU-CRO-0042","2024-10-13",4,1,4,5,30.0,"N",0.0,0.0,0.0,"",""
"SKU-CRO-0043","2024-10-13",0,2,3,6,0.0,"N",0.0,0.0,0.0,"",""
"SKU-JAC-0044","2024-10-13",0,1,2,6,0.0,"N",0.0,0.0,0.0,"",""
"SKU-SHI-0045","2024-10-13",16,0,6,9,80.0,"N",0.0,0.0,0.0,"",""
"SKU-JAC-0046","2024-10-13",17,2,2,8,255.0,"N",0.0,0.0,0.0,"",""
"SKU-PAN-0047","2024-10-13",0,0,2,7,0.0,"N",56.0,959.0,33.0,"2024-11-13","2024-11-15"
"SKU-CRO-0048","2024-10-13",0,0,3,7,0.0,"N",0.0,0.0,0.0,"",""
"SKU-TSH-0049","2024-10-13",22,2,6,9,110.0,"N",0.0,0.0,0.0,"",""
"SKU-SHO-0050","2024-10-13",28,3,5,7,168.0,"N",0.0,0.0,0.0,"",""
"SKU-SHI-0051","2024-10-13",0,3,5,8,0.0,"N",0.0,0.0,0.0,"",""
"SKU-SHI-0052","2024-10-13",0,2,5,10,0.0,"N",46.0,1141.0,43.0,"2024-11-25","2024-11-25"
"SKU-JAC-0053","2024-10-13",0,0,1,6,0.0,"N",40.0,1660.0,36.0,"2024-11-18","2024-11-18"
"SKU-SHI-0054","2024-10-13",0,0,3,8,0.0,"N",0.0,0.0,0.0,"",""
"SKU-JAC-0055","2024-10-13",24,0,2,6,360.0,"N",0.0,0.0,0.0,"",""
"SKU-SHI-0001","2024-10-20",0,70,261,483,0.0,"N",0.0,0.0,0.0,"",""
"SKU-PAN-0002","2024-10-20",0,32,104,195,0.0,"N",182.0,982.0,53.0,"2024-12-09","2024-12-12"
"SKU-SHI-0003","2024-10-20",0,17,91,162,0.0,"N",0.0,0.0,0.0,"",""
"SKU-TSH-0004","2024-10-20",0,13,58,108,0.0,"N",0.0,0.0,0.0,"",""
"SKU-CRO-0005","2024-10-20",0,14,44,79,0.0,"N",0.0,0.0,0.0,"",""
"SKU-SHI-0006","2024-10-20",0,16,40,72,0.0,"N",0.0,0.0,0.0,"",""
"SKU-CRO-0007","2024-10-20",0,7,40,60,0.0,"N",76.0,818.0,34.0,"2024-11-22","2024-11-23"
"SKU-PAN-0008","2024-10-20",0,8,29,52,0.0,"N",0.0,0.0,0.0,"",""
"SKU-PAN-0009","2024-10-20",0,12,30,52,0.0,"N",0.0,0.0,0.0,"",""
"SKU-TSH-0010","2024-10-20",0,8,26,41,0.0,"N",0.0,0.0,0.0,"",""
"SKU-SHO-0011","2024-10-20",0,6,20,37,0.0,"N",0.0,0.0,0.0,"",""
"SKU-TSH-0012","2024-10-20",0,4,18,35,0.0,"N",40.0,715.0,43.0,"2024-12-02","2024-12-02"
"SKU-SHI-0013","2024-10-20",0,5,13,26,0.0,"N",0.0,0.0,0.0,"",""
"SKU-CRO-0014","2024-10-20",0,2,13,23,0.0,"N",0.0,0.0,0.0,"",""
"SKU-SHI-0015","2024-10-20",0,0,8,25,0.0,"N",0.0,0.0,0.0,"",""
"SKU-PAN-0016","2024-10-20",0,4,13,28,0.0,"N",0.0,0.0,0.0,"",""
"SKU-SHI-0017","2024-10-20",0,3,8,14,0.0,"N",64.0,842.0,36.0,"2024-11-20","2024-11-25"
"SKU-PAN-0018","2024-10-20",0,2,12,24,0.0,"N",0.0,0.0,0.0,"",""
"SKU-CRO-0019","2024-10-20",0,4,10,18,0.0,"N",0.0,0.0,0.0,"",""
"SKU-PAN-0020","2024-10-20",0,2,11,27,0.0,"N",0.0,0.0,0.0,"",""
"SKU-PAN-0021","2024-10-20",0,3,10,19,0.0,"N",45.0,1216.0,28.0,"2024-11-17","2024-11-17"
"SKU-PAN-0022","2024-10-20",0,0,3,11,0.0,"N",0.0,0.0,0.0,"",""
"SKU-SHO-0023","2024-10-20",0,2,6,11,0.0,"N",56.0,668.0,46.0,"2024-12-05","2024-12-05"
"SKU-SHI-0024","2024-10-20",0,1,5,11,0.0,"N",54.0,854.0,42.0,"2024-11-29","2024-12-01"
"SKU-JAC-0025","2024-10-20",0,2,6,14,0.0,"N",40.0,1639.0,42.0,"2024-12-01","2024-12-01"
"SKU-PAN-0026","2024-10-20",0,2,5,7,0.0,"N",0.0,0.0,0.0,"",""
"SKU-JAC-0027","2024-10-20",0,1,8,12,0.0,"N",0.0,0.0,0.0,"",""
"SKU-PAN-0028","2024-10-20",0,2,6,10,0.0,"N",0.0,0.0,0.0,"",""
"SKU-TSH-0029","2024-10-20",0,4,9,11,0.0,"N",0.0,0.0,0.0,"",""
"SKU-CRO-0030","2024-10-20",0,3,7,14,0.0,"N",0.0,0.0,0.0,"",""
"SKU-JAC-0031","2024-10-20",0,1,6,10,0.0,"N",0.0,0.0,0.0,"",""
"SKU-TSH-0032","2024-10-20",0,1,7,9,0.0,"N",40.0,627.0,39.0,"2024-11-28","2024-11-28"
"SKU-SHO-0033","2024-10-20",0,0,9,13,0.0,"N",0.0,0.0,0.0,"",""
"SKU-PAN-0034","2024-10-20",0,1,5,11,0.0,"N",0.0,0.0,0.0,"",""
"SKU-CRO-0035","2024-10-20",0,1,3,11,0.0,"N",0.0,0.0,0.0,"",""
"SKU-SHI-0036","2024-10-20",5,5,7,11,21.4,"N",0.0,0.0,0.0,"",""
"SKU-CRO-0037","2024-10-20",0,1,3,6,0.0,"N",0.0,0.0,0.0,"",""
"SKU-CRO-0038","2024-10-20",0,1,9,13,0.0,"N",0.0,0.0,0.0,"",""
"SKU-SHO-0039","2024-10-20",0,1,6,7,0.0,"N",0.0,0.0,0.0,"",""
"SKU-SHO-0040","2024-10-20",1,2,7,10,4.3,"N",66.0,711.0,46.0,"2024-12-02","2024-12-05"
"SKU-TSH-0041","2024-10-20",31,0,2,3,465.0,"N",0.0,0.0,0.0,"",""
"SKU-CRO-0042","2024-10-20",3,1,5,5,18.0,"N",0.0,0.0,0.0,"",""
"SKU-CRO-0043","2024-10-20",0,3,5,7,0.0,"N",0.0,0.0,0.0,"",""
"SKU-JAC-0044","2024-10-20",0,1,3,5,0.0,"N",0.0,0.0,0.0,"",""
"SKU-SHI-0045","2024-10-20",13,3,5,11,78.0,"N",0.0,0.0,0.0,"",""
"SKU-JAC-0046","2024-10-20",17,0,2,6,255.0,"N",0.0,0.0,0.0,"",""
"SKU-PAN-0047","2024-10-20",0,2,4,7,0.0,"N",0.0,0.0,0.0,"",""
"SKU-CRO-0048","2024-10-20",0,1,4,8,0.0,"N",40.0,736.0,34.0,"2024-11-23","2024-11-23"
"SKU-TSH-0049","2024-10-20",22,0,4,9,165.0,"N",0.0,0.0,0.0,"",""
"SKU-SHO-0050","2024-10-20",28,0,4,6,210.0,"N",0.0,0.0,0.0,"",""
"SKU-SHI-0051","2024-10-20",0,0,5,7,0.0,"N",0.0,0.0,0.0,"",""
"SKU-SHI-0052","2024-10-20",0,1,6,11,0.0,"N",0.0,0.0,0.0,"",""
"SKU-JAC-0053","2024-10-20",0,1,2,5,0.0,"N",0.0,0.0,0.0,"",""
"SKU-SHI-0054","2024-10-20",0,0,2,6,0.0,"N",0.0,0.0,0.0,"",""
"SKU-JAC-0055","2024-10-20",24,0,0,6,999.0,"N",0.0,0.0,0.0,"",""
"SKU-SHI-0001","2024-10-27",0,63,271,485,0.0,"N",0.0,0.0,0.0,"",""
"SKU-PAN-0002","2024-10-27",0,27,121,187,0.0,"N",0.0,0.0,0.0,"",""
"SKU-SHI-0003","2024-10-27",0,19,86,158,0.0,"N",143.0,1004.0,39.0,"2024-12-04","2024-12-05"
"SKU-TSH-0004","2024-10-27",0,16,60,112,0.0,"N",0.0,0.0,0.0,"",""
"SKU-CRO-0005","2024-10-27",0,10,40,80,0.0,"N",0.0,0.0,0.0,"",""
"SKU-SHI-0006","2024-10-27",0,7,38,69,0.0,"N",0.0,0.0,0.0,"",""
"SKU-CRO-0007","2024-10-27",0,8,39,66,0.0,"N",0.0,0.0,0.0,"",""
"SKU-PAN-0008","2024-10-27",0,6,27,47,0.0,"N",0.0,0.0,0.0,"",""
"SKU-PAN-0009","2024-10-27",0,6,31,50,0.0,"N",0.0,0.0,0.0,"",""
"SKU-TSH-0010","2024-10-27",0,6,28,43,0.0,"N",0.0,0.0,0.0,"",""
"SKU-SHO-0011","2024-10-27",0,2,20,35,0.0,"N",0.0,0.0,0.0,"",""
"SKU-TSH-0012","2024-10-27",0,3,15,31,0.0,"N",0.0,0.0,0.0,"",""
"SKU-SHI-0013","2024-10-27",0,1,10,23,0.0,"N",0.0,0.0,0.0,"",""
"SKU-CRO-0014","2024-10-27",0,2,14,24,0.0,"N",0.0,0.0,0.0,"",""
"SKU-SHI-0015","2024-10-27",0,2,10,23,0.0,"N",0.0,0.0,0.0,"",""
"SKU-PAN-0016","2024-10-27",0,4,13,29,0.0,"N",0.0,0.0,0.0,"",""
"SKU-SHI-0017","2024-10-27",0,5,12,17,0.0,"N",0.0,0.0,0.0,"",""
"SKU-PAN-0018","2024-10-27",0,7,15,28,0.0,"N",0.0,0.0,0.0,"",""
"SKU-CRO-0019","2024-10-27",0,1,9,16,0.0,"N",0.0,0.0,0.0,"",""
"SKU-PAN-0020","2024-10-27",0,1,8,23,0.0,"N",0.0,0.0,0.0,"",""
"SKU-PAN-0021","2024-10-27",0,3,13,18,0.0,"N",0.0,0.0,0.0,"",""
"SKU-PAN-0022","2024-10-27",0,2,5,12,0.0,"N",40.0,1076.0,53.0,"2024-12-19","2024-12-19"
"SKU-SHO-0023","2024-10-27",0,1,5,12,0.0,"N",0.0,0.0,0.0,"",""
"SKU-SHI-0024","2024-10-27",0,1,4,12,0.0,"N",0.0,0.0,0.0,"",""
"SKU-JAC-0025","2024-10-27",0,5,10,17,0.0,"N",0.0,0.0,0.0,"",""
"SKU-PAN-0026","2024-10-27",0,3,8,10,0.0,"N",0.0,0.0,0.0,"",""
"SKU-JAC-0027","2024-10-27",0,0,6,12,0.0,"N",0.0,0.0,0.0,"",""
"SKU-PAN-0028","2024-10-27",0,0,5,8,0.0,"N",0.0,0.0,0.0,"",""
"SKU-TSH-0029","2024-10-27",0,3,10,13,0.0,"N",0.0,0.0,0.0,"",""
"SKU-CRO-0030","2024-10-27",0,2,9,13,0.0,"N",0.0,0.0,0.0,"",""
"SKU-JAC-0031","2024-10-27",0,3,7,11,0.0,"N",0.0,0.0,0.0,"",""
"SKU-TSH-0032","2024-10-27",0,1,5,8,0.0,"N",0.0,0.0,0.0,"",""
"SKU-SHO-0033","2024-10-27",0,2,7,13,0.0,"N",0.0,0.0,0.0,"",""
"SKU-PAN-0034","2024-10-27",0,2,7,11,0.0,"N",0.0,0.0,0.0,"",""
"SKU-CRO-0035","2024-10-27",0,1,3,9,0.0,"N",0.0,0.0,0.0,"",""
"SKU-SHI-0036","2024-10-27",3,2,9,13,10.0,"N",52.0,998.0,35.0,"2024-11-29","2024-12-01"
"SKU-CRO-0037","2024-10-27",0,2,3,7,0.0,"N",58.0,657.0,36.0,"2024-12-02","2024-12-02"
"SKU-CRO-0038","2024-10-27",0,1,8,14,0.0,"N",0.0,0.0,0.0,"",""
"SKU-SHO-0039","2024-10-27",0,4,7,11,0.0,"N",0.0,0.0,0.0,"",""
"SKU-SHO-0040","2024-10-27",0,1,7,10,0.0,"N",0.0,0.0,0.0,"",""
"SKU-TSH-0041","2024-10-27",29,2,4,5,217.5,"N",0.0,0.0,0.0,"",""
"SKU-CRO-0042","2024-10-27",3,0,3,5,30.0,"N",0.0,0.0,0.0,"",""
"SKU-CRO-0043","2024-10-27",0,1,6,8,0.0,"N",40.0,677.0,41.0,"2024-12-06","2024-12-07"
"SKU-JAC-0044","2024-10-27",0,1,3,6,0.0,"N",40.0,1860.0,35.0,"2024-11-30","2024-12-01"
"SKU-SHI-0045","2024-10-27",12,1,5,11,72.0,"N",0.0,0.0,0.0,"",""
"SKU-JAC-0046","2024-10-27",17,0,2,4,255.0,"N",0.0,0.0,0.0,"",""
"SKU-PAN-0047","2024-10-27",0,0,3,6,0.0,"N",0.0,0.0,0.0,"",""
"SKU-CRO-0048","2024-10-27",0,0,4,6,0.0,"N",0.0,0.0,0.0,"",""
"SKU-TSH-0049","2024-10-27",22,0,4,8,165.0,"N",0.0,0.0,0.0,"",""
"SKU-SHO-0050","2024-10-27",28,0,4,6,210.0,"N",0.0,0.0,0.0,"",""
"SKU-SHI-0051","2024-10-27",0,0,5,6,0.0,"N",0.0,0.0,0.0,"",""
"SKU-SHI-0052","2024-10-27",0,0,6,10,0.0,"N",0.0,0.0,0.0,"",""
"SKU-JAC-0053","2024-10-27",0,0,2,4,0.0,"N",0.0,0.0,0.0,"",""
"SKU-SHI-0054","2024-10-27",0,0,2,5,0.0,"N",0.0,0.0,0.0,"",""
"SKU-JAC-0055","2024-10-27",22,2,2,5,330.0,"N",0.0,0.0,0.0,"",""
"SKU-SHI-0001","2024-11-03",0,73,295,506,0.0,"N",0.0,0.0,0.0,"",""
"SKU-PAN-0002","2024-11-03",0,32,124,199,0.0,"N",0.0,0.0,0.0,"",""
"SKU-SHI-0003","2024-11-03",0,25,95,169,0.0,"N",0.0,0.0,0.0,"",""
"SKU-TSH-0004","2024-11-03",0,17,65,121,0.0,"N",148.0,539.0,39.0,"2024-12-07","2024-12-12"
"SKU-CRO-0005","2024-11-03",0,12,47,82,0.0,"N",0.0,0.0,0.0,"",""
"SKU-SHI-0006","2024-11-03",0,4,35,67,0.0,"N",90.0,1097.0,55.0,"2024-12-25","2024-12-28"
"SKU-CRO-0007","2024-11-03",0,10,41,69,0.0,"N",0.0,0.0,0.0,"",""
"SKU-PAN-0008","2024-11-03",0,8,28,50,0.0,"N",102.0,1152.0,57.0,"2024-12-29","2024-12-30"
"SKU-PAN-0009","2024-11-03",0,9,37,54,0.0,"N",72.0,1008.0,42.0,"2024-12-14","2024-12-15"
"SKU-TSH-0010","2024-11-03",0,4,26,44,0.0,"N",89.0,782.0,36.0,"2024-12-04","2024-12-09"
"SKU-SHO-0011","2024-11-03",0,8,22,40,0.0,"N",74.0,761.0,54.0,"2024-12-25","2024-12-27"
"SKU-TSH-0012","2024-11-03",0,3,16,31,0.0,"N",0.0,0.0,0.0,"",""
"SKU-SHI-0013","2024-11-03",0,3,12,20,0.0,"N",0.0,0.0,0.0,"",""
"SKU-CRO-0014","2024-11-03",0,3,16,24,0.0,"N",0.0,0.0,0.0,"",""
"SKU-SHI-0015","2024-11-03",0,2,10,20,0.0,"N",0.0,0.0,0.0,"",""
"SKU-PAN-0016","2024-11-03",0,3,13,28,0.0,"N",66.0,970.0,48.0,"2024-12-21","2024-12-21"
"SKU-SHI-0017","2024-11-03",0,2,11,17,0.0,"N",0.0,0.0,0.0,"",""
"SKU-PAN-0018","2024-11-03",0,3,16,29,0.0,"N",80.0,1176.0,38.0,"2024-12-11","2024-12-11"
"SKU-CRO-0019","2024-11-03",0,3,11,16,0.0,"N",0.0,0.0,0.0,"",""
"SKU-PAN-0020","2024-11-03",0,1,8,23,0.0,"N",0.0,0.0,0.0,"",""
"SKU-PAN-0021","2024-11-03",0,1,11,18,0.0,"N",0.0,0.0,0.0,"",""
"SKU-PAN-0022","2024-11-03",0,2,6,9,0.0,"N",0.0,0.0,0.0,"",""
"SKU-SHO-0023","2024-11-03",0,2,6,13,0.0,"N",0.0,0.0,0.0,"",""
"SKU-SHI-0024","2024-11-03",0,4,8,13,0.0,"N",0.0,0.0,0.0,"",""
"SKU-JAC-0025","2024-11-03",0,1,9,18,0.0,"N",0.0,0.0,0.0,"",""
"SKU-PAN-0026","2024-11-03",0,1,8,11,0.0,"N",40.0,1332.0,41.0,"2024-12-13","2024-12-14"
"SKU-JAC-0027","2024-11-03",0,5,7,16,0.0,"N",0.0,0.0,0.0,"",""
"SKU-PAN-0028","2024-11-03",0,1,6,9,0.0,"N",0.0,0.0,0.0,"",""
"SKU-TSH-0029","2024-11-03",0,3,12,16,0.0,"N",0.0,0.0,0.0,"",""
"SKU-CRO-0030","2024-11-03",0,1,8,11,0.0,"N",48.0,621.0,58.0,"2024-12-28","2024-12-31"
"SKU-JAC-0031","2024-11-03",0,1,6,12,0.0,"N",0.0,0.0,0.0,"",""
"SKU-TSH-0032","2024-11-03",0,0,3,8,0.0,"N",0.0,0.0,0.0,"",""
"SKU-SHO-0033","2024-11-03",0,2,6,15,0.0,"N",0.0,0.0,0.0,"",""
"SKU-PAN-0034","2024-11-03",0,1,5,10,0.0,"N",0.0,0.0,0.0,"",""
"SKU-CRO-0035","2024-11-03",0,5,8,13,0.0,"N",0.0,0.0,0.0,"",""
"SKU-SHI-0036","2024-11-03",2,1,9,14,6.7,"N",0.0,0.0,0.0,"",""
"SKU-CRO-0037","2024-11-03",0,2,5,8,0.0,"N",0.0,0.0,0.0,"",""
"SKU-CRO-0038","2024-11-03",0,2,8,14,0.0,"N",53.0,1060.0,41.0,"2024-12-14","2024-12-14"
"SKU-SHO-0039","2024-11-03",0,1,7,12,0.0,"N",64.0,809.0,38.0,"2024-12-11","2024-12-11"
"SKU-SHO-0040","2024-11-03",0,3,10,13,0.0,"N",0.0,0.0,0.0,"",""
"SKU-TSH-0041","2024-11-03",29,0,4,4,217.5,"N",0.0,0.0,0.0,"",""
"SKU-CRO-0042","2024-11-03",2,1,3,6,20.0,"N",0.0,0.0,0.0,"",""
"SKU-CRO-0043","2024-11-03",0,0,6,7,0.0,"N",0.0,0.0,0.0,"",""
"SKU-JAC-0044","2024-11-03",0,1,4,6,0.0,"N",0.0,0.0,0.0,"",""
"SKU-SHI-0045","2024-11-03",11,1,5,11,66.0,"N",0.0,0.0,0.0,"",""
"SKU-JAC-0046","2024-11-03",16,1,3,3,160.0,"N",0.0,0.0,0.0,"",""
"SKU-PAN-0047","2024-11-03",0,0,2,6,0.0,"N",0.0,0.0,0.0,"",""
"SKU-CRO-0048","2024-11-03",0,1,3,6,0.0,"N",0.0,0.0,0.0,"",""
"SKU-TSH-0049","2024-11-03",22,0,3,8,220.0,"N",0.0,0.0,0.0,"",""
"SKU-SHO-0050","2024-11-03",27,1,4,6,202.5,"N",0.0,0.0,0.0,"",""
"SKU-SHI-0051","2024-11-03",0,1,4,7,0.0,"N",41.0,928.0,35.0,"2024-12-07","2024-12-08"
"SKU-SHI-0052","2024-11-03",0,0,3,7,0.0,"N",0.0,0.0,0.0,"",""
"SKU-JAC-0053","2024-11-03",0,1,2,4,0.0,"N",0.0,0.0,0.0,"",""
"SKU-SHI-0054","2024-11-03",0,1,1,5,0.0,"N",40.0,963.0,38.0,"2024-12-08","2024-12-11"
"SKU-JAC-0055","2024-11-03",22,0,2,5,330.0,"N",0.0,0.0,0.0,"",""
"SKU-SHI-0001","2024-11-10",0,90,324,554,0.0,"N",546.0,705.0,41.0,"2024-12-21","2024-12-21"
"SKU-PAN-0002","2024-11-10",0,33,131,215,0.0,"N",0.0,0.0,0.0,"",""
"SKU-SHI-0003","2024-11-10",0,27,95,186,0.0,"N",0.0,0.0,0.0,"",""
"SKU-TSH-0004","2024-11-10",0,16,66,122,0.0,"N",0.0,0.0,0.0,"",""
"SKU-CRO-0005","2024-11-10",0,12,51,86,0.0,"N",122.0,846.0,29.0,"2024-12-09","2024-12-09"
"SKU-SHI-0006","2024-11-10",0,15,43,75,0.0,"N",0.0,0.0,0.0,"",""
"SKU-CRO-0007","2024-11-10",0,5,35,70,0.0,"N",0.0,0.0,0.0,"",""
"SKU-PAN-0008","2024-11-10",0,7,33,52,0.0,"N",0.0,0.0,0.0,"",""
"SKU-PAN-0009","2024-11-10",0,5,36,55,0.0,"N",0.0,0.0,0.0,"",""
"SKU-TSH-0010","2024-11-10",0,3,24,42,0.0,"N",0.0,0.0,0.0,"",""
"SKU-SHO-0011","2024-11-10",0,1,18,40,0.0,"N",0.0,0.0,0.0,"",""
"SKU-TSH-0012","2024-11-10",0,4,15,34,0.0,"N",0.0,0.0,0.0,"",""
"SKU-SHI-0013","2024-11-10",0,4,13,22,0.0,"N",46.0,1227.0,53.0,"2025-01-01","2025-01-02"
"SKU-CRO-0014","2024-11-10",0,5,15,27,0.0,"N",80.0,756.0,29.0,"2024-12-08","2024-12-09"
"SKU-SHI-0015","2024-11-10",0,3,10,22,0.0,"N",40.0,940.0,41.0,"2024-12-21","2024-12-21"
"SKU-PAN-0016","2024-11-10",0,3,15,30,0.0,"N",0.0,0.0,0.0,"",""
"SKU-SHI-0017","2024-11-10",0,0,10,16,0.0,"N",0.0,0.0,0.0,"",""
"SKU-PAN-0018","2024-11-10",0,1,13,28,0.0,"N",0.0,0.0,0.0,"",""
"SKU-CRO-0019","2024-11-10",0,3,13,17,0.0,"N",40.0,726.0,29.0,"2024-12-08","2024-12-09"
"SKU-PAN-0020","2024-11-10",0,1,6,20,0.0,"N",48.0,1163.0,44.0,"2024-12-23","2024-12-24"
"SKU-PAN-0021","2024-11-10",0,1,8,18,0.0,"N",0.0,0.0,0.0,"",""
"SKU-PAN-0022","2024-11-10",0,1,6,9,0.0,"N",0.0,0.0,0.0,"",""
"SKU-SHO-0023","2024-11-10",0,3,8,14,0.0,"N",0.0,0.0,0.0,"",""
"SKU-SHI-0024","2024-11-10",0,3,9,15,0.0,"N",0.0,0.0,0.0,"",""
"SKU-JAC-0025","2024-11-10",0,3,11,19,0.0,"N",0.0,0.0,0.0,"",""
"SKU-PAN-0026","2024-11-10",0,2,8,12,0.0,"N",0.0,0.0,0.0,"",""
"SKU-JAC-0027","2024-11-10",0,2,9,17,0.0,"N",74.0,1871.0,59.0,"2025-01-03","2025-01-08"
"SKU-PAN-0028","2024-11-10",0,0,6,7,0.0,"N",42.0,1317.0,53.0,"2024-12-30","2025-01-02"
"SKU-TSH-0029","2024-11-10",0,4,14,19,0.0,"N",45.0,701.0,48.0,"2024-12-26","2024-12-28"
"SKU-CRO-0030","2024-11-10",0,1,7,12,0.0,"N",0.0,0.0,0.0,"",""
"SKU-JAC-0031","2024-11-10",0,0,6,11,0.0,"N",51.0,1800.0,34.0,"2024-12-14","2024-12-14"
"SKU-TSH-0032","2024-11-10",0,2,5,10,0.0,"N",0.0,0.0,0.0,"",""
"SKU-SHO-0033","2024-11-10",0,0,5,13,0.0,"N",40.0,758.0,42.0,"2024-12-20","2024-12-22"
"SKU-PAN-0034","2024-11-10",0,2,6,10,0.0,"N",59.0,1051.0,37.0,"2024-12-17","2024-12-17"
"SKU-CRO-0035","2024-11-10",0,2,9,15,0.0,"N",40.0,721.0,35.0,"2024-12-12","2024-12-15"
"SKU-SHI-0036","2024-11-10",2,0,9,13,6.7,"N",0.0,0.0,0.0,"",""
"SKU-CRO-0037","2024-11-10",0,0,5,7,0.0,"N",0.0,0.0,0.0,"",""
"SKU-CRO-0038","2024-11-10",0,1,6,15,0.0,"N",0.0,0.0,0.0,"",""
"SKU-SHO-0039","2024-11-10",0,3,9,15,0.0,"N",0.0,0.0,0.0,"",""
"SKU-SHO-0040","2024-11-10",0,0,7,12,0.0,"N",0.0,0.0,0.0,"",""
"SKU-TSH-0041","2024-11-10",28,1,3,5,280.0,"N",0.0,0.0,0.0,"",""
"SKU-CRO-0042","2024-11-10",1,1,3,7,10.0,"N",40.0,653.0,46.0,"2024-12-25","2024-12-26"
"SKU-CRO-0043","2024-11-10",0,0,4,7,0.0,"N",0.0,0.0,0.0,"",""
"SKU-JAC-0044","2024-11-10",0,1,4,6,0.0,"N",0.0,0.0,0.0,"",""
"SKU-SHI-0045","2024-11-10",11,0,5,11,66.0,"N",0.0,0.0,0.0,"",""
"SKU-JAC-0046","2024-11-10",14,2,3,5,140.0,"N",0.0,0.0,0.0,"",""
"SKU-PAN-0047","2024-11-10",0,0,2,4,0.0,"N",50.0,959.0,35.0,"2024-12-13","2024-12-15"
"SKU-CRO-0048","2024-11-10",0,1,3,6,0.0,"N",0.0,0.0,0.0,"",""
"SKU-TSH-0049","2024-11-10",20,2,3,9,200.0,"N",0.0,0.0,0.0,"",""
"SKU-SHO-0050","2024-11-10",25,2,5,8,150.0,"N",0.0,0.0,0.0,"",""
"SKU-SHI-0051","2024-11-10",0,1,2,7,0.0,"N",0.0,0.0,0.0,"",""
"SKU-SHI-0052","2024-11-10",0,0,2,6,0.0,"N",40.0,1141.0,48.0,"2024-12-26","2024-12-28"
"SKU-JAC-0053","2024-11-10",0,0,2,4,0.0,"N",40.0,1660.0,44.0,"2024-12-19","2024-12-24"
"SKU-SHI-0054","2024-11-10",0,1,2,5,0.0,"N",0.0,0.0,0.0,"",""
"SKU-JAC-0055","2024-11-10",21,1,3,5,210.0,"N",0.0,0.0,0.0,"",""
"SKU-SHI-0001","2024-11-17",0,48,302,544,0.0,"N",0.0,0.0,0.0,"",""
"SKU-PAN-0002","2024-11-17",0,15,123,220,0.0,"N",244.0,982.0,35.0,"2024-12-22","2024-12-22"
"SKU-SHI-0003","2024-11-17",0,13,92,184,0.0,"N",0.0,0.0,0.0,"",""
"SKU-TSH-0004","2024-11-17",0,5,60,114,0.0,"N",0.0,0.0,0.0,"",""
"SKU-CRO-0005","2024-11-17",0,10,49,92,0.0,"N",0.0,0.0,0.0,"",""
"SKU-SHI-0006","2024-11-17",0,3,35,70,0.0,"N",0.0,0.0,0.0,"",""
"SKU-CRO-0007","2024-11-17",0,4,30,67,0.0,"N",74.0,818.0,43.0,"2024-12-27","2024-12-30"
"SKU-PAN-0008","2024-11-17",0,11,36,61,0.0,"N",0.0,0.0,0.0,"",""
"SKU-PAN-0009","2024-11-17",0,3,27,55,0.0,"N",0.0,0.0,0.0,"",""
"SKU-TSH-0010","2024-11-17",0,4,20,44,0.0,"N",0.0,0.0,0.0,"",""
"SKU-SHO-0011","2024-11-17",0,2,14,34,0.0,"N",0.0,0.0,0.0,"",""
"SKU-TSH-0012","2024-11-17",0,3,13,33,0.0,"N",40.0,715.0,58.0,"2025-01-12","2025-01-14"
"SKU-SHI-0013","2024-11-17",0,3,12,25,0.0,"N",0.0,0.0,0.0,"",""
"SKU-CRO-0014","2024-11-17",0,3,14,28,0.0,"N",0.0,0.0,0.0,"",""
"SKU-SHI-0015","2024-11-17",0,0,7,16,0.0,"N",0.0,0.0,0.0,"",""
"SKU-PAN-0016","2024-11-17",0,3,15,28,0.0,"N",0.0,0.0,0.0,"",""
"SKU-SHI-0017","2024-11-17",0,3,12,19,0.0,"N",40.0,842.0,50.0,"2025-01-06","2025-01-06"
"SKU-PAN-0018","2024-11-17",0,4,16,27,0.0,"N",0.0,0.0,0.0,"",""
"SKU-CRO-0019","2024-11-17",0,1,10,18,0.0,"N",0.0,0.0,0.0,"",""
"SKU-PAN-0020","2024-11-17",0,2,5,19,0.0,"N",0.0,0.0,0.0,"",""
"SKU-PAN-0021","2024-11-17",0,0,7,17,0.0,"N",52.0,1216.0,55.0,"2025-01-10","2025-01-11"
"SKU-PAN-0022","2024-11-17",0,0,5,8,0.0,"N",0.0,0.0,0.0,"",""
"SKU-SHO-0023","2024-11-17",0,0,7,12,0.0,"N",40.0,668.0,40.0,"2024-12-25","2024-12-27"
"SKU-SHI-0024","2024-11-17",0,0,9,13,0.0,"N",40.0,854.0,36.0,"2024-12-22","2024-12-23"
"SKU-JAC-0025","2024-11-17",0,1,10,16,0.0,"N",40.0,1639.0,57.0,"2025-01-12","2025-01-13"
"SKU-PAN-0026","2024-11-17",0,2,9,13,0.0,"N",0.0,0.0,0.0,"",""
"SKU-JAC-0027","2024-11-17",0,0,8,15,0.0,"N",0.0,0.0,0.0,"",""
"SKU-PAN-0028","2024-11-17",0,1,3,8,0.0,"N",0.0,0.0,0.0,"",""
"SKU-TSH-0029","2024-11-17",0,0,11,19,0.0,"N",0.0,0.0,0.0,"",""
"SKU-CRO-0030","2024-11-17",0,3,8,14,0.0,"N",0.0,0.0,0.0,"",""
"SKU-JAC-0031","2024-11-17",0,2,7,12,0.0,"N",0.0,0.0,0.0,"",""
"SKU-TSH-0032","2024-11-17",0,1,4,11,0.0,"N",54.0,627.0,31.0,"2024-12-15","2024-12-18"
"SKU-SHO-0033","2024-11-17",0,1,5,14,0.0,"N",0.0,0.0,0.0,"",""
"SKU-PAN-0034","2024-11-17",0,3,8,13,0.0,"N",0.0,0.0,0.0,"",""
"SKU-CRO-0035","2024-11-17",0,0,9,14,0.0,"N",0.0,0.0,0.0,"",""
"SKU-SHI-0036","2024-11-17",2,0,8,11,7.5,"N",0.0,0.0,0.0,"",""
"SKU-CRO-0037","2024-11-17",0,2,6,9,0.0,"N",0.0,0.0,0.0,"",""
"SKU-CRO-0038","2024-11-17",0,1,5,15,0.0,"N",0.0,0.0,0.0,"",""
"SKU-SHO-0039","2024-11-17",0,0,9,14,0.0,"N",0.0,0.0,0.0,"",""
"SKU-SHO-0040","2024-11-17",0,1,6,12,0.0,"N",42.0,711.0,44.0,"2024-12-29","2024-12-31"
"SKU-TSH-0041","2024-11-17",26,2,5,7,156.0,"N",0.0,0.0,0.0,"",""
"SKU-CRO-0042","2024-11-17",0,2,5,9,0.0,"N",0.0,0.0,0.0,"",""
"SKU-CRO-0043","2024-11-17",0,2,4,9,0.0,"N",0.0,0.0,0.0,"",""
"SKU-JAC-0044","2024-11-17",0,0,3,6,0.0,"N",0.0,0.0,0.0,"",""
"SKU-SHI-0045","2024-11-17",11,0,3,9,110.0,"N",0.0,0.0,0.0,"",""
"SKU-JAC-0046","2024-11-17",12,2,5,7,72.0,"N",0.0,0.0,0.0,"",""
"SKU-PAN-0047","2024-11-17",0,0,1,4,0.0,"N",0.0,0.0,0.0,"",""
"SKU-CRO-0048","2024-11-17",0,0,2,6,0.0,"N",45.0,736.0,29.0,"2024-12-16","2024-12-16"
"SKU-TSH-0049","2024-11-17",20,0,2,7,300.0,"N",0.0,0.0,0.0,"",""
"SKU-SHO-0050","2024-11-17",24,1,4,8,180.0,"N",0.0,0.0,0.0,"",""
"SKU-SHI-0051","2024-11-17",0,0,2,7,0.0,"N",0.0,0.0,0.0,"",""
"SKU-SHI-0052","2024-11-17",0,0,0,6,999.0,"N",0.0,0.0,0.0,"",""
"SKU-JAC-0053","2024-11-17",0,0,2,3,0.0,"N",0.0,0.0,0.0,"",""
"SKU-SHI-0054","2024-11-17",0,1,3,5,0.0,"N",0.0,0.0,0.0,"",""
"SKU-JAC-0055","2024-11-17",20,1,4,5,150.0,"N",0.0,0.0,0.0,"",""
"SKU-SHI-0001","2024-11-24",0,45,282,550,0.0,"N",0.0,0.0,0.0,"",""
"SKU-PAN-0002","2024-11-24",0,16,99,219,0.0,"N",0.0,0.0,0.0,"",""
"SKU-SHI-0003","2024-11-24",0,10,79,165,0.0,"N",164.0,1004.0,49.0,"2025-01-12","2025-01-12"
"SKU-TSH-0004","2024-11-24",0,3,50,107,0.0,"N",0.0,0.0,0.0,"",""
"SKU-CRO-0005","2024-11-24",0,12,48,90,0.0,"N",0.0,0.0,0.0,"",""
"SKU-SHI-0006","2024-11-24",0,3,26,67,0.0,"N",0.0,0.0,0.0,"",""
"SKU-CRO-0007","2024-11-24",0,6,27,68,0.0,"N",0.0,0.0,0.0,"",""
"SKU-PAN-0008","2024-11-24",0,4,31,59,0.0,"N",0.0,0.0,0.0,"",""
"SKU-PAN-0009","2024-11-24",0,6,26,54,0.0,"N",0.0,0.0,0.0,"",""
"SKU-TSH-0010","2024-11-24",0,1,13,42,0.0,"N",0.0,0.0,0.0,"",""
"SKU-SHO-0011","2024-11-24",0,2,13,34,0.0,"N",0.0,0.0,0.0,"",""
"SKU-TSH-0012","2024-11-24",0,2,14,28,0.0,"N",0.0,0.0,0.0,"",""
"SKU-SHI-0013","2024-11-24",0,2,12,23,0.0,"N",0.0,0.0,0.0,"",""
"SKU-CRO-0014","2024-11-24",0,2,14,27,0.0,"N",0.0,0.0,0.0,"",""
"SKU-SHI-0015","2024-11-24",0,2,7,17,0.0,"N",0.0,0.0,0.0,"",""
"SKU-PAN-0016","2024-11-24",0,2,12,24,0.0,"N",0.0,0.0,0.0,"",""
"SKU-SHI-0017","2024-11-24",0,4,10,21,0.0,"N",0.0,0.0,0.0,"",""
"SKU-PAN-0018","2024-11-24",0,2,12,26,0.0,"N",0.0,0.0,0.0,"",""
"SKU-CRO-0019","2024-11-24",0,4,11,22,0.0,"N",0.0,0.0,0.0,"",""
"SKU-PAN-0020","2024-11-24",0,0,5,12,0.0,"N",0.0,0.0,0.0,"",""
"SKU-PAN-0021","2024-11-24",0,1,6,16,0.0,"N",0.0,0.0,0.0,"",""
"SKU-PAN-0022","2024-11-24",0,0,4,8,0.0,"N",63.0,1076.0,42.0,"2025-01-05","2025-01-05"
"SKU-SHO-0023","2024-11-24",0,2,8,12,0.0,"N",0.0,0.0,0.0,"",""
"SKU-SHI-0024","2024-11-24",0,1,9,12,0.0,"N",0.0,0.0,0.0,"",""
"SKU-JAC-0025","2024-11-24",0,2,8,17,0.0,"N",0.0,0.0,0.0,"",""
"SKU-PAN-0026","2024-11-24",0,1,9,14,0.0,"N",0.0,0.0,0.0,"",""
"SKU-JAC-0027","2024-11-24",0,1,8,15,0.0,"N",0.0,0.0,0.0,"",""
"SKU-PAN-0028","2024-11-24",0,2,4,10,0.0,"N",0.0,0.0,0.0,"",""
"SKU-TSH-0029","2024-11-24",0,1,8,19,0.0,"N",0.0,0.0,0.0,"",""
"SKU-CRO-0030","2024-11-24",0,1,8,15,0.0,"N",0.0,0.0,0.0,"",""
"SKU-JAC-0031","2024-11-24",0,1,5,12,0.0,"N",0.0,0.0,0.0,"",""
"SKU-TSH-0032","2024-11-24",0,2,5,11,0.0,"N",0.0,0.0,0.0,"",""
"SKU-SHO-0033","2024-11-24",0,1,4,14,0.0,"N",0.0,0.0,0.0,"",""
"SKU-PAN-0034","2024-11-24",0,1,7,14,0.0,"N",0.0,0.0,0.0,"",""
"SKU-CRO-0035","2024-11-24",0,1,8,11,0.0,"N",0.0,0.0,0.0,"",""
"SKU-SHI-0036","2024-11-24",2,0,1,10,60.0,"N",0.0,0.0,0.0,"",""
"SKU-CRO-0037","2024-11-24",0,1,6,9,0.0,"N",60.0,657.0,32.0,"2024-12-26","2024-12-26"
"SKU-CRO-0038","2024-11-24",0,1,6,13,0.0,"N",0.0,0.0,0.0,"",""
"SKU-SHO-0039","2024-11-24",0,1,5,14,0.0,"N",0.0,0.0,0.0,"",""
"SKU-SHO-0040","2024-11-24",0,3,8,14,0.0,"N",0.0,0.0,0.0,"",""
"SKU-TSH-0041","2024-11-24",23,3,7,10,98.6,"N",0.0,0.0,0.0,"",""
"SKU-CRO-0042","2024-11-24",0,0,4,7,0.0,"N",0.0,0.0,0.0,"",""
"SKU-CRO-0043","2024-11-24",0,1,3,9,0.0,"N",40.0,677.0,36.0,"2024-12-30","2024-12-30"
"SKU-JAC-0044","2024-11-24",0,0,3,5,0.0,"N",58.0,1860.0,29.0,"2024-12-23","2024-12-23"
"SKU-SHI-0045","2024-11-24",9,2,4,8,67.5,"N",0.0,0.0,0.0,"",""
"SKU-JAC-0046","2024-11-24",11,1,6,8,55.0,"N",0.0,0.0,0.0,"",""
"SKU-PAN-0047","2024-11-24",0,1,1,4,0.0,"N",0.0,0.0,0.0,"",""
"SKU-CRO-0048","2024-11-24",0,2,4,8,0.0,"N",0.0,0.0,0.0,"",""
"SKU-TSH-0049","2024-11-24",20,0,2,6,300.0,"N",0.0,0.0,0.0,"",""
"SKU-SHO-0050","2024-11-24",24,0,4,8,180.0,"N",0.0,0.0,0.0,"",""
"SKU-SHI-0051","2024-11-24",0,1,3,8,0.0,"N",0.0,0.0,0.0,"",""
"SKU-SHI-0052","2024-11-24",0,2,2,8,0.0,"N",0.0,0.0,0.0,"",""
"SKU-JAC-0053","2024-11-24",0,0,1,3,0.0,"N",0.0,0.0,0.0,"",""
"SKU-SHI-0054","2024-11-24",0,0,3,5,0.0,"N",0.0,0.0,0.0,"",""
"SKU-JAC-0055","2024-11-24",20,0,3,4,200.0,"N",0.0,0.0,0.0,"",""
"SKU-SHI-0001","2024-12-01",0,52,258,543,0.0,"N",0.0,0.0,0.0,"",""
"SKU-PAN-0002","2024-12-01",0,21,92,218,0.0,"N",0.0,0.0,0.0,"",""
"SKU-SHI-0003","2024-12-01",0,12,69,162,0.0,"N",0.0,0.0,0.0,"",""
"SKU-TSH-0004","2024-12-01",0,11,39,105,0.0,"N",108.0,539.0,51.0,"2025-01-19","2025-01-21"
"SKU-CRO-0005","2024-12-01",0,10,49,91,0.0,"N",0.0,0.0,0.0,"",""
"SKU-SHI-0006","2024-12-01",0,6,30,65,0.0,"N",60.0,1097.0,34.0,"2025-01-03","2025-01-04"
"SKU-CRO-0007","2024-12-01",0,6,22,67,0.0,"N",0.0,0.0,0.0,"",""
"SKU-PAN-0008","2024-12-01",0,5,28,59,0.0,"N",90.0,1152.0,53.0,"2025-01-18","2025-01-23"
"SKU-PAN-0009","2024-12-01",0,6,23,58,0.0,"N",48.0,1008.0,40.0,"2025-01-10","2025-01-10"
"SKU-TSH-0010","2024-12-01",0,5,15,43,0.0,"N",44.0,782.0,55.0,"2025-01-23","2025-01-25"
"SKU-SHO-0011","2024-12-01",0,3,11,34,0.0,"N",50.0,761.0,58.0,"2025-01-26","2025-01-28"
"SKU-TSH-0012","2024-12-01",0,2,11,27,0.0,"N",0.0,0.0,0.0,"",""
"SKU-SHI-0013","2024-12-01",0,4,13,25,0.0,"N",0.0,0.0,0.0,"",""
"SKU-CRO-0014","2024-12-01",0,6,17,32,0.0,"N",0.0,0.0,0.0,"",""
"SKU-SHI-0015","2024-12-01",0,3,8,18,0.0,"N",0.0,0.0,0.0,"",""
"SKU-PAN-0016","2024-12-01",0,2,10,23,0.0,"N",40.0,970.0,50.0,"2025-01-19","2025-01-20"
"SKU-SHI-0017","2024-12-01",0,3,11,23,0.0,"N",0.0,0.0,0.0,"",""
"SKU-PAN-0018","2024-12-01",0,3,11,27,0.0,"N",52.0,1176.0,59.0,"2025-01-24","2025-01-29"
"SKU-CRO-0019","2024-12-01",0,0,11,20,0.0,"N",0.0,0.0,0.0,"",""
"SKU-PAN-0020","2024-12-01",0,1,4,12,0.0,"N",0.0,0.0,0.0,"",""
"SKU-PAN-0021","2024-12-01",0,2,4,16,0.0,"N",0.0,0.0,0.0,"",""
"SKU-PAN-0022","2024-12-01",0,1,4,8,0.0,"N",0.0,0.0,0.0,"",""
"SKU-SHO-0023","2024-12-01",0,2,8,13,0.0,"N",0.0,0.0,0.0,"",""
"SKU-SHI-0024","2024-12-01",0,1,6,13,0.0,"N",0.0,0.0,0.0,"",""
"SKU-JAC-0025","2024-12-01",0,2,8,18,0.0,"N",0.0,0.0,0.0,"",""
"SKU-PAN-0026","2024-12-01",0,4,10,17,0.0,"N",40.0,1332.0,56.0,"2025-01-24","2025-01-26"
"SKU-JAC-0027","2024-12-01",0,2,6,15,0.0,"N",0.0,0.0,0.0,"",""
"SKU-PAN-0028","2024-12-01",0,1,5,10,0.0,"N",0.0,0.0,0.0,"",""
"SKU-TSH-0029","2024-12-01",0,0,5,17,0.0,"N",0.0,0.0,0.0,"",""
"SKU-CRO-0030","2024-12-01",0,5,10,18,0.0,"N",44.0,621.0,47.0,"2025-01-17","2025-01-17"
"SKU-JAC-0031","2024-12-01",0,2,5,11,0.0,"N",0.0,0.0,0.0,"",""
"SKU-TSH-0032","2024-12-01",0,0,5,10,0.0,"N",0.0,0.0,0.0,"",""
"SKU-SHO-0033","2024-12-01",0,0,2,8,0.0,"N",0.0,0.0,0.0,"",""
"SKU-PAN-0034","2024-12-01",0,0,7,13,0.0,"N",0.0,0.0,0.0,"",""
"SKU-CRO-0035","2024-12-01",0,1,8,12,0.0,"N",0.0,0.0,0.0,"",""
"SKU-SHI-0036","2024-12-01",1,1,1,10,30.0,"N",0.0,0.0,0.0,"",""
"SKU-CRO-0037","2024-12-01",0,0,3,8,0.0,"N",0.0,0.0,0.0,"",""
"SKU-CRO-0038","2024-12-01",0,1,4,12,0.0,"N",45.0,1060.0,41.0,"2025-01-11","2025-01-11"
"SKU-SHO-0039","2024-12-01",0,0,5,11,0.0,"N",40.0,809.0,56.0,"2025-01-26","2025-01-26"
"SKU-SHO-0040","2024-12-01",0,4,9,18,0.0,"N",0.0,0.0,0.0,"",""
"SKU-TSH-0041","2024-12-01",23,0,6,10,115.0,"N",0.0,0.0,0.0,"",""
"SKU-CRO-0042","2024-12-01",0,0,3,6,0.0,"N",0.0,0.0,0.0,"",""
"SKU-CRO-0043","2024-12-01",0,1,4,10,0.0,"N",0.0,0.0,0.0,"",""
"SKU-JAC-0044","2024-12-01",0,2,4,7,0.0,"N",0.0,0.0,0.0,"",""
"SKU-SHI-0045","2024-12-01",9,0,2,7,135.0,"N",0.0,0.0,0.0,"",""
"SKU-JAC-0046","2024-12-01",11,0,6,8,55.0,"N",0.0,0.0,0.0,"",""
"SKU-PAN-0047","2024-12-01",0,2,3,5,0.0,"N",0.0,0.0,0.0,"",""
"SKU-CRO-0048","2024-12-01",0,2,6,8,0.0,"N",0.0,0.0,0.0,"",""
"SKU-TSH-0049","2024-12-01",20,0,2,6,300.0,"N",0.0,0.0,0.0,"",""
"SKU-SHO-0050","2024-12-01",24,0,4,7,180.0,"N",0.0,0.0,0.0,"",""
"SKU-SHI-0051","2024-12-01",0,1,3,7,0.0,"N",64.0,928.0,33.0,"2024-12-29","2025-01-03"
"SKU-SHI-0052","2024-12-01",0,0,2,6,0.0,"N",0.0,0.0,0.0,"",""
"SKU-JAC-0053","2024-12-01",0,0,0,2,999.0,"N",0.0,0.0,0.0,"",""
"SKU-SHI-0054","2024-12-01",0,2,5,6,0.0,"N",48.0,963.0,44.0,"2025-01-12","2025-01-14"
"SKU-JAC-0055","2024-12-01",20,0,2,4,300.0,"N",0.0,0.0,0.0,"",""
"SKU-SHI-0001","2024-12-08",0,57,231,541,0.0,"N",380.0,705.0,39.0,"2025-01-13","2025-01-16"
"SKU-PAN-0002","2024-12-08",0,25,86,217,0.0,"N",0.0,0.0,0.0,"",""
"SKU-SHI-0003","2024-12-08",0,17,60,157,0.0,"N",0.0,0.0,0.0,"",""
"SKU-TSH-0004","2024-12-08",0,7,32,97,0.0,"N",0.0,0.0,0.0,"",""
"SKU-CRO-0005","2024-12-08",0,4,38,89,0.0,"N",75.0,846.0,39.0,"2025-01-16","2025-01-16"
"SKU-SHI-0006","2024-12-08",0,9,24,68,0.0,"N",0.0,0.0,0.0,"",""
"SKU-CRO-0007","2024-12-08",0,7,24,61,0.0,"N",0.0,0.0,0.0,"",""
"SKU-PAN-0008","2024-12-08",0,9,32,63,0.0,"N",0.0,0.0,0.0,"",""
"SKU-PAN-0009","2024-12-08",0,5,22,57,0.0,"N",0.0,0.0,0.0,"",""
"SKU-TSH-0010","2024-12-08",0,2,12,36,0.0,"N",0.0,0.0,0.0,"",""
"SKU-SHO-0011","2024-12-08",0,9,16,35,0.0,"N",0.0,0.0,0.0,"",""
"SKU-TSH-0012","2024-12-08",0,6,14,29,0.0,"N",0.0,0.0,0.0,"",""
"SKU-SHI-0013","2024-12-08",0,1,12,23,0.0,"N",40.0,1227.0,48.0,"2025-01-24","2025-01-25"
"SKU-CRO-0014","2024-12-08",0,3,17,32,0.0,"N",64.0,756.0,52.0,"2025-01-29","2025-01-29"
"SKU-SHI-0015","2024-12-08",0,0,5,16,0.0,"N",42.0,940.0,48.0,"2025-01-20","2025-01-25"
"SKU-PAN-0016","2024-12-08",0,2,10,24,0.0,"N",0.0,0.0,0.0,"",""
"SKU-SHI-0017","2024-12-08",0,2,12,23,0.0,"N",0.0,0.0,0.0,"",""
"SKU-PAN-0018","2024-12-08",0,4,13,27,0.0,"N",0.0,0.0,0.0,"",""
"SKU-CRO-0019","2024-12-08",0,3,8,21,0.0,"N",54.0,726.0,56.0,"2025-01-28","2025-02-02"
"SKU-PAN-0020","2024-12-08",0,2,6,11,0.0,"N",40.0,1163.0,31.0,"2025-01-06","2025-01-08"
"SKU-PAN-0021","2024-12-08",0,1,4,13,0.0,"N",0.0,0.0,0.0,"",""
"SKU-PAN-0022","2024-12-08",0,4,5,11,0.0,"N",0.0,0.0,0.0,"",""
"SKU-SHO-0023","2024-12-08",0,2,8,14,0.0,"N",0.0,0.0,0.0,"",""
"SKU-SHI-0024","2024-12-08",0,0,4,12,0.0,"N",0.0,0.0,0.0,"",""
"SKU-JAC-0025","2024-12-08",0,2,9,18,0.0,"N",0.0,0.0,0.0,"",""
"SKU-PAN-0026","2024-12-08",0,2,9,17,0.0,"N",0.0,0.0,0.0,"",""
"SKU-JAC-0027","2024-12-08",0,1,4,13,0.0,"N",40.0,1871.0,40.0,"2025-01-14","2025-01-17"
"SKU-PAN-0028","2024-12-08",0,1,5,11,0.0,"N",40.0,1317.0,55.0,"2025-01-30","2025-02-01"
"SKU-TSH-0029","2024-12-08",0,1,2,16,0.0,"N",63.0,701.0,35.0,"2025-01-09","2025-01-12"
"SKU-CRO-0030","2024-12-08",0,1,10,19,0.0,"N",0.0,0.0,0.0,"",""
"SKU-JAC-0031","2024-12-08",0,4,9,15,0.0,"N",68.0,1800.0,39.0,"2025-01-16","2025-01-16"
"SKU-TSH-0032","2024-12-08",0,2,6,10,0.0,"N",0.0,0.0,0.0,"",""
"SKU-SHO-0033","2024-12-08",0,0,2,7,0.0,"N",40.0,758.0,59.0,"2025-02-02","2025-02-05"
"SKU-PAN-0034","2024-12-08",0,2,7,12,0.0,"N",70.0,1051.0,35.0,"2025-01-07","2025-01-12"
"SKU-CRO-0035","2024-12-08",0,4,7,15,0.0,"N",52.0,721.0,32.0,"2025-01-07","2025-01-09"
"SKU-SHI-0036","2024-12-08",0,3,4,13,0.0,"N",45.0,998.0,58.0,"2025-02-01","2025-02-04"
"SKU-CRO-0037","2024-12-08",0,2,5,10,0.0,"N",0.0,0.0,0.0,"",""
"SKU-CRO-0038","2024-12-08",0,0,4,10,0.0,"N",0.0,0.0,0.0,"",""
"SKU-SHO-0039","2024-12-08",0,2,4,13,0.0,"N",0.0,0.0,0.0,"",""
"SKU-SHO-0040","2024-12-08",0,0,8,15,0.0,"N",0.0,0.0,0.0,"",""
"SKU-TSH-0041","2024-12-08",21,2,8,11,78.8,"N",0.0,0.0,0.0,"",""
"SKU-CRO-0042","2024-12-08",0,0,2,5,0.0,"N",40.0,653.0,42.0,"2025-01-19","2025-01-19"
"SKU-CRO-0043","2024-12-08",0,1,5,9,0.0,"N",0.0,0.0,0.0,"",""
"SKU-JAC-0044","2024-12-08",0,0,2,6,0.0,"N",0.0,0.0,0.0,"",""
"SKU-SHI-0045","2024-12-08",8,1,3,8,80.0,"N",0.0,0.0,0.0,"",""
"SKU-JAC-0046","2024-12-08",10,1,4,8,75.0,"N",0.0,0.0,0.0,"",""
"SKU-PAN-0047","2024-12-08",0,0,3,5,0.0,"N",40.0,959.0,56.0,"2025-01-31","2025-02-02"
"SKU-CRO-0048","2024-12-08",0,0,4,7,0.0,"N",0.0,0.0,0.0,"",""
"SKU-TSH-0049","2024-12-08",18,2,2,5,270.0,"N",0.0,0.0,0.0,"",""
"SKU-SHO-0050","2024-12-08",24,0,2,6,360.0,"N",0.0,0.0,0.0,"",""
"SKU-SHI-0051","2024-12-08",0,1,3,8,0.0,"N",0.0,0.0,0.0,"",""
"SKU-SHI-0052","2024-12-08",0,1,3,5,0.0,"N",42.0,1141.0,39.0,"2025-01-11","2025-01-16"
"SKU-JAC-0053","2024-12-08",0,2,2,4,0.0,"N",40.0,1660.0,35.0,"2025-01-09","2025-01-12"
"SKU-SHI-0054","2024-12-08",0,0,4,5,0.0,"N",0.0,0.0,0.0,"",""
"SKU-JAC-0055","2024-12-08",18,2,3,6,180.0,"N",0.0,0.0,0.0,"",""
"SKU-SHI-0001","2024-12-15",0,77,247,549,0.0,"N",0.0,0.0,0.0,"",""
"SKU-PAN-0002","2024-12-15",0,34,100,226,0.0,"N",185.0,982.0,53.0,"2025-02-05","2025-02-06"
"SKU-SHI-0003","2024-12-15",0,21,63,154,0.0,"N",0.0,0.0,0.0,"",""
"SKU-TSH-0004","2024-12-15",0,18,39,100,0.0,"N",0.0,0.0,0.0,"",""
"SKU-CRO-0005","2024-12-15",0,13,44,92,0.0,"N",0.0,0.0,0.0,"",""
"SKU-SHI-0006","2024-12-15",0,8,27,63,0.0,"N",0.0,0.0,0.0,"",""
"SKU-CRO-0007","2024-12-15",0,5,25,56,0.0,"N",90.0,818.0,53.0,"2025-02-06","2025-02-06"
"SKU-PAN-0008","2024-12-15",0,6,24,60,0.0,"N",0.0,0.0,0.0,"",""
"SKU-PAN-0009","2024-12-15",0,5,25,50,0.0,"N",0.0,0.0,0.0,"",""
"SKU-TSH-0010","2024-12-15",0,4,12,33,0.0,"N",0.0,0.0,0.0,"",""
"SKU-SHO-0011","2024-12-15",0,3,19,33,0.0,"N",0.0,0.0,0.0,"",""
"SKU-TSH-0012","2024-12-15",0,3,15,26,0.0,"N",64.0,715.0,41.0,"2025-01-25","2025-01-25"
"SKU-SHI-0013","2024-12-15",0,1,8,22,0.0,"N",0.0,0.0,0.0,"",""
"SKU-CRO-0014","2024-12-15",0,5,18,30,0.0,"N",0.0,0.0,0.0,"",""
"SKU-SHI-0015","2024-12-15",0,3,8,15,0.0,"N",0.0,0.0,0.0,"",""
"SKU-PAN-0016","2024-12-15",0,2,9,23,0.0,"N",0.0,0.0,0.0,"",""
"SKU-SHI-0017","2024-12-15",0,7,17,28,0.0,"N",46.0,842.0,57.0,"2025-02-07","2025-02-10"
"SKU-PAN-0018","2024-12-15",0,0,10,25,0.0,"N",0.0,0.0,0.0,"",""
"SKU-CRO-0019","2024-12-15",0,4,12,22,0.0,"N",0.0,0.0,0.0,"",""
"SKU-PAN-0020","2024-12-15",0,3,8,11,0.0,"N",0.0,0.0,0.0,"",""
"SKU-PAN-0021","2024-12-15",0,4,8,15,0.0,"N",52.0,1216.0,55.0,"2025-02-08","2025-02-08"
"SKU-PAN-0022","2024-12-15",0,2,7,12,0.0,"N",0.0,0.0,0.0,"",""
"SKU-SHO-0023","2024-12-15",0,1,7,14,0.0,"N",40.0,668.0,33.0,"2025-01-14","2025-01-17"
"SKU-SHI-0024","2024-12-15",0,5,7,16,0.0,"N",40.0,854.0,39.0,"2025-01-21","2025-01-23"
"SKU-JAC-0025","2024-12-15",0,3,9,19,0.0,"N",62.0,1639.0,38.0,"2025-01-21","2025-01-22"
"SKU-PAN-0026","2024-12-15",0,1,8,17,0.0,"N",0.0,0.0,0.0,"",""
"SKU-JAC-0027","2024-12-15",0,1,5,13,0.0,"N",0.0,0.0,0.0,"",""
"SKU-PAN-0028","2024-12-15",0,2,6,9,0.0,"N",0.0,0.0,0.0,"",""
"SKU-TSH-0029","2024-12-15",0,3,5,17,0.0,"N",0.0,0.0,0.0,"",""
"SKU-CRO-0030","2024-12-15",0,2,10,17,0.0,"N",0.0,0.0,0.0,"",""
"SKU-JAC-0031","2024-12-15",0,1,8,15,0.0,"N",0.0,0.0,0.0,"",""
"SKU-TSH-0032","2024-12-15",0,3,7,11,0.0,"N",40.0,627.0,53.0,"2025-02-04","2025-02-06"
"SKU-SHO-0033","2024-12-15",0,0,1,6,0.0,"N",0.0,0.0,0.0,"",""
"SKU-PAN-0034","2024-12-15",0,1,6,12,0.0,"N",0.0,0.0,0.0,"",""
"SKU-CRO-0035","2024-12-15",0,0,6,15,0.0,"N",0.0,0.0,0.0,"",""
"SKU-SHI-0036","2024-12-15",0,2,6,14,0.0,"N",0.0,0.0,0.0,"",""
"SKU-CRO-0037","2024-12-15",0,0,3,10,0.0,"N",0.0,0.0,0.0,"",""
"SKU-CRO-0038","2024-12-15",0,1,4,9,0.0,"N",0.0,0.0,0.0,"",""
"SKU-SHO-0039","2024-12-15",0,2,5,14,0.0,"N",0.0,0.0,0.0,"",""
"SKU-SHO-0040","2024-12-15",0,0,7,13,0.0,"N",40.0,711.0,51.0,"2025-02-02","2025-02-04"
"SKU-TSH-0041","2024-12-15",21,0,6,10,105.0,"N",0.0,0.0,0.0,"",""
"SKU-CRO-0042","2024-12-15",0,1,1,6,0.0,"N",0.0,0.0,0.0,"",""
"SKU-CRO-0043","2024-12-15",0,1,5,8,0.0,"N",0.0,0.0,0.0,"",""
"SKU-JAC-0044","2024-12-15",0,0,2,5,0.0,"N",0.0,0.0,0.0,"",""
"SKU-SHI-0045","2024-12-15",7,1,4,7,52.5,"N",0.0,0.0,0.0,"",""
"SKU-JAC-0046","2024-12-15",9,1,3,8,90.0,"N",0.0,0.0,0.0,"",""
"SKU-PAN-0047","2024-12-15",0,1,4,5,0.0,"N",0.0,0.0,0.0,"",""
"SKU-CRO-0048","2024-12-15",0,1,5,7,0.0,"N",40.0,736.0,59.0,"2025-02-07","2025-02-12"
"SKU-TSH-0049","2024-12-15",17,1,3,5,170.0,"N",0.0,0.0,0.0,"",""
"SKU-SHO-0050","2024-12-15",24,0,0,4,999.0,"N",0.0,0.0,0.0,"",""
"SKU-SHI-0051","2024-12-15",0,2,5,7,0.0,"N",0.0,0.0,0.0,"",""
"SKU-SHI-0052","2024-12-15",0,1,4,4,0.0,"N",0.0,0.0,0.0,"",""
"SKU-JAC-0053","2024-12-15",0,0,2,4,0.0,"N",0.0,0.0,0.0,"",""
"SKU-SHI-0054","2024-12-15",0,0,2,5,0.0,"N",0.0,0.0,0.0,"",""
"SKU-JAC-0055","2024-12-15",18,0,2,6,270.0,"N",0.0,0.0,0.0,"",""
"SKU-SHI-0001","2024-12-22",0,52,250,535,0.0,"N",0.0,0.0,0.0,"",""
"SKU-PAN-0002","2024-12-22",0,25,115,211,0.0,"N",0.0,0.0,0.0,"",""
"SKU-SHI-0003","2024-12-22",0,21,71,152,0.0,"N",160.0,1004.0,57.0,"2025-02-14","2025-02-17"
"SKU-TSH-0004","2024-12-22",0,15,52,104,0.0,"N",0.0,0.0,0.0,"",""
"SKU-CRO-0005","2024-12-22",0,11,41,88,0.0,"N",0.0,0.0,0.0,"",""
"SKU-SHI-0006","2024-12-22",0,8,33,60,0.0,"N",0.0,0.0,0.0,"",""
"SKU-CRO-0007","2024-12-22",0,7,29,54,0.0,"N",0.0,0.0,0.0,"",""
"SKU-PAN-0008","2024-12-22",0,10,33,63,0.0,"N",0.0,0.0,0.0,"",""
"SKU-PAN-0009","2024-12-22",0,3,21,46,0.0,"N",0.0,0.0,0.0,"",""
"SKU-TSH-0010","2024-12-22",0,7,18,33,0.0,"N",0.0,0.0,0.0,"",""
"SKU-SHO-0011","2024-12-22",0,1,17,30,0.0,"N",0.0,0.0,0.0,"",""
"SKU-TSH-0012","2024-12-22",0,5,18,30,0.0,"N",0.0,0.0,0.0,"",""
"SKU-SHI-0013","2024-12-22",0,3,9,22,0.0,"N",0.0,0.0,0.0,"",""
"SKU-CRO-0014","2024-12-22",0,3,18,31,0.0,"N",0.0,0.0,0.0,"",""
"SKU-SHI-0015","2024-12-22",0,1,8,15,0.0,"N",0.0,0.0,0.0,"",""
"SKU-PAN-0016","2024-12-22",0,10,17,29,0.0,"N",0.0,0.0,0.0,"",""
"SKU-SHI-0017","2024-12-22",0,1,14,25,0.0,"N",0.0,0.0,0.0,"",""
"SKU-PAN-0018","2024-12-22",0,2,10,22,0.0,"N",0.0,0.0,0.0,"",""
"SKU-CRO-0019","2024-12-22",0,2,11,20,0.0,"N",0.0,0.0,0.0,"",""
"SKU-PAN-0020","2024-12-22",0,1,7,12,0.0,"N",0.0,0.0,0.0,"",""
"SKU-PAN-0021","2024-12-22",0,1,8,14,0.0,"N",0.0,0.0,0.0,"",""
"SKU-PAN-0022","2024-12-22",0,1,8,12,0.0,"N",40.0,1076.0,51.0,"2025-02-10","2025-02-11"
"SKU-SHO-0023","2024-12-22",0,2,9,15,0.0,"N",0.0,0.0,0.0,"",""
"SKU-SHI-0024","2024-12-22",0,1,8,16,0.0,"N",0.0,0.0,0.0,"",""
"SKU-JAC-0025","2024-12-22",0,1,9,17,0.0,"N",0.0,0.0,0.0,"",""
"SKU-PAN-0026","2024-12-22",0,0,8,16,0.0,"N",0.0,0.0,0.0,"",""
"SKU-JAC-0027","2024-12-22",0,1,5,13,0.0,"N",0.0,0.0,0.0,"",""
"SKU-PAN-0028","2024-12-22",0,3,8,11,0.0,"N",0.0,0.0,0.0,"",""
"SKU-TSH-0029","2024-12-22",0,2,7,15,0.0,"N",0.0,0.0,0.0,"",""
"SKU-CRO-0030","2024-12-22",0,1,9,17,0.0,"N",0.0,0.0,0.0,"",""
"SKU-JAC-0031","2024-12-22",0,3,10,15,0.0,"N",0.0,0.0,0.0,"",""
"SKU-TSH-0032","2024-12-22",0,3,9,13,0.0,"N",0.0,0.0,0.0,"",""
"SKU-SHO-0033","2024-12-22",0,1,1,6,0.0,"N",0.0,0.0,0.0,"",""
"SKU-PAN-0034","2024-12-22",0,1,4,11,0.0,"N",0.0,0.0,0.0,"",""
"SKU-CRO-0035","2024-12-22",0,2,7,16,0.0,"N",0.0,0.0,0.0,"",""
"SKU-SHI-0036","2024-12-22",0,0,6,8,0.0,"N",0.0,0.0,0.0,"",""
"SKU-CRO-0037","2024-12-22",0,3,5,11,0.0,"N",44.0,657.0,31.0,"2025-01-22","2025-01-22"
"SKU-CRO-0038","2024-12-22",0,1,3,9,0.0,"N",0.0,0.0,0.0,"",""
"SKU-SHO-0039","2024-12-22",0,2,6,13,0.0,"N",0.0,0.0,0.0,"",""
"SKU-SHO-0040","2024-12-22",0,3,7,15,0.0,"N",0.0,0.0,0.0,"",""
"SKU-TSH-0041","2024-12-22",20,1,3,10,200.0,"N",0.0,0.0,0.0,"",""
"SKU-CRO-0042","2024-12-22",0,1,2,6,0.0,"N",0.0,0.0,0.0,"",""
"SKU-CRO-0043","2024-12-22",0,1,4,7,0.0,"N",40.0,677.0,41.0,"2025-01-31","2025-02-01"
"SKU-JAC-0044","2024-12-22",0,0,2,5,0.0,"N",43.0,1860.0,30.0,"2025-01-21","2025-01-21"
"SKU-SHI-0045","2024-12-22",5,2,4,8,37.5,"N",0.0,0.0,0.0,"",""
"SKU-JAC-0046","2024-12-22",8,1,3,9,80.0,"N",0.0,0.0,0.0,"",""
"SKU-PAN-0047","2024-12-22",0,1,4,5,0.0,"N",0.0,0.0,0.0,"",""
"SKU-CRO-0048","2024-12-22",0,0,4,7,0.0,"N",0.0,0.0,0.0,"",""
"SKU-TSH-0049","2024-12-22",17,0,3,5,170.0,"N",0.0,0.0,0.0,"",""
"SKU-SHO-0050","2024-12-22",24,0,0,4,999.0,"N",0.0,0.0,0.0,"",""
"SKU-SHI-0051","2024-12-22",0,0,4,7,0.0,"N",0.0,0.0,0.0,"",""
"SKU-SHI-0052","2024-12-22",0,0,4,4,0.0,"N",0.0,0.0,0.0,"",""
"SKU-JAC-0053","2024-12-22",0,0,2,3,0.0,"N",0.0,0.0,0.0,"",""
"SKU-SHI-0054","2024-12-22",0,3,5,8,0.0,"N",0.0,0.0,0.0,"",""
"SKU-JAC-0055","2024-12-22",16,2,4,8,120.0,"N",0.0,0.0,0.0,"",""
"SKU-SHI-0001","2024-12-29",0,69,272,532,0.0,"N",0.0,0.0,0.0,"",""
"SKU-PAN-0002","2024-12-29",0,31,123,216,0.0,"N",0.0,0.0,0.0,"",""
"SKU-SHI-0003","2024-12-29",0,20,86,152,0.0,"N",0.0,0.0,0.0,"",""
"SKU-TSH-0004","2024-12-29",0,15,57,99,0.0,"N",138.0,539.0,35.0,"2025-02-02","2025-02-02"
"SKU-CRO-0005","2024-12-29",0,11,43,91,0.0,"N",0.0,0.0,0.0,"",""
"SKU-SHI-0006","2024-12-29",0,10,37,65,0.0,"N",92.0,1097.0,44.0,"2025-02-08","2025-02-11"
"SKU-CRO-0007","2024-12-29",0,9,30,56,0.0,"N",0.0,0.0,0.0,"",""
"SKU-PAN-0008","2024-12-29",0,9,36,67,0.0,"N",87.0,1152.0,38.0,"2025-02-05","2025-02-05"
"SKU-PAN-0009","2024-12-29",0,6,21,47,0.0,"N",56.0,1008.0,55.0,"2025-02-20","2025-02-22"
"SKU-TSH-0010","2024-12-29",0,7,21,36,0.0,"N",76.0,782.0,34.0,"2025-01-29","2025-02-01"
"SKU-SHO-0011","2024-12-29",0,4,19,31,0.0,"N",62.0,761.0,39.0,"2025-02-04","2025-02-06"
"SKU-TSH-0012","2024-12-29",0,6,20,32,0.0,"N",0.0,0.0,0.0,"",""
"SKU-SHI-0013","2024-12-29",0,2,8,23,0.0,"N",0.0,0.0,0.0,"",""
"SKU-CRO-0014","2024-12-29",0,3,17,31,0.0,"N",0.0,0.0,0.0,"",""
"SKU-SHI-0015","2024-12-29",0,3,10,15,0.0,"N",0.0,0.0,0.0,"",""
"SKU-PAN-0016","2024-12-29",0,4,18,29,0.0,"N",65.0,970.0,45.0,"2025-02-10","2025-02-12"
"SKU-SHI-0017","2024-12-29",0,1,11,23,0.0,"N",0.0,0.0,0.0,"",""
"SKU-PAN-0018","2024-12-29",0,3,10,21,0.0,"N",55.0,1176.0,50.0,"2025-02-17","2025-02-17"
"SKU-CRO-0019","2024-12-29",0,2,11,22,0.0,"N",0.0,0.0,0.0,"",""
"SKU-PAN-0020","2024-12-29",0,3,10,13,0.0,"N",0.0,0.0,0.0,"",""
"SKU-PAN-0021","2024-12-29",0,5,12,16,0.0,"N",0.0,0.0,0.0,"",""
"SKU-PAN-0022","2024-12-29",0,2,9,13,0.0,"N",0.0,0.0,0.0,"",""
"SKU-SHO-0023","2024-12-29",0,1,6,15,0.0,"N",0.0,0.0,0.0,"",""
"SKU-SHI-0024","2024-12-29",0,1,7,14,0.0,"N",0.0,0.0,0.0,"",""
"SKU-JAC-0025","2024-12-29",0,3,9,18,0.0,"N",0.0,0.0,0.0,"",""
"SKU-PAN-0026","2024-12-29",0,0,4,13,0.0,"N",40.0,1332.0,43.0,"2025-02-05","2025-02-10"
"SKU-JAC-0027","2024-12-29",0,2,6,13,0.0,"N",0.0,0.0,0.0,"",""
"SKU-PAN-0028","2024-12-29",0,5,11,16,0.0,"N",0.0,0.0,0.0,"",""
"SKU-TSH-0029","2024-12-29",0,0,6,13,0.0,"N",0.0,0.0,0.0,"",""
"SKU-CRO-0030","2024-12-29",0,0,6,14,0.0,"N",40.0,621.0,50.0,"2025-02-17","2025-02-17"
"SKU-JAC-0031","2024-12-29",0,1,9,14,0.0,"N",0.0,0.0,0.0,"",""
"SKU-TSH-0032","2024-12-29",0,3,11,16,0.0,"N",0.0,0.0,0.0,"",""
"SKU-SHO-0033","2024-12-29",0,1,2,5,0.0,"N",0.0,0.0,0.0,"",""
"SKU-PAN-0034","2024-12-29",0,0,4,11,0.0,"N",0.0,0.0,0.0,"",""
"SKU-CRO-0035","2024-12-29",0,1,7,15,0.0,"N",0.0,0.0,0.0,"",""
"SKU-SHI-0036","2024-12-29",0,1,6,7,0.0,"N",0.0,0.0,0.0,"",""
"SKU-CRO-0037","2024-12-29",0,0,5,9,0.0,"N",0.0,0.0,0.0,"",""
"SKU-CRO-0038","2024-12-29",0,0,3,7,0.0,"N",62.0,1060.0,41.0,"2025-02-08","2025-02-08"
"SKU-SHO-0039","2024-12-29",0,4,10,15,0.0,"N",58.0,809.0,55.0,"2025-02-20","2025-02-22"
"SKU-SHO-0040","2024-12-29",0,1,7,14,0.0,"N",0.0,0.0,0.0,"",""
"SKU-TSH-0041","2024-12-29",20,0,3,9,200.0,"N",0.0,0.0,0.0,"",""
"SKU-CRO-0042","2024-12-29",0,0,2,5,0.0,"N",0.0,0.0,0.0,"",""
"SKU-CRO-0043","2024-12-29",0,0,3,7,0.0,"N",0.0,0.0,0.0,"",""
"SKU-JAC-0044","2024-12-29",0,2,2,6,0.0,"N",0.0,0.0,0.0,"",""
"SKU-SHI-0045","2024-12-29",4,1,5,7,24.0,"N",0.0,0.0,0.0,"",""
"SKU-JAC-0046","2024-12-29",6,2,5,11,36.0,"N",0.0,0.0,0.0,"",""
"SKU-PAN-0047","2024-12-29",0,3,5,8,0.0,"N",0.0,0.0,0.0,"",""
"SKU-CRO-0048","2024-12-29",0,1,2,8,0.0,"N",0.0,0.0,0.0,"",""
"SKU-TSH-0049","2024-12-29",17,0,3,5,170.0,"N",0.0,0.0,0.0,"",""
"SKU-SHO-0050","2024-12-29",24,0,0,4,999.0,"N",0.0,0.0,0.0,"",""
"SKU-SHI-0051","2024-12-29",0,0,3,6,0.0,"N",48.0,928.0,36.0,"2025-02-03","2025-02-03"
"SKU-SHI-0052","2024-12-29",0,0,2,4,0.0,"N",0.0,0.0,0.0,"",""
"SKU-JAC-0053","2024-12-29",0,0,2,2,0.0,"N",0.0,0.0,0.0,"",""
"SKU-SHI-0054","2024-12-29",0,0,3,8,0.0,"N",40.0,963.0,45.0,"2025-02-10","2025-02-12"
"SKU-JAC-0055","2024-12-29",16,0,4,6,120.0,"N",0.0,0.0,0.0,"",""
"SKU-SHI-0001","2025-01-05",0,56,271,507,0.0,"N",428.0,705.0,41.0,"2025-02-13","2025-02-15"
"SKU-PAN-0002","2025-01-05",0,32,130,217,0.0,"N",0.0,0.0,0.0,"",""
"SKU-SHI-0003","2025-01-05",0,19,87,152,0.0,"N",0.0,0.0,0.0,"",""
"SKU-TSH-0004","2025-01-05",0,13,62,97,0.0,"N",0.0,0.0,0.0,"",""
"SKU-CRO-0005","2025-01-05",0,14,49,90,0.0,"N",112.0,846.0,37.0,"2025-02-10","2025-02-11"
"SKU-SHI-0006","2025-01-05",0,5,33,58,0.0,"N",0.0,0.0,0.0,"",""
"SKU-CRO-0007","2025-01-05",0,3,26,50,0.0,"N",0.0,0.0,0.0,"",""
"SKU-PAN-0008","2025-01-05",0,4,32,62,0.0,"N",0.0,0.0,0.0,"",""
"SKU-PAN-0009","2025-01-05",0,2,17,41,0.0,"N",0.0,0.0,0.0,"",""
"SKU-TSH-0010","2025-01-05",0,2,20,33,0.0,"N",0.0,0.0,0.0,"",""
"SKU-SHO-0011","2025-01-05",0,4,15,29,0.0,"N",0.0,0.0,0.0,"",""
"SKU-TSH-0012","2025-01-05",0,8,22,36,0.0,"N",0.0,0.0,0.0,"",""
"SKU-SHI-0013","2025-01-05",0,2,9,21,0.0,"N",44.0,1227.0,52.0,"2025-02-26","2025-02-26"
"SKU-CRO-0014","2025-01-05",0,7,19,35,0.0,"N",68.0,756.0,37.0,"2025-02-08","2025-02-11"
"SKU-SHI-0015","2025-01-05",0,3,10,16,0.0,"N",74.0,940.0,33.0,"2025-02-02","2025-02-07"
"SKU-PAN-0016","2025-01-05",0,3,21,31,0.0,"N",0.0,0.0,0.0,"",""
"SKU-SHI-0017","2025-01-05",0,2,11,23,0.0,"N",0.0,0.0,0.0,"",""
"SKU-PAN-0018","2025-01-05",0,3,9,21,0.0,"N",0.0,0.0,0.0,"",""
"SKU-CRO-0019","2025-01-05",0,2,10,18,0.0,"N",45.0,726.0,57.0,"2025-02-28","2025-03-03"
"SKU-PAN-0020","2025-01-05",0,3,11,16,0.0,"N",56.0,1163.0,53.0,"2025-02-24","2025-02-27"
"SKU-PAN-0021","2025-01-05",0,0,10,14,0.0,"N",0.0,0.0,0.0,"",""
"SKU-PAN-0022","2025-01-05",0,0,5,11,0.0,"N",0.0,0.0,0.0,"",""
"SKU-SHO-0023","2025-01-05",0,3,8,16,0.0,"N",0.0,0.0,0.0,"",""
"SKU-SHI-0024","2025-01-05",0,1,8,13,0.0,"N",0.0,0.0,0.0,"",""
"SKU-JAC-0025","2025-01-05",0,0,7,16,0.0,"N",0.0,0.0,0.0,"",""
"SKU-PAN-0026","2025-01-05",0,2,3,13,0.0,"N",0.0,0.0,0.0,"",""
"SKU-JAC-0027","2025-01-05",0,1,5,9,0.0,"N",66.0,1871.0,55.0,"2025-03-01","2025-03-01"
"SKU-PAN-0028","2025-01-05",0,0,10,15,0.0,"N",70.0,1317.0,54.0,"2025-02-28","2025-02-28"
"SKU-TSH-0029","2025-01-05",0,0,5,10,0.0,"N",46.0,701.0,48.0,"2025-02-19","2025-02-22"
"SKU-CRO-0030","2025-01-05",0,0,3,14,0.0,"N",0.0,0.0,0.0,"",""
"SKU-JAC-0031","2025-01-05",0,0,5,14,0.0,"N",40.0,1800.0,36.0,"2025-02-05","2025-02-10"
"SKU-TSH-0032","2025-01-05",0,4,13,19,0.0,"N",0.0,0.0,0.0,"",""
"SKU-SHO-0033","2025-01-05",0,0,2,4,0.0,"N",47.0,758.0,49.0,"2025-02-22","2025-02-23"
"SKU-PAN-0034","2025-01-05",0,5,7,14,0.0,"N",40.0,1051.0,35.0,"2025-02-09","2025-02-09"
"SKU-CRO-0035","2025-01-05",0,2,6,12,0.0,"N",40.0,721.0,59.0,"2025-02-28","2025-03-05"
"SKU-SHI-0036","2025-01-05",0,0,5,7,0.0,"N",68.0,998.0,38.0,"2025-02-10","2025-02-12"
"SKU-CRO-0037","2025-01-05",0,0,3,8,0.0,"N",0.0,0.0,0.0,"",""
"SKU-CRO-0038","2025-01-05",0,1,3,7,0.0,"N",0.0,0.0,0.0,"",""
"SKU-SHO-0039","2025-01-05",0,1,10,14,0.0,"N",0.0,0.0,0.0,"",""
"SKU-SHO-0040","2025-01-05",0,0,4,12,0.0,"N",0.0,0.0,0.0,"",""
"SKU-TSH-0041","2025-01-05",19,1,2,10,285.0,"N",0.0,0.0,0.0,"",""
"SKU-CRO-0042","2025-01-05",0,1,3,6,0.0,"N",40.0,653.0,42.0,"2025-02-15","2025-02-16"
"SKU-CRO-0043","2025-01-05",0,2,4,9,0.0,"N",0.0,0.0,0.0,"",""
"SKU-JAC-0044","2025-01-05",0,1,3,5,0.0,"N",0.0,0.0,0.0,"",""
"SKU-SHI-0045","2025-01-05",3,1,5,8,18.0,"N",0.0,0.0,0.0,"",""
"SKU-JAC-0046","2025-01-05",3,3,7,12,12.9,"N",40.0,1896.0,38.0,"2025-02-12","2025-02-12"
"SKU-PAN-0047","2025-01-05",0,0,5,8,0.0,"N",62.0,959.0,49.0,"2025-02-22","2025-02-23"
"SKU-CRO-0048","2025-01-05",0,0,2,6,0.0,"N",0.0,0.0,0.0,"",""
"SKU-TSH-0049","2025-01-05",17,0,2,3,255.0,"N",0.0,0.0,0.0,"",""
"SKU-SHO-0050","2025-01-05",24,0,0,2,999.0,"N",0.0,0.0,0.0,"",""
"SKU-SHI-0051","2025-01-05",0,0,3,6,0.0,"N",0.0,0.0,0.0,"",""
"SKU-SHI-0052","2025-01-05",0,0,1,4,0.0,"N",40.0,1141.0,56.0,"2025-02-27","2025-03-02"
"SKU-JAC-0053","2025-01-05",0,1,2,3,0.0,"N",40.0,1660.0,50.0,"2025-02-21","2025-02-24"
"SKU-SHI-0054","2025-01-05",0,0,3,7,0.0,"N",0.0,0.0,0.0,"",""
"SKU-JAC-0055","2025-01-05",15,1,4,6,112.5,"N",0.0,0.0,0.0,"",""
"SKU-SHI-0001","2025-01-12",0,59,266,500,0.0,"N",0.0,0.0,0.0,"",""
"SKU-PAN-0002","2025-01-12",0,28,129,220,0.0,"N",240.0,982.0,28.0,"2025-02-09","2025-02-09"
"SKU-SHI-0003","2025-01-12",0,16,81,143,0.0,"N",0.0,0.0,0.0,"",""
"SKU-TSH-0004","2025-01-12",0,7,56,91,0.0,"N",0.0,0.0,0.0,"",""
"SKU-CRO-0005","2025-01-12",0,7,47,88,0.0,"N",0.0,0.0,0.0,"",""
"SKU-SHI-0006","2025-01-12",0,9,34,61,0.0,"N",0.0,0.0,0.0,"",""
"SKU-CRO-0007","2025-01-12",0,8,29,53,0.0,"N",70.0,818.0,52.0,"2025-03-03","2025-03-05"
"SKU-PAN-0008","2025-01-12",0,13,40,64,0.0,"N",0.0,0.0,0.0,"",""
"SKU-PAN-0009","2025-01-12",0,12,24,48,0.0,"N",0.0,0.0,0.0,"",""
"SKU-TSH-0010","2025-01-12",0,7,24,36,0.0,"N",0.0,0.0,0.0,"",""
"SKU-SHO-0011","2025-01-12",0,3,13,31,0.0,"N",0.0,0.0,0.0,"",""
"SKU-TSH-0012","2025-01-12",0,5,25,39,0.0,"N",58.0,715.0,37.0,"2025-02-16","2025-02-18"
"SKU-SHI-0013","2025-01-12",0,0,8,16,0.0,"N",0.0,0.0,0.0,"",""
"SKU-CRO-0014","2025-01-12",0,1,15,32,0.0,"N",0.0,0.0,0.0,"",""
"SKU-SHI-0015","2025-01-12",0,1,8,16,0.0,"N",0.0,0.0,0.0,"",""
"SKU-PAN-0016","2025-01-12",0,1,19,28,0.0,"N",0.0,0.0,0.0,"",""
"SKU-SHI-0017","2025-01-12",0,1,8,23,0.0,"N",60.0,842.0,34.0,"2025-02-14","2025-02-15"
"SKU-PAN-0018","2025-01-12",0,3,11,22,0.0,"N",0.0,0.0,0.0,"",""
"SKU-CRO-0019","2025-01-12",0,1,8,19,0.0,"N",0.0,0.0,0.0,"",""
"SKU-PAN-0020","2025-01-12",0,0,9,15,0.0,"N",0.0,0.0,0.0,"",""
"SKU-PAN-0021","2025-01-12",0,1,7,15,0.0,"N",40.0,1216.0,43.0,"2025-02-24","2025-02-24"
"SKU-PAN-0022","2025-01-12",0,1,5,11,0.0,"N",0.0,0.0,0.0,"",""
"SKU-SHO-0023","2025-01-12",0,2,8,15,0.0,"N",69.0,668.0,47.0,"2025-02-27","2025-02-28"
"SKU-SHI-0024","2025-01-12",0,2,6,12,0.0,"N",40.0,854.0,54.0,"2025-03-06","2025-03-07"
"SKU-JAC-0025","2025-01-12",0,2,6,15,0.0,"N",49.0,1639.0,51.0,"2025-03-04","2025-03-04"
"SKU-PAN-0026","2025-01-12",0,0,2,10,0.0,"N",0.0,0.0,0.0,"",""
"SKU-JAC-0027","2025-01-12",0,4,8,13,0.0,"N",0.0,0.0,0.0,"",""
"SKU-PAN-0028","2025-01-12",0,0,9,15,0.0,"N",0.0,0.0,0.0,"",""
"SKU-TSH-0029","2025-01-12",0,1,4,8,0.0,"N",0.0,0.0,0.0,"",""
"SKU-CRO-0030","2025-01-12",0,0,1,12,0.0,"N",0.0,0.0,0.0,"",""
"SKU-JAC-0031","2025-01-12",0,2,7,15,0.0,"N",0.0,0.0,0.0,"",""
"SKU-TSH-0032","2025-01-12",0,1,12,19,0.0,"N",40.0,627.0,38.0,"2025-02-19","2025-02-19"
"SKU-SHO-0033","2025-01-12",0,0,2,3,0.0,"N",0.0,0.0,0.0,"",""
"SKU-PAN-0034","2025-01-12",0,2,8,14,0.0,"N",0.0,0.0,0.0,"",""
"SKU-CRO-0035","2025-01-12",0,2,7,13,0.0,"N",0.0,0.0,0.0,"",""
"SKU-SHI-0036","2025-01-12",0,2,3,9,0.0,"N",0.0,0.0,0.0,"",""
"SKU-CRO-0037","2025-01-12",0,0,3,7,0.0,"N",0.0,0.0,0.0,"",""
"SKU-CRO-0038","2025-01-12",0,2,4,8,0.0,"N",0.0,0.0,0.0,"",""
"SKU-SHO-0039","2025-01-12",0,1,9,13,0.0,"N",0.0,0.0,0.0,"",""
"SKU-SHO-0040","2025-01-12",0,2,6,13,0.0,"N",40.0,711.0,51.0,"2025-02-27","2025-03-04"
"SKU-TSH-0041","2025-01-12",19,0,2,8,285.0,"N",0.0,0.0,0.0,"",""
"SKU-CRO-0042","2025-01-12",0,0,2,4,0.0,"N",0.0,0.0,0.0,"",""
"SKU-CRO-0043","2025-01-12",0,1,5,9,0.0,"N",0.0,0.0,0.0,"",""
"SKU-JAC-0044","2025-01-12",0,0,3,5,0.0,"N",0.0,0.0,0.0,"",""
"SKU-SHI-0045","2025-01-12",1,2,6,10,5.0,"N",59.0,896.0,31.0,"2025-02-11","2025-02-12"
"SKU-JAC-0046","2025-01-12",3,0,7,9,12.9,"N",0.0,0.0,0.0,"",""
"SKU-PAN-0047","2025-01-12",0,0,5,8,0.0,"N",0.0,0.0,0.0,"",""
"SKU-CRO-0048","2025-01-12",0,0,1,6,0.0,"N",44.0,736.0,31.0,"2025-02-09","2025-02-12"
"SKU-TSH-0049","2025-01-12",16,1,2,4,240.0,"N",0.0,0.0,0.0,"",""
"SKU-SHO-0050","2025-01-12",22,2,2,3,330.0,"N",0.0,0.0,0.0,"",""
"SKU-SHI-0051","2025-01-12",0,1,3,6,0.0,"N",0.0,0.0,0.0,"",""
"SKU-SHI-0052","2025-01-12",0,0,0,4,999.0,"N",0.0,0.0,0.0,"",""
"SKU-JAC-0053","2025-01-12",0,1,2,4,0.0,"N",0.0,0.0,0.0,"",""
"SKU-SHI-0054","2025-01-12",0,0,3,5,0.0,"N",0.0,0.0,0.0,"",""
"SKU-JAC-0055","2025-01-12",15,0,3,6,150.0,"N",0.0,0.0,0.0,"",""
"SKU-SHI-0001","2025-01-19",0,59,260,509,0.0,"N",0.0,0.0,0.0,"",""
"SKU-PAN-0002","2025-01-19",0,28,126,236,0.0,"N",0.0,0.0,0.0,"",""
"SKU-SHI-0003","2025-01-19",0,13,75,147,0.0,"N",150.0,1004.0,56.0,"2025-03-11","2025-03-16"
"SKU-TSH-0004","2025-01-19",0,8,46,95,0.0,"N",0.0,0.0,0.0,"",""
"SKU-CRO-0005","2025-01-19",0,11,48,89,0.0,"N",0.0,0.0,0.0,"",""
"SKU-SHI-0006","2025-01-19",0,9,35,67,0.0,"N",0.0,0.0,0.0,"",""
"SKU-CRO-0007","2025-01-19",0,5,27,55,0.0,"N",0.0,0.0,0.0,"",""
"SKU-PAN-0008","2025-01-19",0,7,37,67,0.0,"N",0.0,0.0,0.0,"",""
"SKU-PAN-0009","2025-01-19",0,5,27,48,0.0,"N",0.0,0.0,0.0,"",""
"SKU-TSH-0010","2025-01-19",0,6,24,41,0.0,"N",0.0,0.0,0.0,"",""
"SKU-SHO-0011","2025-01-19",0,3,14,31,0.0,"N",0.0,0.0,0.0,"",""
"SKU-TSH-0012","2025-01-19",0,3,23,40,0.0,"N",0.0,0.0,0.0,"",""
"SKU-SHI-0013","2025-01-19",0,4,10,17,0.0,"N",0.0,0.0,0.0,"",""
"SKU-CRO-0014","2025-01-19",0,7,19,36,0.0,"N",0.0,0.0,0.0,"",""
"SKU-SHI-0015","2025-01-19",0,2,9,17,0.0,"N",0.0,0.0,0.0,"",""
"SKU-PAN-0016","2025-01-19",0,6,17,31,0.0,"N",0.0,0.0,0.0,"",""
"SKU-SHI-0017","2025-01-19",0,3,8,21,0.0,"N",0.0,0.0,0.0,"",""
"SKU-PAN-0018","2025-01-19",0,2,11,21,0.0,"N",0.0,0.0,0.0,"",""
"SKU-CRO-0019","2025-01-19",0,2,9,19,0.0,"N",0.0,0.0,0.0,"",""
"SKU-PAN-0020","2025-01-19",0,3,10,16,0.0,"N",0.0,0.0,0.0,"",""
"SKU-PAN-0021","2025-01-19",0,1,8,16,0.0,"N",0.0,0.0,0.0,"",""
"SKU-PAN-0022","2025-01-19",0,4,8,15,0.0,"N",52.0,1076.0,56.0,"2025-03-13","2025-03-16"
"SKU-SHO-0023","2025-01-19",0,0,7,15,0.0,"N",0.0,0.0,0.0,"",""
"SKU-SHI-0024","2025-01-19",0,3,7,15,0.0,"N",0.0,0.0,0.0,"",""
"SKU-JAC-0025","2025-01-19",0,4,9,19,0.0,"N",0.0,0.0,0.0,"",""
"SKU-PAN-0026","2025-01-19",0,1,3,11,0.0,"N",0.0,0.0,0.0,"",""
"SKU-JAC-0027","2025-01-19",0,0,7,12,0.0,"N",0.0,0.0,0.0,"",""
"SKU-PAN-0028","2025-01-19",0,0,6,14,0.0,"N",0.0,0.0,0.0,"",""
"SKU-TSH-0029","2025-01-19",0,1,3,9,0.0,"N",0.0,0.0,0.0,"",""
"SKU-CRO-0030","2025-01-19",0,1,1,10,0.0,"N",0.0,0.0,0.0,"",""
"SKU-JAC-0031","2025-01-19",0,0,3,13,0.0,"N",0.0,0.0,0.0,"",""
"SKU-TSH-0032","2025-01-19",0,0,8,17,0.0,"N",0.0,0.0,0.0,"",""
"SKU-SHO-0033","2025-01-19",0,2,4,5,0.0,"N",0.0,0.0,0.0,"",""
"SKU-PAN-0034","2025-01-19",0,3,11,14,0.0,"N",0.0,0.0,0.0,"",""
"SKU-CRO-0035","2025-01-19",0,0,6,12,0.0,"N",0.0,0.0,0.0,"",""
"SKU-SHI-0036","2025-01-19",0,1,4,10,0.0,"N",0.0,0.0,0.0,"",""
"SKU-CRO-0037","2025-01-19",0,0,0,5,999.0,"N",0.0,0.0,0.0,"",""
"SKU-CRO-0038","2025-01-19",0,0,3,6,0.0,"N",0.0,0.0,0.0,"",""
"SKU-SHO-0039","2025-01-19",0,0,8,12,0.0,"N",0.0,0.0,0.0,"",""
"SKU-SHO-0040","2025-01-19",0,0,4,12,0.0,"N",0.0,0.0,0.0,"",""
"SKU-TSH-0041","2025-01-19",16,3,5,9,96.0,"N",0.0,0.0,0.0,"",""
"SKU-CRO-0042","2025-01-19",0,1,3,4,0.0,"N",0.0,0.0,0.0,"",""
"SKU-CRO-0043","2025-01-19",0,1,4,8,0.0,"N",44.0,677.0,53.0,"2025-03-12","2025-03-13"
"SKU-JAC-0044","2025-01-19",0,1,4,6,0.0,"N",57.0,1860.0,49.0,"2025-03-06","2025-03-09"
"SKU-SHI-0045","2025-01-19",0,2,6,10,0.0,"N",0.0,0.0,0.0,"",""
"SKU-JAC-0046","2025-01-19",3,0,6,9,15.0,"N",0.0,0.0,0.0,"",""
"SKU-PAN-0047","2025-01-19",0,1,4,8,0.0,"N",0.0,0.0,0.0,"",""
"SKU-CRO-0048","2025-01-19",0,1,2,6,0.0,"N",0.0,0.0,0.0,"",""
"SKU-TSH-0049","2025-01-19",16,0,1,4,480.0,"N",0.0,0.0,0.0,"",""
"SKU-SHO-0050","2025-01-19",21,1,3,3,210.0,"N",0.0,0.0,0.0,"",""
"SKU-SHI-0051","2025-01-19",0,3,4,9,0.0,"N",0.0,0.0,0.0,"",""
"SKU-SHI-0052","2025-01-19",0,1,1,5,0.0,"N",0.0,0.0,0.0,"",""
"SKU-JAC-0053","2025-01-19",0,3,5,7,0.0,"N",0.0,0.0,0.0,"",""
"SKU-SHI-0054","2025-01-19",0,3,4,8,0.0,"N",0.0,0.0,0.0,"",""
"SKU-JAC-0055","2025-01-19",15,0,1,5,450.0,"N",0.0,0.0,0.0,"",""
"SKU-SHI-0001","2025-01-26",0,57,253,513,0.0,"N",0.0,0.0,0.0,"",""
"SKU-PAN-0002","2025-01-26",0,32,126,247,0.0,"N",0.0,0.0,0.0,"",""
"SKU-SHI-0003","2025-01-26",0,15,68,153,0.0,"N",0.0,0.0,0.0,"",""
"SKU-TSH-0004","2025-01-26",0,13,45,99,0.0,"N",82.0,539.0,31.0,"2025-02-23","2025-02-26"
"SKU-CRO-0005","2025-01-26",0,6,44,85,0.0,"N",0.0,0.0,0.0,"",""
"SKU-SHI-0006","2025-01-26",0,8,34,69,0.0,"N",94.0,1097.0,52.0,"2025-03-19","2025-03-19"
"SKU-CRO-0007","2025-01-26",0,6,27,53,0.0,"N",0.0,0.0,0.0,"",""
"SKU-PAN-0008","2025-01-26",0,4,32,65,0.0,"N",101.0,1152.0,51.0,"2025-03-18","2025-03-18"
"SKU-PAN-0009","2025-01-26",0,4,24,45,0.0,"N",78.0,1008.0,50.0,"2025-03-15","2025-03-17"
"SKU-TSH-0010","2025-01-26",0,6,22,43,0.0,"N",69.0,782.0,41.0,"2025-03-05","2025-03-08"
"SKU-SHO-0011","2025-01-26",0,1,12,30,0.0,"N",64.0,761.0,47.0,"2025-03-12","2025-03-14"
"SKU-TSH-0012","2025-01-26",0,10,28,46,0.0,"N",0.0,0.0,0.0,"",""
"SKU-SHI-0013","2025-01-26",0,3,10,20,0.0,"N",0.0,0.0,0.0,"",""
"SKU-CRO-0014","2025-01-26",0,4,20,38,0.0,"N",0.0,0.0,0.0,"",""
"SKU-SHI-0015","2025-01-26",0,2,9,18,0.0,"N",0.0,0.0,0.0,"",""
"SKU-PAN-0016","2025-01-26",0,0,11,28,0.0,"N",40.0,970.0,56.0,"2025-03-22","2025-03-23"
"SKU-SHI-0017","2025-01-26",0,7,13,26,0.0,"N",0.0,0.0,0.0,"",""
"SKU-PAN-0018","2025-01-26",0,3,12,21,0.0,"N",52.0,1176.0,46.0,"2025-03-13","2025-03-13"
"SKU-CRO-0019","2025-01-26",0,4,9,20,0.0,"N",0.0,0.0,0.0,"",""
"SKU-PAN-0020","2025-01-26",0,4,10,20,0.0,"N",0.0,0.0,0.0,"",""
"SKU-PAN-0021","2025-01-26",0,1,6,16,0.0,"N",0.0,0.0,0.0,"",""
"SKU-PAN-0022","2025-01-26",0,2,8,16,0.0,"N",0.0,0.0,0.0,"",""
"SKU-SHO-0023","2025-01-26",0,3,9,14,0.0,"N",0.0,0.0,0.0,"",""
"SKU-SHI-0024","2025-01-26",0,0,7,14,0.0,"N",0.0,0.0,0.0,"",""
"SKU-JAC-0025","2025-01-26",0,2,9,17,0.0,"N",0.0,0.0,0.0,"",""
"SKU-PAN-0026","2025-01-26",0,2,5,9,0.0,"N",44.0,1332.0,50.0,"2025-03-17","2025-03-17"
"SKU-JAC-0027","2025-01-26",0,0,5,12,0.0,"N",0.0,0.0,0.0,"",""
"SKU-PAN-0028","2025-01-26",0,0,1,12,0.0,"N",0.0,0.0,0.0,"",""
"SKU-TSH-0029","2025-01-26",0,0,2,8,0.0,"N",0.0,0.0,0.0,"",""
"SKU-CRO-0030","2025-01-26",0,6,7,14,0.0,"N",46.0,621.0,51.0,"2025-03-18","2025-03-18"
"SKU-JAC-0031","2025-01-26",0,1,4,12,0.0,"N",0.0,0.0,0.0,"",""
"SKU-TSH-0032","2025-01-26",0,1,7,17,0.0,"N",0.0,0.0,0.0,"",""
"SKU-SHO-0033","2025-01-26",0,0,2,4,0.0,"N",0.0,0.0,0.0,"",""
"SKU-PAN-0034","2025-01-26",0,4,14,18,0.0,"N",0.0,0.0,0.0,"",""
"SKU-CRO-0035","2025-01-26",0,0,4,11,0.0,"N",0.0,0.0,0.0,"",""
"SKU-SHI-0036","2025-01-26",0,2,5,12,0.0,"N",0.0,0.0,0.0,"",""
"SKU-CRO-0037","2025-01-26",0,1,1,6,0.0,"N",48.0,657.0,38.0,"2025-03-05","2025-03-05"
"SKU-CRO-0038","2025-01-26",0,1,4,7,0.0,"N",40.0,1060.0,39.0,"2025-03-06","2025-03-06"
"SKU-SHO-0039","2025-01-26",0,1,4,13,0.0,"N",48.0,809.0,32.0,"2025-02-27","2025-02-27"
"SKU-SHO-0040","2025-01-26",0,1,3,11,0.0,"N",0.0,0.0,0.0,"",""
"SKU-TSH-0041","2025-01-26",16,0,4,7,120.0,"N",0.0,0.0,0.0,"",""
"SKU-CRO-0042","2025-01-26",0,1,3,5,0.0,"N",0.0,0.0,0.0,"",""
"SKU-CRO-0043","2025-01-26",0,3,7,10,0.0,"N",0.0,0.0,0.0,"",""
"SKU-JAC-0044","2025-01-26",0,0,2,4,0.0,"N",0.0,0.0,0.0,"",""
"SKU-SHI-0045","2025-01-26",0,4,9,14,0.0,"N",0.0,0.0,0.0,"",""
"SKU-JAC-0046","2025-01-26",3,0,3,8,30.0,"N",0.0,0.0,0.0,"",""
"SKU-PAN-0047","2025-01-26",0,0,3,7,0.0,"N",0.0,0.0,0.0,"",""
"SKU-CRO-0048","2025-01-26",0,1,2,4,0.0,"N",0.0,0.0,0.0,"",""
"SKU-TSH-0049","2025-01-26",13,3,4,7,97.5,"N",0.0,0.0,0.0,"",""
"SKU-SHO-0050","2025-01-26",20,1,4,4,150.0,"N",0.0,0.0,0.0,"",""
"SKU-SHI-0051","2025-01-26",0,0,4,7,0.0,"N",40.0,928.0,43.0,"2025-03-09","2025-03-10"
"SKU-SHI-0052","2025-01-26",0,0,1,3,0.0,"N",0.0,0.0,0.0,"",""
"SKU-JAC-0053","2025-01-26",0,0,5,7,0.0,"N",0.0,0.0,0.0,"",""
"SKU-SHI-0054","2025-01-26",0,0,3,6,0.0,"N",40.0,963.0,36.0,"2025-02-26","2025-03-03"
"SKU-JAC-0055","2025-01-26",15,0,1,5,450.0,"N",0.0,0.0,0.0,"",""
"SKU-SHI-0001","2025-02-02",0,53,252,519,0.0,"N",402.0,705.0,55.0,"2025-03-28","2025-03-29"
"SKU-PAN-0002","2025-02-02",0,27,119,249,0.0,"N",0.0,0.0,0.0,"",""
"SKU-SHI-0003","2025-02-02",0,13,64,152,0.0,"N",0.0,0.0,0.0,"",""
"SKU-TSH-0004","2025-02-02",0,10,41,101,0.0,"N",0.0,0.0,0.0,"",""
"SKU-CRO-0005","2025-02-02",0,6,35,79,0.0,"N",62.0,846.0,36.0,"2025-03-05","2025-03-10"
"SKU-SHI-0006","2025-02-02",0,6,33,67,0.0,"N",0.0,0.0,0.0,"",""
"SKU-CRO-0007","2025-02-02",0,2,22,48,0.0,"N",0.0,0.0,0.0,"",""
"SKU-PAN-0008","2025-02-02",0,2,27,59,0.0,"N",0.0,0.0,0.0,"",""
"SKU-PAN-0009","2025-02-02",0,3,25,45,0.0,"N",0.0,0.0,0.0,"",""
"SKU-TSH-0010","2025-02-02",0,3,24,42,0.0,"N",0.0,0.0,0.0,"",""
"SKU-SHO-0011","2025-02-02",0,4,13,26,0.0,"N",0.0,0.0,0.0,"",""
"SKU-TSH-0012","2025-02-02",0,2,24,45,0.0,"N",0.0,0.0,0.0,"",""
"SKU-SHI-0013","2025-02-02",0,4,12,20,0.0,"N",40.0,1227.0,32.0,"2025-03-06","2025-03-06"
"SKU-CRO-0014","2025-02-02",0,7,20,38,0.0,"N",42.0,756.0,33.0,"2025-03-07","2025-03-07"
"SKU-SHI-0015","2025-02-02",0,4,9,19,0.0,"N",72.0,940.0,49.0,"2025-03-21","2025-03-23"
"SKU-PAN-0016","2025-02-02",0,2,9,30,0.0,"N",0.0,0.0,0.0,"",""
"SKU-SHI-0017","2025-02-02",0,1,12,23,0.0,"N",0.0,0.0,0.0,"",""
"SKU-PAN-0018","2025-02-02",0,3,12,21,0.0,"N",0.0,0.0,0.0,"",""
"SKU-CRO-0019","2025-02-02",0,3,11,21,0.0,"N",50.0,726.0,35.0,"2025-03-06","2025-03-09"
"SKU-PAN-0020","2025-02-02",0,0,8,18,0.0,"N",62.0,1163.0,52.0,"2025-03-23","2025-03-26"
"SKU-PAN-0021","2025-02-02",0,3,6,17,0.0,"N",0.0,0.0,0.0,"",""
"SKU-PAN-0022","2025-02-02",0,5,12,19,0.0,"N",0.0,0.0,0.0,"",""
"SKU-SHO-0023","2025-02-02",0,0,6,13,0.0,"N",0.0,0.0,0.0,"",""
"SKU-SHI-0024","2025-02-02",0,2,8,15,0.0,"N",0.0,0.0,0.0,"",""
"SKU-JAC-0025","2025-02-02",0,1,9,16,0.0,"N",0.0,0.0,0.0,"",""
"SKU-PAN-0026","2025-02-02",0,1,4,9,0.0,"N",0.0,0.0,0.0,"",""
"SKU-JAC-0027","2025-02-02",0,1,6,11,0.0,"N",40.0,1871.0,41.0,"2025-03-13","2025-03-15"
"SKU-PAN-0028","2025-02-02",0,3,3,13,0.0,"N",40.0,1317.0,38.0,"2025-03-07","2025-03-12"
"SKU-TSH-0029","2025-02-02",0,1,3,8,0.0,"N",40.0,701.0,49.0,"2025-03-21","2025-03-23"
"SKU-CRO-0030","2025-02-02",0,1,8,12,0.0,"N",0.0,0.0,0.0,"",""
"SKU-JAC-0031","2025-02-02",0,1,4,10,0.0,"N",59.0,1800.0,44.0,"2025-03-13","2025-03-18"
"SKU-TSH-0032","2025-02-02",0,1,4,17,0.0,"N",0.0,0.0,0.0,"",""
"SKU-SHO-0033","2025-02-02",0,1,3,5,0.0,"N",44.0,758.0,34.0,"2025-03-06","2025-03-08"
"SKU-PAN-0034","2025-02-02",0,1,10,19,0.0,"N",57.0,1051.0,46.0,"2025-03-17","2025-03-20"
"SKU-CRO-0035","2025-02-02",0,0,3,9,0.0,"N",40.0,721.0,47.0,"2025-03-19","2025-03-21"
"SKU-SHI-0036","2025-02-02",0,1,6,12,0.0,"N",40.0,998.0,30.0,"2025-03-02","2025-03-04"
"SKU-CRO-0037","2025-02-02",0,0,1,5,0.0,"N",0.0,0.0,0.0,"",""
"SKU-CRO-0038","2025-02-02",0,0,3,6,0.0,"N",0.0,0.0,0.0,"",""
"SKU-SHO-0039","2025-02-02",0,1,3,13,0.0,"N",0.0,0.0,0.0,"",""
"SKU-SHO-0040","2025-02-02",0,1,4,8,0.0,"N",0.0,0.0,0.0,"",""
"SKU-TSH-0041","2025-02-02",16,0,3,6,160.0,"N",0.0,0.0,0.0,"",""
"SKU-CRO-0042","2025-02-02",0,0,2,5,0.0,"N",52.0,653.0,48.0,"2025-03-22","2025-03-22"
"SKU-CRO-0043","2025-02-02",0,1,7,10,0.0,"N",0.0,0.0,0.0,"",""
"SKU-JAC-0044","2025-02-02",0,1,3,5,0.0,"N",0.0,0.0,0.0,"",""
"SKU-SHI-0045","2025-02-02",0,1,9,14,0.0,"N",0.0,0.0,0.0,"",""
"SKU-JAC-0046","2025-02-02",3,0,2,7,45.0,"N",0.0,0.0,0.0,"",""
"SKU-PAN-0047","2025-02-02",0,0,1,6,0.0,"N",40.0,959.0,37.0,"2025-03-10","2025-03-11"
"SKU-CRO-0048","2025-02-02",0,0,2,4,0.0,"N",0.0,0.0,0.0,"",""
"SKU-TSH-0049","2025-02-02",13,0,4,6,97.5,"N",0.0,0.0,0.0,"",""
"SKU-SHO-0050","2025-02-02",18,2,6,6,90.0,"N",0.0,0.0,0.0,"",""
"SKU-SHI-0051","2025-02-02",0,2,6,9,0.0,"N",0.0,0.0,0.0,"",""
"SKU-SHI-0052","2025-02-02",0,1,2,3,0.0,"N",40.0,1141.0,49.0,"2025-03-22","2025-03-23"
"SKU-JAC-0053","2025-02-02",0,1,5,7,0.0,"N",40.0,1660.0,54.0,"2025-03-28","2025-03-28"
"SKU-SHI-0054","2025-02-02",0,1,4,7,0.0,"N",0.0,0.0,0.0,"",""
"SKU-JAC-0055","2025-02-02",15,0,0,4,999.0,"N",0.0,0.0,0.0,"",""
"SKU-SHI-0001","2025-02-09",0,38,223,490,0.0,"N",0.0,0.0,0.0,"",""
"SKU-PAN-0002","2025-02-09",0,29,122,257,0.0,"N",203.0,982.0,54.0,"2025-04-01","2025-04-04"
"SKU-SHI-0003","2025-02-09",0,13,55,143,0.0,"N",0.0,0.0,0.0,"",""
"SKU-TSH-0004","2025-02-09",0,12,46,104,0.0,"N",0.0,0.0,0.0,"",""
"SKU-CRO-0005","2025-02-09",0,10,37,86,0.0,"N",0.0,0.0,0.0,"",""
"SKU-SHI-0006","2025-02-09",0,7,31,66,0.0,"N",0.0,0.0,0.0,"",""
"SKU-CRO-0007","2025-02-09",0,8,23,50,0.0,"N",80.0,818.0,51.0,"2025-04-01","2025-04-01"
"SKU-PAN-0008","2025-02-09",0,4,20,58,0.0,"N",0.0,0.0,0.0,"",""
"SKU-PAN-0009","2025-02-09",0,4,19,40,0.0,"N",0.0,0.0,0.0,"",""
"SKU-TSH-0010","2025-02-09",0,3,20,44,0.0,"N",0.0,0.0,0.0,"",""
"SKU-SHO-0011","2025-02-09",0,1,12,23,0.0,"N",0.0,0.0,0.0,"",""
"SKU-TSH-0012","2025-02-09",0,7,25,48,0.0,"N",54.0,715.0,38.0,"2025-03-14","2025-03-19"
"SKU-SHI-0013","2025-02-09",0,2,13,21,0.0,"N",0.0,0.0,0.0,"",""
"SKU-CRO-0014","2025-02-09",0,2,20,36,0.0,"N",0.0,0.0,0.0,"",""
"SKU-SHI-0015","2025-02-09",0,1,9,17,0.0,"N",0.0,0.0,0.0,"",""
"SKU-PAN-0016","2025-02-09",0,1,9,28,0.0,"N",0.0,0.0,0.0,"",""
"SKU-SHI-0017","2025-02-09",0,2,13,22,0.0,"N",72.0,842.0,43.0,"2025-03-24","2025-03-24"
"SKU-PAN-0018","2025-02-09",0,5,13,24,0.0,"N",0.0,0.0,0.0,"",""
"SKU-CRO-0019","2025-02-09",0,1,10,21,0.0,"N",0.0,0.0,0.0,"",""
"SKU-PAN-0020","2025-02-09",0,0,7,16,0.0,"N",0.0,0.0,0.0,"",""
"SKU-PAN-0021","2025-02-09",0,0,5,14,0.0,"N",40.0,1216.0,39.0,"2025-03-18","2025-03-20"
"SKU-PAN-0022","2025-02-09",0,1,12,17,0.0,"N",0.0,0.0,0.0,"",""
"SKU-SHO-0023","2025-02-09",0,3,7,14,0.0,"N",44.0,668.0,51.0,"2025-03-27","2025-04-01"
"SKU-SHI-0024","2025-02-09",0,0,6,12,0.0,"N",45.0,854.0,58.0,"2025-04-03","2025-04-08"
"SKU-JAC-0025","2025-02-09",0,2,10,15,0.0,"N",55.0,1639.0,34.0,"2025-03-12","2025-03-15"
"SKU-PAN-0026","2025-02-09",0,0,4,6,0.0,"N",0.0,0.0,0.0,"",""
"SKU-JAC-0027","2025-02-09",0,2,4,12,0.0,"N",0.0,0.0,0.0,"",""
"SKU-PAN-0028","2025-02-09",0,2,5,15,0.0,"N",0.0,0.0,0.0,"",""
"SKU-TSH-0029","2025-02-09",0,0,3,7,0.0,"N",0.0,0.0,0.0,"",""
"SKU-CRO-0030","2025-02-09",0,1,9,10,0.0,"N",0.0,0.0,0.0,"",""
"SKU-JAC-0031","2025-02-09",0,0,3,9,0.0,"N",0.0,0.0,0.0,"",""
"SKU-TSH-0032","2025-02-09",0,1,3,15,0.0,"N",60.0,627.0,50.0,"2025-03-29","2025-03-31"
"SKU-SHO-0033","2025-02-09",0,0,3,5,0.0,"N",0.0,0.0,0.0,"",""
"SKU-PAN-0034","2025-02-09",0,2,11,19,0.0,"N",0.0,0.0,0.0,"",""
"SKU-CRO-0035","2025-02-09",0,1,2,8,0.0,"N",0.0,0.0,0.0,"",""
"SKU-SHI-0036","2025-02-09",0,1,6,8,0.0,"N",0.0,0.0,0.0,"",""
"SKU-CRO-0037","2025-02-09",0,1,2,5,0.0,"N",0.0,0.0,0.0,"",""
"SKU-CRO-0038","2025-02-09",0,2,4,7,0.0,"N",0.0,0.0,0.0,"",""
"SKU-SHO-0039","2025-02-09",0,0,2,12,0.0,"N",0.0,0.0,0.0,"",""
"SKU-SHO-0040","2025-02-09",0,1,4,9,0.0,"N",50.0,711.0,54.0,"2025-04-01","2025-04-04"
"SKU-TSH-0041","2025-02-09",16,0,3,5,160.0,"N",0.0,0.0,0.0,"",""
"SKU-CRO-0042","2025-02-09",0,2,4,6,0.0,"N",0.0,0.0,0.0,"",""
"SKU-CRO-0043","2025-02-09",0,0,6,10,0.0,"N",0.0,0.0,0.0,"",""
"SKU-JAC-0044","2025-02-09",0,2,4,7,0.0,"N",0.0,0.0,0.0,"",""
"SKU-SHI-0045","2025-02-09",0,0,7,14,0.0,"N",40.0,896.0,36.0,"2025-03-12","2025-03-17"
"SKU-JAC-0046","2025-02-09",3,0,0,7,999.0,"N",0.0,0.0,0.0,"",""
"SKU-PAN-0047","2025-02-09",0,0,1,6,0.0,"N",0.0,0.0,0.0,"",""
"SKU-CRO-0048","2025-02-09",0,0,2,3,0.0,"N",50.0,736.0,36.0,"2025-03-16","2025-03-17"
"SKU-TSH-0049","2025-02-09",12,1,4,6,90.0,"N",0.0,0.0,0.0,"",""
"SKU-SHO-0050","2025-02-09",17,1,6,7,85.0,"N",0.0,0.0,0.0,"",""
"SKU-SHI-0051","2025-02-09",0,0,6,8,0.0,"N",0.0,0.0,0.0,"",""
"SKU-SHI-0052","2025-02-09",0,1,3,4,0.0,"N",0.0,0.0,0.0,"",""
"SKU-JAC-0053","2025-02-09",0,2,7,8,0.0,"N",0.0,0.0,0.0,"",""
"SKU-SHI-0054","2025-02-09",0,0,4,7,0.0,"N",0.0,0.0,0.0,"",""
"SKU-JAC-0055","2025-02-09",15,0,0,3,999.0,"N",0.0,0.0,0.0,"",""
"SKU-SHI-0001","2025-02-16",0,52,222,472,0.0,"N",0.0,0.0,0.0,"",""
"SKU-PAN-0002","2025-02-16",0,20,121,244,0.0,"N",0.0,0.0,0.0,"",""
"SKU-SHI-0003","2025-02-16",0,13,58,138,0.0,"N",139.0,1004.0,30.0,"2025-03-18","2025-03-18"
"SKU-TSH-0004","2025-02-16",0,13,50,100,0.0,"N",0.0,0.0,0.0,"",""
"SKU-CRO-0005","2025-02-16",0,11,36,83,0.0,"N",0.0,0.0,0.0,"",""
"SKU-SHI-0006","2025-02-16",0,4,27,64,0.0,"N",0.0,0.0,0.0,"",""
"SKU-CRO-0007","2025-02-16",0,6,25,49,0.0,"N",0.0,0.0,0.0,"",""
"SKU-PAN-0008","2025-02-16",0,7,19,58,0.0,"N",0.0,0.0,0.0,"",""
"SKU-PAN-0009","2025-02-16",0,4,15,42,0.0,"N",0.0,0.0,0.0,"",""
"SKU-TSH-0010","2025-02-16",0,6,20,43,0.0,"N",0.0,0.0,0.0,"",""
"SKU-SHO-0011","2025-02-16",0,4,11,24,0.0,"N",0.0,0.0,0.0,"",""
"SKU-TSH-0012","2025-02-16",0,4,23,50,0.0,"N",0.0,0.0,0.0,"",""
"SKU-SHI-0013","2025-02-16",0,2,11,22,0.0,"N",0.0,0.0,0.0,"",""
"SKU-CRO-0014","2025-02-16",0,4,20,38,0.0,"N",0.0,0.0,0.0,"",""
"SKU-SHI-0015","2025-02-16",0,5,13,22,0.0,"N",0.0,0.0,0.0,"",""
"SKU-PAN-0016","2025-02-16",0,0,4,24,0.0,"N",0.0,0.0,0.0,"",""
"SKU-SHI-0017","2025-02-16",0,1,11,19,0.0,"N",0.0,0.0,0.0,"",""
"SKU-PAN-0018","2025-02-16",0,2,14,25,0.0,"N",0.0,0.0,0.0,"",""
"SKU-CRO-0019","2025-02-16",0,2,10,19,0.0,"N",0.0,0.0,0.0,"",""
"SKU-PAN-0020","2025-02-16",0,2,6,16,0.0,"N",0.0,0.0,0.0,"",""
"SKU-PAN-0021","2025-02-16",0,3,7,15,0.0,"N",0.0,0.0,0.0,"",""
"SKU-PAN-0022","2025-02-16",0,6,15,22,0.0,"N",48.0,1076.0,31.0,"2025-03-18","2025-03-19"
"SKU-SHO-0023","2025-02-16",0,0,6,13,0.0,"N",0.0,0.0,0.0,"",""
"SKU-SHI-0024","2025-02-16",0,2,5,12,0.0,"N",0.0,0.0,0.0,"",""
"SKU-JAC-0025","2025-02-16",0,1,8,15,0.0,"N",0.0,0.0,0.0,"",""
"SKU-PAN-0026","2025-02-16",0,0,3,6,0.0,"N",0.0,0.0,0.0,"",""
"SKU-JAC-0027","2025-02-16",0,3,6,13,0.0,"N",0.0,0.0,0.0,"",""
"SKU-PAN-0028","2025-02-16",0,0,5,12,0.0,"N",0.0,0.0,0.0,"",""
"SKU-TSH-0029","2025-02-16",0,0,1,4,0.0,"N",0.0,0.0,0.0,"",""
"SKU-CRO-0030","2025-02-16",0,1,9,11,0.0,"N",0.0,0.0,0.0,"",""
"SKU-JAC-0031","2025-02-16",0,2,4,9,0.0,"N",0.0,0.0,0.0,"",""
"SKU-TSH-0032","2025-02-16",0,2,5,15,0.0,"N",0.0,0.0,0.0,"",""
"SKU-SHO-0033","2025-02-16",0,1,2,6,0.0,"N",0.0,0.0,0.0,"",""
"SKU-PAN-0034","2025-02-16",0,0,7,18,0.0,"N",0.0,0.0,0.0,"",""
"SKU-CRO-0035","2025-02-16",0,2,3,10,0.0,"N",0.0,0.0,0.0,"",""
"SKU-SHI-0036","2025-02-16",0,1,5,9,0.0,"N",0.0,0.0,0.0,"",""
"SKU-CRO-0037","2025-02-16",0,2,4,7,0.0,"N",0.0,0.0,0.0,"",""
"SKU-CRO-0038","2025-02-16",0,2,5,8,0.0,"N",0.0,0.0,0.0,"",""
"SKU-SHO-0039","2025-02-16",0,1,3,11,0.0,"N",0.0,0.0,0.0,"",""
"SKU-SHO-0040","2025-02-16",0,0,3,9,0.0,"N",0.0,0.0,0.0,"",""
"SKU-TSH-0041","2025-02-16",16,0,1,5,480.0,"N",0.0,0.0,0.0,"",""
"SKU-CRO-0042","2025-02-16",0,2,6,8,0.0,"N",0.0,0.0,0.0,"",""
"SKU-CRO-0043","2025-02-16",0,0,4,8,0.0,"N",40.0,677.0,52.0,"2025-04-09","2025-04-09"
"SKU-JAC-0044","2025-02-16",0,1,4,8,0.0,"N",53.0,1860.0,45.0,"2025-04-01","2025-04-02"
"SKU-SHI-0045","2025-02-16",0,2,8,14,0.0,"N",0.0,0.0,0.0,"",""
"SKU-JAC-0046","2025-02-16",3,0,0,6,999.0,"N",0.0,0.0,0.0,"",""
"SKU-PAN-0047","2025-02-16",0,0,0,4,999.0,"N",0.0,0.0,0.0,"",""
"SKU-CRO-0048","2025-02-16",0,1,3,4,0.0,"N",0.0,0.0,0.0,"",""
"SKU-TSH-0049","2025-02-16",12,0,4,5,90.0,"N",0.0,0.0,0.0,"",""
"SKU-SHO-0050","2025-02-16",16,1,5,8,96.0,"N",0.0,0.0,0.0,"",""
"SKU-SHI-0051","2025-02-16",0,0,3,6,0.0,"N",0.0,0.0,0.0,"",""
"SKU-SHI-0052","2025-02-16",0,0,2,3,0.0,"N",0.0,0.0,0.0,"",""
"SKU-JAC-0053","2025-02-16",0,1,4,9,0.0,"N",0.0,0.0,0.0,"",""
"SKU-SHI-0054","2025-02-16",0,1,3,7,0.0,"N",0.0,0.0,0.0,"",""
"SKU-JAC-0055","2025-02-16",15,0,0,2,999.0,"N",0.0,0.0,0.0,"",""
"SKU-SHI-0001","2025-02-23",0,40,204,456,0.0,"N",0.0,0.0,0.0,"",""
"SKU-PAN-0002","2025-02-23",0,25,111,238,0.0,"N",0.0,0.0,0.0,"",""
"SKU-SHI-0003","2025-02-23",0,17,59,130,0.0,"N",0.0,0.0,0.0,"",""
"SKU-TSH-0004","2025-02-23",0,12,52,96,0.0,"N",97.0,539.0,53.0,"2025-04-14","2025-04-17"
"SKU-CRO-0005","2025-02-23",0,4,33,75,0.0,"N",0.0,0.0,0.0,"",""
"SKU-SHI-0006","2025-02-23",0,6,27,59,0.0,"N",64.0,1097.0,40.0,"2025-04-01","2025-04-04"
"SKU-CRO-0007","2025-02-23",0,6,23,50,0.0,"N",0.0,0.0,0.0,"",""
"SKU-PAN-0008","2025-02-23",0,3,19,51,0.0,"N",82.0,1152.0,38.0,"2025-03-31","2025-04-02"
"SKU-PAN-0009","2025-02-23",0,7,19,45,0.0,"N",68.0,1008.0,50.0,"2025-04-09","2025-04-14"
"SKU-TSH-0010","2025-02-23",0,2,14,38,0.0,"N",72.0,782.0,57.0,"2025-04-18","2025-04-21"
"SKU-SHO-0011","2025-02-23",0,3,12,27,0.0,"N",40.0,761.0,30.0,"2025-03-25","2025-03-25"
"SKU-TSH-0012","2025-02-23",0,4,19,48,0.0,"N",0.0,0.0,0.0,"",""
"SKU-SHI-0013","2025-02-23",0,5,14,23,0.0,"N",0.0,0.0,0.0,"",""
"SKU-CRO-0014","2025-02-23",0,3,17,37,0.0,"N",0.0,0.0,0.0,"",""
"SKU-SHI-0015","2025-02-23",0,3,13,23,0.0,"N",0.0,0.0,0.0,"",""
"SKU-PAN-0016","2025-02-23",0,1,4,16,0.0,"N",61.0,970.0,34.0,"2025-03-28","2025-03-29"
"SKU-SHI-0017","2025-02-23",0,1,7,18,0.0,"N",0.0,0.0,0.0,"",""
"SKU-PAN-0018","2025-02-23",0,4,14,27,0.0,"N",49.0,1176.0,48.0,"2025-04-10","2025-04-12"
"SKU-CRO-0019","2025-02-23",0,2,10,17,0.0,"N",0.0,0.0,0.0,"",""
"SKU-PAN-0020","2025-02-23",0,3,6,16,0.0,"N",0.0,0.0,0.0,"",""
"SKU-PAN-0021","2025-02-23",0,1,7,13,0.0,"N",0.0,0.0,0.0,"",""
"SKU-PAN-0022","2025-02-23",0,0,12,20,0.0,"N",0.0,0.0,0.0,"",""
"SKU-SHO-0023","2025-02-23",0,0,5,12,0.0,"N",0.0,0.0,0.0,"",""
"SKU-SHI-0024","2025-02-23",0,4,8,15,0.0,"N",0.0,0.0,0.0,"",""
"SKU-JAC-0025","2025-02-23",0,0,4,13,0.0,"N",0.0,0.0,0.0,"",""
"SKU-PAN-0026","2025-02-23",0,2,4,8,0.0,"N",40.0,1332.0,33.0,"2025-03-26","2025-03-28"
"SKU-JAC-0027","2025-02-23",0,1,7,13,0.0,"N",0.0,0.0,0.0,"",""
"SKU-PAN-0028","2025-02-23",0,1,6,8,0.0,"N",0.0,0.0,0.0,"",""
"SKU-TSH-0029","2025-02-23",0,2,3,5,0.0,"N",0.0,0.0,0.0,"",""
"SKU-CRO-0030","2025-02-23",0,0,4,10,0.0,"N",40.0,621.0,45.0,"2025-04-07","2025-04-09"
"SKU-JAC-0031","2025-02-23",0,1,5,8,0.0,"N",0.0,0.0,0.0,"",""
"SKU-TSH-0032","2025-02-23",0,2,6,14,0.0,"N",0.0,0.0,0.0,"",""
"SKU-SHO-0033","2025-02-23",0,1,3,5,0.0,"N",0.0,0.0,0.0,"",""
"SKU-PAN-0034","2025-02-23",0,2,5,19,0.0,"N",0.0,0.0,0.0,"",""
"SKU-CRO-0035","2025-02-23",0,0,3,7,0.0,"N",0.0,0.0,0.0,"",""
"SKU-SHI-0036","2025-02-23",0,1,6,10,0.0,"N",0.0,0.0,0.0,"",""
"SKU-CRO-0037","2025-02-23",0,0,4,4,0.0,"N",62.0,657.0,29.0,"2025-03-24","2025-03-24"
"SKU-CRO-0038","2025-02-23",0,1,5,9,0.0,"N",40.0,1060.0,50.0,"2025-04-13","2025-04-14"
"SKU-SHO-0039","2025-02-23",0,0,2,7,0.0,"N",40.0,809.0,39.0,"2025-04-02","2025-04-03"
"SKU-SHO-0040","2025-02-23",0,0,2,5,0.0,"N",0.0,0.0,0.0,"",""
"SKU-TSH-0041","2025-02-23",14,2,2,6,210.0,"N",0.0,0.0,0.0,"",""
"SKU-CRO-0042","2025-02-23",0,1,5,8,0.0,"N",0.0,0.0,0.0,"",""
"SKU-CRO-0043","2025-02-23",0,0,2,8,0.0,"N",0.0,0.0,0.0,"",""
"SKU-JAC-0044","2025-02-23",0,2,6,8,0.0,"N",0.0,0.0,0.0,"",""
"SKU-SHI-0045","2025-02-23",0,0,6,12,0.0,"N",0.0,0.0,0.0,"",""
"SKU-JAC-0046","2025-02-23",2,1,1,5,60.0,"N",0.0,0.0,0.0,"",""
"SKU-PAN-0047","2025-02-23",0,0,0,4,999.0,"N",0.0,0.0,0.0,"",""
"SKU-CRO-0048","2025-02-23",0,1,2,4,0.0,"N",0.0,0.0,0.0,"",""
"SKU-TSH-0049","2025-02-23",12,0,2,5,180.0,"N",0.0,0.0,0.0,"",""
"SKU-SHO-0050","2025-02-23",15,1,5,9,90.0,"N",0.0,0.0,0.0,"",""
"SKU-SHI-0051","2025-02-23",0,1,3,7,0.0,"N",50.0,928.0,56.0,"2025-04-19","2025-04-20"
"SKU-SHI-0052","2025-02-23",0,0,2,3,0.0,"N",0.0,0.0,0.0,"",""
"SKU-JAC-0053","2025-02-23",0,0,4,9,0.0,"N",0.0,0.0,0.0,"",""
"SKU-SHI-0054","2025-02-23",0,0,2,5,0.0,"N",40.0,963.0,31.0,"2025-03-24","2025-03-26"
"SKU-JAC-0055","2025-02-23",14,1,1,2,420.0,"N",0.0,0.0,0.0,"",""
"SKU-SHI-0001","2025-03-02",0,53,196,449,0.0,"N",347.0,705.0,57.0,"2025-04-23","2025-04-28"
"SKU-PAN-0002","2025-03-02",0,25,108,232,0.0,"N",0.0,0.0,0.0,"",""
"SKU-SHI-0003","2025-03-02",0,20,64,131,0.0,"N",0.0,0.0,0.0,"",""
"SKU-TSH-0004","2025-03-02",0,10,50,94,0.0,"N",0.0,0.0,0.0,"",""
"SKU-CRO-0005","2025-03-02",0,8,36,70,0.0,"N",67.0,846.0,59.0,"2025-04-27","2025-04-30"
"SKU-SHI-0006","2025-03-02",0,10,27,61,0.0,"N",0.0,0.0,0.0,"",""
"SKU-CRO-0007","2025-03-02",0,6,27,50,0.0,"N",0.0,0.0,0.0,"",""
"SKU-PAN-0008","2025-03-02",0,5,19,48,0.0,"N",0.0,0.0,0.0,"",""
"SKU-PAN-0009","2025-03-02",0,3,18,44,0.0,"N",0.0,0.0,0.0,"",""
"SKU-TSH-0010","2025-03-02",0,3,14,38,0.0,"N",0.0,0.0,0.0,"",""
"SKU-SHO-0011","2025-03-02",0,1,9,23,0.0,"N",0.0,0.0,0.0,"",""
"SKU-TSH-0012","2025-03-02",0,5,20,45,0.0,"N",0.0,0.0,0.0,"",""
"SKU-SHI-0013","2025-03-02",0,2,11,23,0.0,"N",76.0,1227.0,52.0,"2025-04-20","2025-04-23"
"SKU-CRO-0014","2025-03-02",0,1,12,31,0.0,"N",47.0,756.0,39.0,"2025-04-10","2025-04-10"
"SKU-SHI-0015","2025-03-02",0,6,17,25,0.0,"N",64.0,940.0,54.0,"2025-04-20","2025-04-25"
"SKU-PAN-0016","2025-03-02",0,3,6,16,0.0,"N",0.0,0.0,0.0,"",""
"SKU-SHI-0017","2025-03-02",0,1,5,17,0.0,"N",0.0,0.0,0.0,"",""
"SKU-PAN-0018","2025-03-02",0,4,15,27,0.0,"N",0.0,0.0,0.0,"",""
"SKU-CRO-0019","2025-03-02",0,1,6,17,0.0,"N",60.0,726.0,40.0,"2025-04-09","2025-04-11"
"SKU-PAN-0020","2025-03-02",0,2,7,15,0.0,"N",68.0,1163.0,55.0,"2025-04-21","2025-04-26"
"SKU-PAN-0021","2025-03-02",0,3,7,13,0.0,"N",0.0,0.0,0.0,"",""
"SKU-PAN-0022","2025-03-02",0,1,11,20,0.0,"N",0.0,0.0,0.0,"",""
"SKU-SHO-0023","2025-03-02",0,2,5,13,0.0,"N",0.0,0.0,0.0,"",""
"SKU-SHI-0024","2025-03-02",0,1,8,15,0.0,"N",0.0,0.0,0.0,"",""
"SKU-JAC-0025","2025-03-02",0,1,4,13,0.0,"N",0.0,0.0,0.0,"",""
"SKU-PAN-0026","2025-03-02",0,4,6,12,0.0,"N",0.0,0.0,0.0,"",""
"SKU-JAC-0027","2025-03-02",0,3,10,15,0.0,"N",61.0,1871.0,40.0,"2025-04-06","2025-04-11"
"SKU-PAN-0028","2025-03-02",0,1,4,7,0.0,"N",53.0,1317.0,43.0,"2025-04-09","2025-04-14"
"SKU-TSH-0029","2025-03-02",0,1,3,6,0.0,"N",62.0,701.0,47.0,"2025-04-16","2025-04-18"
"SKU-CRO-0030","2025-03-02",0,1,3,11,0.0,"N",0.0,0.0,0.0,"",""
"SKU-JAC-0031","2025-03-02",0,0,3,7,0.0,"N",40.0,1800.0,54.0,"2025-04-25","2025-04-25"
"SKU-TSH-0032","2025-03-02",0,0,6,10,0.0,"N",0.0,0.0,0.0,"",""
"SKU-SHO-0033","2025-03-02",0,1,3,6,0.0,"N",40.0,758.0,54.0,"2025-04-20","2025-04-25"
"SKU-PAN-0034","2025-03-02",0,1,5,17,0.0,"N",40.0,1051.0,55.0,"2025-04-26","2025-04-26"
"SKU-CRO-0035","2025-03-02",0,4,7,10,0.0,"N",40.0,721.0,49.0,"2025-04-20","2025-04-20"
"SKU-SHI-0036","2025-03-02",0,1,4,10,0.0,"N",60.0,998.0,56.0,"2025-04-27","2025-04-27"
"SKU-CRO-0037","2025-03-02",0,0,3,4,0.0,"N",0.0,0.0,0.0,"",""
"SKU-CRO-0038","2025-03-02",0,0,5,9,0.0,"N",0.0,0.0,0.0,"",""
"SKU-SHO-0039","2025-03-02",0,1,2,5,0.0,"N",0.0,0.0,0.0,"",""
"SKU-SHO-0040","2025-03-02",0,1,2,6,0.0,"N",0.0,0.0,0.0,"",""
"SKU-TSH-0041","2025-03-02",13,1,3,6,130.0,"N",0.0,0.0,0.0,"",""
"SKU-CRO-0042","2025-03-02",0,0,5,8,0.0,"N",40.0,653.0,47.0,"2025-04-18","2025-04-18"
"SKU-CRO-0043","2025-03-02",0,0,1,7,0.0,"N",0.0,0.0,0.0,"",""
"SKU-JAC-0044","2025-03-02",0,1,6,9,0.0,"N",0.0,0.0,0.0,"",""
"SKU-SHI-0045","2025-03-02",0,0,2,11,0.0,"N",0.0,0.0,0.0,"",""
"SKU-JAC-0046","2025-03-02",2,0,1,3,60.0,"N",0.0,0.0,0.0,"",""
"SKU-PAN-0047","2025-03-02",0,0,0,1,999.0,"N",0.0,0.0,0.0,"",""
"SKU-CRO-0048","2025-03-02",0,0,2,4,0.0,"N",0.0,0.0,0.0,"",""
"SKU-TSH-0049","2025-03-02",11,1,2,6,165.0,"N",0.0,0.0,0.0,"",""
"SKU-SHO-0050","2025-03-02",15,0,4,9,112.5,"N",0.0,0.0,0.0,"",""
"SKU-SHI-0051","2025-03-02",0,1,4,8,0.0,"N",0.0,0.0,0.0,"",""
"SKU-SHI-0052","2025-03-02",0,1,2,4,0.0,"N",40.0,1141.0,39.0,"2025-04-09","2025-04-10"
"SKU-JAC-0053","2025-03-02",0,4,7,12,0.0,"N",40.0,1660.0,52.0,"2025-04-21","2025-04-23"
"SKU-SHI-0054","2025-03-02",0,0,1,5,0.0,"N",0.0,0.0,0.0,"",""
"SKU-JAC-0055","2025-03-02",14,0,1,1,420.0,"N",0.0,0.0,0.0,"",""
"SKU-SHI-0001","2025-03-09",0,67,224,454,0.0,"N",0.0,0.0,0.0,"",""
"SKU-PAN-0002","2025-03-09",0,28,103,228,0.0,"N",176.0,982.0,35.0,"2025-04-08","2025-04-13"
"SKU-SHI-0003","2025-03-09",0,10,63,120,0.0,"N",0.0,0.0,0.0,"",""
"SKU-TSH-0004","2025-03-09",0,13,51,94,0.0,"N",0.0,0.0,0.0,"",""
"SKU-CRO-0005","2025-03-09",0,11,38,72,0.0,"N",0.0,0.0,0.0,"",""
"SKU-SHI-0006","2025-03-09",0,11,32,69,0.0,"N",0.0,0.0,0.0,"",""
"SKU-CRO-0007","2025-03-09",0,7,26,49,0.0,"N",52.0,818.0,33.0,"2025-04-11","2025-04-11"
"SKU-PAN-0008","2025-03-09",0,6,22,44,0.0,"N",0.0,0.0,0.0,"",""
"SKU-PAN-0009","2025-03-09",0,3,18,39,0.0,"N",0.0,0.0,0.0,"",""
"SKU-TSH-0010","2025-03-09",0,8,19,40,0.0,"N",0.0,0.0,0.0,"",""
"SKU-SHO-0011","2025-03-09",0,5,13,25,0.0,"N",0.0,0.0,0.0,"",""
"SKU-TSH-0012","2025-03-09",0,1,15,39,0.0,"N",46.0,715.0,34.0,"2025-04-12","2025-04-12"
"SKU-SHI-0013","2025-03-09",0,0,10,22,0.0,"N",0.0,0.0,0.0,"",""
"SKU-CRO-0014","2025-03-09",0,3,12,32,0.0,"N",0.0,0.0,0.0,"",""
"SKU-SHI-0015","2025-03-09",0,4,18,27,0.0,"N",0.0,0.0,0.0,"",""
"SKU-PAN-0016","2025-03-09",0,1,5,14,0.0,"N",0.0,0.0,0.0,"",""
"SKU-SHI-0017","2025-03-09",0,1,4,17,0.0,"N",40.0,842.0,47.0,"2025-04-23","2025-04-25"
"SKU-PAN-0018","2025-03-09",0,1,12,25,0.0,"N",0.0,0.0,0.0,"",""
"SKU-CRO-0019","2025-03-09",0,1,6,17,0.0,"N",0.0,0.0,0.0,"",""
"SKU-PAN-0020","2025-03-09",0,3,10,17,0.0,"N",0.0,0.0,0.0,"",""
"SKU-PAN-0021","2025-03-09",0,3,10,15,0.0,"N",71.0,1216.0,49.0,"2025-04-25","2025-04-27"
"SKU-PAN-0022","2025-03-09",0,4,11,23,0.0,"N",0.0,0.0,0.0,"",""
"SKU-SHO-0023","2025-03-09",0,2,5,11,0.0,"N",50.0,668.0,50.0,"2025-04-25","2025-04-28"
"SKU-SHI-0024","2025-03-09",0,2,9,15,0.0,"N",52.0,854.0,39.0,"2025-04-17","2025-04-17"
"SKU-JAC-0025","2025-03-09",0,2,5,14,0.0,"N",54.0,1639.0,50.0,"2025-04-28","2025-04-28"
"SKU-PAN-0026","2025-03-09",0,3,9,13,0.0,"N",0.0,0.0,0.0,"",""
"SKU-JAC-0027","2025-03-09",0,1,10,14,0.0,"N",0.0,0.0,0.0,"",""
"SKU-PAN-0028","2025-03-09",0,2,6,9,0.0,"N",0.0,0.0,0.0,"",""
"SKU-TSH-0029","2025-03-09",0,2,5,8,0.0,"N",0.0,0.0,0.0,"",""
"SKU-CRO-0030","2025-03-09",0,1,3,12,0.0,"N",0.0,0.0,0.0,"",""
"SKU-JAC-0031","2025-03-09",0,3,6,9,0.0,"N",0.0,0.0,0.0,"",""
"SKU-TSH-0032","2025-03-09",0,4,9,11,0.0,"N",46.0,627.0,38.0,"2025-04-13","2025-04-16"
"SKU-SHO-0033","2025-03-09",0,0,3,6,0.0,"N",0.0,0.0,0.0,"",""
"SKU-PAN-0034","2025-03-09",0,1,4,15,0.0,"N",0.0,0.0,0.0,"",""
"SKU-CRO-0035","2025-03-09",0,1,7,9,0.0,"N",0.0,0.0,0.0,"",""
"SKU-SHI-0036","2025-03-09",0,2,5,11,0.0,"N",0.0,0.0,0.0,"",""
"SKU-CRO-0037","2025-03-09",0,1,3,5,0.0,"N",0.0,0.0,0.0,"",""
"SKU-CRO-0038","2025-03-09",0,0,3,7,0.0,"N",0.0,0.0,0.0,"",""
"SKU-SHO-0039","2025-03-09",0,0,2,5,0.0,"N",0.0,0.0,0.0,"",""
"SKU-SHO-0040","2025-03-09",0,0,1,5,0.0,"N",40.0,711.0,53.0,"2025-05-01","2025-05-01"
"SKU-TSH-0041","2025-03-09",12,1,4,7,90.0,"N",0.0,0.0,0.0,"",""
"SKU-CRO-0042","2025-03-09",0,1,5,8,0.0,"N",0.0,0.0,0.0,"",""
"SKU-CRO-0043","2025-03-09",0,0,0,6,999.0,"N",0.0,0.0,0.0,"",""
"SKU-JAC-0044","2025-03-09",0,0,4,8,0.0,"N",0.0,0.0,0.0,"",""
"SKU-SHI-0045","2025-03-09",0,1,3,12,0.0,"N",40.0,896.0,48.0,"2025-04-26","2025-04-26"
"SKU-JAC-0046","2025-03-09",2,0,1,1,60.0,"N",0.0,0.0,0.0,"",""
"SKU-PAN-0047","2025-03-09",0,0,0,1,999.0,"N",0.0,0.0,0.0,"",""
"SKU-CRO-0048","2025-03-09",0,1,3,5,0.0,"N",40.0,736.0,42.0,"2025-04-18","2025-04-20"
"SKU-TSH-0049","2025-03-09",11,0,1,5,330.0,"N",0.0,0.0,0.0,"",""
"SKU-SHO-0050","2025-03-09",15,0,2,8,225.0,"N",0.0,0.0,0.0,"",""
"SKU-SHI-0051","2025-03-09",0,0,2,8,0.0,"N",0.0,0.0,0.0,"",""
"SKU-SHI-0052","2025-03-09",0,2,3,6,0.0,"N",0.0,0.0,0.0,"",""
"SKU-JAC-0053","2025-03-09",0,2,7,14,0.0,"N",0.0,0.0,0.0,"",""
"SKU-SHI-0054","2025-03-09",0,1,2,6,0.0,"N",0.0,0.0,0.0,"",""
"SKU-JAC-0055","2025-03-09",13,1,2,2,195.0,"N",0.0,0.0,0.0,"",""
"SKU-SHI-0001","2025-03-16",0,80,256,476,0.0,"N",0.0,0.0,0.0,"",""
"SKU-PAN-0002","2025-03-16",0,35,118,239,0.0,"N",0.0,0.0,0.0,"",""
"SKU-SHI-0003","2025-03-16",0,24,77,132,0.0,"N",144.0,1004.0,46.0,"2025-04-30","2025-05-01"
"SKU-TSH-0004","2025-03-16",0,19,59,106,0.0,"N",0.0,0.0,0.0,"",""
"SKU-CRO-0005","2025-03-16",0,13,40,74,0.0,"N",0.0,0.0,0.0,"",""
"SKU-SHI-0006","2025-03-16",0,11,38,68,0.0,"N",0.0,0.0,0.0,"",""
"SKU-CRO-0007","2025-03-16",0,10,30,55,0.0,"N",0.0,0.0,0.0,"",""
"SKU-PAN-0008","2025-03-16",0,5,21,39,0.0,"N",0.0,0.0,0.0,"",""
"SKU-PAN-0009","2025-03-16",0,4,18,35,0.0,"N",0.0,0.0,0.0,"",""
"SKU-TSH-0010","2025-03-16",0,4,19,38,0.0,"N",0.0,0.0,0.0,"",""
"SKU-SHO-0011","2025-03-16",0,5,15,26,0.0,"N",0.0,0.0,0.0,"",""
"SKU-TSH-0012","2025-03-16",0,2,13,37,0.0,"N",0.0,0.0,0.0,"",""
"SKU-SHI-0013","2025-03-16",0,4,12,24,0.0,"N",0.0,0.0,0.0,"",""
"SKU-CRO-0014","2025-03-16",0,2,10,31,0.0,"N",0.0,0.0,0.0,"",""
"SKU-SHI-0015","2025-03-16",0,5,21,31,0.0,"N",0.0,0.0,0.0,"",""
"SKU-PAN-0016","2025-03-16",0,4,9,16,0.0,"N",0.0,0.0,0.0,"",""
"SKU-SHI-0017","2025-03-16",0,2,5,16,0.0,"N",0.0,0.0,0.0,"",""
"SKU-PAN-0018","2025-03-16",0,3,12,27,0.0,"N",0.0,0.0,0.0,"",""
"SKU-CRO-0019","2025-03-16",0,2,7,17,0.0,"N",0.0,0.0,0.0,"",""
"SKU-PAN-0020","2025-03-16",0,2,10,17,0.0,"N",0.0,0.0,0.0,"",""
"SKU-PAN-0021","2025-03-16",0,3,11,17,0.0,"N",0.0,0.0,0.0,"",""
"SKU-PAN-0022","2025-03-16",0,3,10,24,0.0,"N",47.0,1076.0,41.0,"2025-04-26","2025-04-26"
"SKU-SHO-0023","2025-03-16",0,5,9,15,0.0,"N",0.0,0.0,0.0,"",""
"SKU-SHI-0024","2025-03-16",0,2,9,14,0.0,"N",0.0,0.0,0.0,"",""
"SKU-JAC-0025","2025-03-16",0,1,4,12,0.0,"N",0.0,0.0,0.0,"",""
"SKU-PAN-0026","2025-03-16",0,1,10,13,0.0,"N",0.0,0.0,0.0,"",""
"SKU-JAC-0027","2025-03-16",0,0,5,11,0.0,"N",0.0,0.0,0.0,"",""
"SKU-PAN-0028","2025-03-16",0,2,6,11,0.0,"N",0.0,0.0,0.0,"",""
"SKU-TSH-0029","2025-03-16",0,4,9,10,0.0,"N",0.0,0.0,0.0,"",""
"SKU-CRO-0030","2025-03-16",0,2,4,14,0.0,"N",0.0,0.0,0.0,"",""
"SKU-JAC-0031","2025-03-16",0,0,5,8,0.0,"N",0.0,0.0,0.0,"",""
"SKU-TSH-0032","2025-03-16",0,0,7,11,0.0,"N",0.0,0.0,0.0,"",""
"SKU-SHO-0033","2025-03-16",0,1,4,5,0.0,"N",0.0,0.0,0.0,"",""
"SKU-PAN-0034","2025-03-16",0,0,4,12,0.0,"N",0.0,0.0,0.0,"",""
"SKU-CRO-0035","2025-03-16",0,3,10,11,0.0,"N",0.0,0.0,0.0,"",""
"SKU-SHI-0036","2025-03-16",0,1,5,10,0.0,"N",0.0,0.0,0.0,"",""
"SKU-CRO-0037","2025-03-16",0,3,5,8,0.0,"N",0.0,0.0,0.0,"",""
"SKU-CRO-0038","2025-03-16",0,1,3,7,0.0,"N",0.0,0.0,0.0,"",""
"SKU-SHO-0039","2025-03-16",0,3,4,7,0.0,"N",0.0,0.0,0.0,"",""
"SKU-SHO-0040","2025-03-16",0,0,1,4,0.0,"N",0.0,0.0,0.0,"",""
"SKU-TSH-0041","2025-03-16",12,0,4,6,90.0,"N",0.0,0.0,0.0,"",""
"SKU-CRO-0042","2025-03-16",0,2,6,10,0.0,"N",0.0,0.0,0.0,"",""
"SKU-CRO-0043","2025-03-16",0,1,1,5,0.0,"N",40.0,677.0,37.0,"2025-04-22","2025-04-22"
"SKU-JAC-0044","2025-03-16",0,2,5,10,0.0,"N",50.0,1860.0,46.0,"2025-04-26","2025-05-01"
"SKU-SHI-0045","2025-03-16",0,0,3,9,0.0,"N",0.0,0.0,0.0,"",""
"SKU-JAC-0046","2025-03-16",2,0,1,1,60.0,"N",0.0,0.0,0.0,"",""
"SKU-PAN-0047","2025-03-16",0,0,0,1,999.0,"N",0.0,0.0,0.0,"",""
"SKU-CRO-0048","2025-03-16",0,1,3,6,0.0,"N",0.0,0.0,0.0,"",""
"SKU-TSH-0049","2025-03-16",10,1,2,6,150.0,"N",0.0,0.0,0.0,"",""
"SKU-SHO-0050","2025-03-16",15,0,1,7,450.0,"N",0.0,0.0,0.0,"",""
"SKU-SHI-0051","2025-03-16",0,0,2,6,0.0,"N",0.0,0.0,0.0,"",""
"SKU-SHI-0052","2025-03-16",0,1,4,6,0.0,"N",0.0,0.0,0.0,"",""
"SKU-JAC-0053","2025-03-16",0,1,7,12,0.0,"N",0.0,0.0,0.0,"",""
"SKU-SHI-0054","2025-03-16",0,1,2,6,0.0,"N",0.0,0.0,0.0,"",""
"SKU-JAC-0055","2025-03-16",12,1,3,3,120.0,"N",0.0,0.0,0.0,"",""
"SKU-SHI-0001","2025-03-23",0,60,277,476,0.0,"N",0.0,0.0,0.0,"",""
"SKU-PAN-0002","2025-03-23",0,38,134,248,0.0,"N",0.0,0.0,0.0,"",""
"SKU-SHI-0003","2025-03-23",0,31,88,148,0.0,"N",0.0,0.0,0.0,"",""
"SKU-TSH-0004","2025-03-23",0,16,65,112,0.0,"N",118.0,539.0,33.0,"2025-04-22","2025-04-25"
"SKU-CRO-0005","2025-03-23",0,11,44,76,0.0,"N",0.0,0.0,0.0,"",""
"SKU-SHI-0006","2025-03-23",0,9,43,69,0.0,"N",92.0,1097.0,48.0,"2025-05-10","2025-05-10"
"SKU-CRO-0007","2025-03-23",0,6,32,54,0.0,"N",0.0,0.0,0.0,"",""
"SKU-PAN-0008","2025-03-23",0,11,28,47,0.0,"N",88.0,1152.0,55.0,"2025-05-12","2025-05-17"
"SKU-PAN-0009","2025-03-23",0,6,19,36,0.0,"N",76.0,1008.0,55.0,"2025-05-15","2025-05-17"
"SKU-TSH-0010","2025-03-23",0,6,22,38,0.0,"N",60.0,782.0,36.0,"2025-04-28","2025-04-28"
"SKU-SHO-0011","2025-03-23",0,6,18,29,0.0,"N",40.0,761.0,49.0,"2025-05-11","2025-05-11"
"SKU-TSH-0012","2025-03-23",0,1,10,32,0.0,"N",0.0,0.0,0.0,"",""
"SKU-SHI-0013","2025-03-23",0,4,11,26,0.0,"N",0.0,0.0,0.0,"",""
"SKU-CRO-0014","2025-03-23",0,6,13,30,0.0,"N",0.0,0.0,0.0,"",""
"SKU-SHI-0015","2025-03-23",0,2,18,31,0.0,"N",0.0,0.0,0.0,"",""
"SKU-PAN-0016","2025-03-23",0,7,15,19,0.0,"N",76.0,970.0,34.0,"2025-04-26","2025-04-26"
"SKU-SHI-0017","2025-03-23",0,1,6,13,0.0,"N",0.0,0.0,0.0,"",""
"SKU-PAN-0018","2025-03-23",0,3,13,26,0.0,"N",78.0,1176.0,38.0,"2025-04-30","2025-04-30"
"SKU-CRO-0019","2025-03-23",0,2,7,17,0.0,"N",0.0,0.0,0.0,"",""
"SKU-PAN-0020","2025-03-23",0,3,13,17,0.0,"N",0.0,0.0,0.0,"",""
"SKU-PAN-0021","2025-03-23",0,1,10,17,0.0,"N",0.0,0.0,0.0,"",""
"SKU-PAN-0022","2025-03-23",0,0,8,21,0.0,"N",0.0,0.0,0.0,"",""
"SKU-SHO-0023","2025-03-23",0,1,10,15,0.0,"N",0.0,0.0,0.0,"",""
"SKU-SHI-0024","2025-03-23",0,4,12,17,0.0,"N",0.0,0.0,0.0,"",""
"SKU-JAC-0025","2025-03-23",0,4,8,13,0.0,"N",0.0,0.0,0.0,"",""
"SKU-PAN-0026","2025-03-23",0,0,8,12,0.0,"N",40.0,1332.0,33.0,"2025-04-25","2025-04-25"
"SKU-JAC-0027","2025-03-23",0,2,7,13,0.0,"N",0.0,0.0,0.0,"",""
"SKU-PAN-0028","2025-03-23",0,4,9,15,0.0,"N",0.0,0.0,0.0,"",""
"SKU-TSH-0029","2025-03-23",0,0,8,10,0.0,"N",0.0,0.0,0.0,"",""
"SKU-CRO-0030","2025-03-23",0,4,8,14,0.0,"N",52.0,621.0,30.0,"2025-04-21","2025-04-22"
"SKU-JAC-0031","2025-03-23",0,1,5,9,0.0,"N",0.0,0.0,0.0,"",""
"SKU-TSH-0032","2025-03-23",0,2,7,12,0.0,"N",0.0,0.0,0.0,"",""
"SKU-SHO-0033","2025-03-23",0,2,4,7,0.0,"N",0.0,0.0,0.0,"",""
"SKU-PAN-0034","2025-03-23",0,2,4,10,0.0,"N",0.0,0.0,0.0,"",""
"SKU-CRO-0035","2025-03-23",0,0,8,11,0.0,"N",0.0,0.0,0.0,"",""
"SKU-SHI-0036","2025-03-23",0,1,5,11,0.0,"N",0.0,0.0,0.0,"",""
"SKU-CRO-0037","2025-03-23",0,2,6,10,0.0,"N",56.0,657.0,56.0,"2025-05-16","2025-05-18"
"SKU-CRO-0038","2025-03-23",0,0,1,6,0.0,"N",40.0,1060.0,54.0,"2025-05-16","2025-05-16"
"SKU-SHO-0039","2025-03-23",0,2,6,8,0.0,"N",47.0,809.0,54.0,"2025-05-14","2025-05-16"
"SKU-SHO-0040","2025-03-23",0,2,3,5,0.0,"N",0.0,0.0,0.0,"",""
"SKU-TSH-0041","2025-03-23",12,0,2,4,180.0,"N",0.0,0.0,0.0,"",""
"SKU-CRO-0042","2025-03-23",0,0,4,9,0.0,"N",0.0,0.0,0.0,"",""
"SKU-CRO-0043","2025-03-23",0,3,4,6,0.0,"N",0.0,0.0,0.0,"",""
"SKU-JAC-0044","2025-03-23",0,0,4,9,0.0,"N",0.0,0.0,0.0,"",""
"SKU-SHI-0045","2025-03-23",0,0,1,7,0.0,"N",0.0,0.0,0.0,"",""
"SKU-JAC-0046","2025-03-23",2,0,1,1,60.0,"N",0.0,0.0,0.0,"",""
"SKU-PAN-0047","2025-03-23",0,2,2,2,0.0,"N",53.0,959.0,45.0,"2025-05-04","2025-05-07"
"SKU-CRO-0048","2025-03-23",0,0,2,4,0.0,"N",0.0,0.0,0.0,"",""
"SKU-TSH-0049","2025-03-23",10,0,2,4,150.0,"N",0.0,0.0,0.0,"",""
"SKU-SHO-0050","2025-03-23",14,1,2,7,210.0,"N",0.0,0.0,0.0,"",""
"SKU-SHI-0051","2025-03-23",0,3,4,7,0.0,"N",48.0,928.0,35.0,"2025-04-27","2025-04-27"
"SKU-SHI-0052","2025-03-23",0,0,4,6,0.0,"N",0.0,0.0,0.0,"",""
"SKU-JAC-0053","2025-03-23",0,1,8,12,0.0,"N",0.0,0.0,0.0,"",""
"SKU-SHI-0054","2025-03-23",0,1,3,5,0.0,"N",52.0,963.0,43.0,"2025-05-04","2025-05-05"
"SKU-JAC-0055","2025-03-23",11,1,4,4,82.5,"N",0.0,0.0,0.0,"",""
"SKU-SHI-0001","2025-03-30",0,58,288,483,0.0,"N",447.0,705.0,55.0,"2025-05-19","2025-05-24"
"SKU-PAN-0002","2025-03-30",0,32,141,249,0.0,"N",0.0,0.0,0.0,"",""
"SKU-SHI-0003","2025-03-30",0,24,97,161,0.0,"N",0.0,0.0,0.0,"",""
"SKU-TSH-0004","2025-03-30",0,13,64,115,0.0,"N",0.0,0.0,0.0,"",""
"SKU-CRO-0005","2025-03-30",0,11,47,84,0.0,"N",100.0,846.0,57.0,"2025-05-23","2025-05-26"
"SKU-SHI-0006","2025-03-30",0,10,47,72,0.0,"N",0.0,0.0,0.0,"",""
"SKU-CRO-0007","2025-03-30",0,10,34,61,0.0,"N",0.0,0.0,0.0,"",""
"SKU-PAN-0008","2025-03-30",0,7,30,50,0.0,"N",0.0,0.0,0.0,"",""
"SKU-PAN-0009","2025-03-30",0,5,19,38,0.0,"N",0.0,0.0,0.0,"",""
"SKU-TSH-0010","2025-03-30",0,3,22,37,0.0,"N",0.0,0.0,0.0,"",""
"SKU-SHO-0011","2025-03-30",0,4,20,32,0.0,"N",0.0,0.0,0.0,"",""
"SKU-TSH-0012","2025-03-30",0,3,7,29,0.0,"N",0.0,0.0,0.0,"",""
"SKU-SHI-0013","2025-03-30",0,2,10,24,0.0,"N",40.0,1227.0,36.0,"2025-05-02","2025-05-05"
"SKU-CRO-0014","2025-03-30",0,3,14,30,0.0,"N",74.0,756.0,52.0,"2025-05-21","2025-05-21"
"SKU-SHI-0015","2025-03-30",0,2,17,31,0.0,"N",44.0,940.0,39.0,"2025-05-05","2025-05-08"
"SKU-PAN-0016","2025-03-30",0,1,13,19,0.0,"N",0.0,0.0,0.0,"",""
"SKU-SHI-0017","2025-03-30",0,3,7,12,0.0,"N",0.0,0.0,0.0,"",""
"SKU-PAN-0018","2025-03-30",0,4,14,27,0.0,"N",0.0,0.0,0.0,"",""
"SKU-CRO-0019","2025-03-30",0,2,7,14,0.0,"N",70.0,726.0,44.0,"2025-05-10","2025-05-13"
"SKU-PAN-0020","2025-03-30",0,5,14,20,0.0,"N",45.0,1163.0,43.0,"2025-05-09","2025-05-12"
"SKU-PAN-0021","2025-03-30",0,4,12,20,0.0,"N",0.0,0.0,0.0,"",""
"SKU-PAN-0022","2025-03-30",0,0,7,18,0.0,"N",0.0,0.0,0.0,"",""
"SKU-SHO-0023","2025-03-30",0,5,14,18,0.0,"N",0.0,0.0,0.0,"",""
"SKU-SHI-0024","2025-03-30",0,2,10,19,0.0,"N",0.0,0.0,0.0,"",""
"SKU-JAC-0025","2025-03-30",0,2,9,14,0.0,"N",0.0,0.0,0.0,"",""
"SKU-PAN-0026","2025-03-30",0,2,8,13,0.0,"N",0.0,0.0,0.0,"",""
"SKU-JAC-0027","2025-03-30",0,0,4,13,0.0,"N",65.0,1871.0,47.0,"2025-05-14","2025-05-16"
"SKU-PAN-0028","2025-03-30",0,0,8,13,0.0,"N",50.0,1317.0,51.0,"2025-05-18","2025-05-20"
"SKU-TSH-0029","2025-03-30",0,1,7,11,0.0,"N",42.0,701.0,37.0,"2025-05-06","2025-05-06"
"SKU-CRO-0030","2025-03-30",0,1,8,11,0.0,"N",0.0,0.0,0.0,"",""
"SKU-JAC-0031","2025-03-30",0,1,5,9,0.0,"N",58.0,1800.0,57.0,"2025-05-23","2025-05-26"
"SKU-TSH-0032","2025-03-30",0,4,10,16,0.0,"N",0.0,0.0,0.0,"",""
"SKU-SHO-0033","2025-03-30",0,2,6,9,0.0,"N",40.0,758.0,46.0,"2025-05-15","2025-05-15"
"SKU-PAN-0034","2025-03-30",0,0,3,9,0.0,"N",64.0,1051.0,36.0,"2025-05-04","2025-05-05"
"SKU-CRO-0035","2025-03-30",0,3,7,14,0.0,"N",44.0,721.0,49.0,"2025-05-15","2025-05-18"
"SKU-SHI-0036","2025-03-30",0,1,5,10,0.0,"N",40.0,998.0,43.0,"2025-05-12","2025-05-12"
"SKU-CRO-0037","2025-03-30",0,0,6,9,0.0,"N",0.0,0.0,0.0,"",""
"SKU-CRO-0038","2025-03-30",0,3,4,9,0.0,"N",0.0,0.0,0.0,"",""
"SKU-SHO-0039","2025-03-30",0,0,5,7,0.0,"N",0.0,0.0,0.0,"",""
"SKU-SHO-0040","2025-03-30",0,0,2,4,0.0,"N",0.0,0.0,0.0,"",""
"SKU-TSH-0041","2025-03-30",12,0,2,4,180.0,"N",0.0,0.0,0.0,"",""
"SKU-CRO-0042","2025-03-30",0,0,3,8,0.0,"N",42.0,653.0,48.0,"2025-05-15","2025-05-17"
"SKU-CRO-0043","2025-03-30",0,0,4,5,0.0,"N",0.0,0.0,0.0,"",""
"SKU-JAC-0044","2025-03-30",0,0,3,9,0.0,"N",0.0,0.0,0.0,"",""
"SKU-SHI-0045","2025-03-30",0,0,1,3,0.0,"N",0.0,0.0,0.0,"",""
"SKU-JAC-0046","2025-03-30",2,0,0,1,999.0,"N",0.0,0.0,0.0,"",""
"SKU-PAN-0047","2025-03-30",0,0,2,2,0.0,"N",0.0,0.0,0.0,"",""
"SKU-CRO-0048","2025-03-30",0,3,5,7,0.0,"N",0.0,0.0,0.0,"",""
"SKU-TSH-0049","2025-03-30",9,1,2,4,135.0,"N",0.0,0.0,0.0,"",""
"SKU-SHO-0050","2025-03-30",13,1,2,7,195.0,"N",0.0,0.0,0.0,"",""
"SKU-SHI-0051","2025-03-30",0,0,3,7,0.0,"N",0.0,0.0,0.0,"",""
"SKU-SHI-0052","2025-03-30",0,0,3,5,0.0,"N",40.0,1141.0,47.0,"2025-05-13","2025-05-16"
"SKU-JAC-0053","2025-03-30",0,1,5,13,0.0,"N",60.0,1660.0,41.0,"2025-05-10","2025-05-10"
"SKU-SHI-0054","2025-03-30",0,1,4,6,0.0,"N",0.0,0.0,0.0,"",""
"SKU-JAC-0055","2025-03-30",11,0,3,4,110.0,"N",0.0,0.0,0.0,"",""
"SKU-SHI-0001","2025-04-06",0,52,270,482,0.0,"N",0.0,0.0,0.0,"",""
"SKU-PAN-0002","2025-04-06",0,25,138,239,0.0,"N",253.0,982.0,29.0,"2025-05-04","2025-05-05"
"SKU-SHI-0003","2025-04-06",0,16,98,161,0.0,"N",0.0,0.0,0.0,"",""
"SKU-TSH-0004","2025-04-06",0,10,65,114,0.0,"N",0.0,0.0,0.0,"",""
"SKU-CRO-0005","2025-04-06",0,11,50,86,0.0,"N",0.0,0.0,0.0,"",""
"SKU-SHI-0006","2025-04-06",0,9,41,74,0.0,"N",0.0,0.0,0.0,"",""
"SKU-CRO-0007","2025-04-06",0,10,40,64,0.0,"N",107.0,818.0,46.0,"2025-05-21","2025-05-22"
"SKU-PAN-0008","2025-04-06",0,5,31,52,0.0,"N",0.0,0.0,0.0,"",""
"SKU-PAN-0009","2025-04-06",0,3,18,38,0.0,"N",0.0,0.0,0.0,"",""
"SKU-TSH-0010","2025-04-06",0,4,18,37,0.0,"N",0.0,0.0,0.0,"",""
"SKU-SHO-0011","2025-04-06",0,3,20,31,0.0,"N",0.0,0.0,0.0,"",""
"SKU-TSH-0012","2025-04-06",0,3,9,27,0.0,"N",40.0,715.0,31.0,"2025-05-07","2025-05-07"
"SKU-SHI-0013","2025-04-06",0,2,12,23,0.0,"N",0.0,0.0,0.0,"",""
"SKU-CRO-0014","2025-04-06",0,3,16,27,0.0,"N",0.0,0.0,0.0,"",""
"SKU-SHI-0015","2025-04-06",0,1,12,29,0.0,"N",0.0,0.0,0.0,"",""
"SKU-PAN-0016","2025-04-06",0,2,14,19,0.0,"N",0.0,0.0,0.0,"",""
"SKU-SHI-0017","2025-04-06",0,6,12,17,0.0,"N",51.0,842.0,52.0,"2025-05-26","2025-05-28"
"SKU-PAN-0018","2025-04-06",0,1,12,27,0.0,"N",0.0,0.0,0.0,"",""
"SKU-CRO-0019","2025-04-06",0,2,8,15,0.0,"N",0.0,0.0,0.0,"",""
"SKU-PAN-0020","2025-04-06",0,2,15,22,0.0,"N",0.0,0.0,0.0,"",""
"SKU-PAN-0021","2025-04-06",0,2,12,20,0.0,"N",46.0,1216.0,51.0,"2025-05-25","2025-05-27"
"SKU-PAN-0022","2025-04-06",0,1,5,16,0.0,"N",0.0,0.0,0.0,"",""
"SKU-SHO-0023","2025-04-06",0,4,16,20,0.0,"N",58.0,668.0,40.0,"2025-05-16","2025-05-16"
"SKU-SHI-0024","2025-04-06",0,3,11,20,0.0,"N",56.0,854.0,35.0,"2025-05-10","2025-05-11"
"SKU-JAC-0025","2025-04-06",0,2,9,15,0.0,"N",40.0,1639.0,38.0,"2025-05-12","2025-05-14"
"SKU-PAN-0026","2025-04-06",0,1,5,13,0.0,"N",0.0,0.0,0.0,"",""
"SKU-JAC-0027","2025-04-06",0,0,2,12,0.0,"N",0.0,0.0,0.0,"",""
"SKU-PAN-0028","2025-04-06",0,0,7,12,0.0,"N",0.0,0.0,0.0,"",""
"SKU-TSH-0029","2025-04-06",0,0,5,10,0.0,"N",0.0,0.0,0.0,"",""
"SKU-CRO-0030","2025-04-06",0,1,9,11,0.0,"N",0.0,0.0,0.0,"",""
"SKU-JAC-0031","2025-04-06",0,0,4,8,0.0,"N",0.0,0.0,0.0,"",""
"SKU-TSH-0032","2025-04-06",0,2,8,17,0.0,"N",72.0,627.0,29.0,"2025-05-05","2025-05-05"
"SKU-SHO-0033","2025-04-06",0,1,6,9,0.0,"N",0.0,0.0,0.0,"",""
"SKU-PAN-0034","2025-04-06",0,1,4,7,0.0,"N",0.0,0.0,0.0,"",""
"SKU-CRO-0035","2025-04-06",0,1,8,14,0.0,"N",0.0,0.0,0.0,"",""
"SKU-SHI-0036","2025-04-06",0,2,6,10,0.0,"N",0.0,0.0,0.0,"",""
"SKU-CRO-0037","2025-04-06",0,1,7,10,0.0,"N",0.0,0.0,0.0,"",""
"SKU-CRO-0038","2025-04-06",0,3,7,10,0.0,"N",0.0,0.0,0.0,"",""
"SKU-SHO-0039","2025-04-06",0,0,5,7,0.0,"N",0.0,0.0,0.0,"",""
"SKU-SHO-0040","2025-04-06",0,0,2,3,0.0,"N",40.0,711.0,31.0,"2025-05-07","2025-05-07"
"SKU-TSH-0041","2025-04-06",10,2,3,6,100.0,"N",0.0,0.0,0.0,"",""
"SKU-CRO-0042","2025-04-06",0,0,3,8,0.0,"N",0.0,0.0,0.0,"",""
"SKU-CRO-0043","2025-04-06",0,1,5,5,0.0,"N",0.0,0.0,0.0,"",""
"SKU-JAC-0044","2025-04-06",0,1,3,8,0.0,"N",0.0,0.0,0.0,"",""
"SKU-SHI-0045","2025-04-06",0,1,2,4,0.0,"N",50.0,896.0,52.0,"2025-05-26","2025-05-28"
"SKU-JAC-0046","2025-04-06",2,0,0,1,999.0,"N",0.0,0.0,0.0,"",""
"SKU-PAN-0047","2025-04-06",0,2,4,4,0.0,"N",0.0,0.0,0.0,"",""
"SKU-CRO-0048","2025-04-06",0,1,5,8,0.0,"N",60.0,736.0,59.0,"2025-06-01","2025-06-04"
"SKU-TSH-0049","2025-04-06",8,1,3,4,80.0,"N",0.0,0.0,0.0,"",""
"SKU-SHO-0050","2025-04-06",11,2,4,6,82.5,"N",0.0,0.0,0.0,"",""
"SKU-SHI-0051","2025-04-06",0,2,5,7,0.0,"N",0.0,0.0,0.0,"",""
"SKU-SHI-0052","2025-04-06",0,1,3,6,0.0,"N",0.0,0.0,0.0,"",""
"SKU-JAC-0053","2025-04-06",0,0,4,12,0.0,"N",0.0,0.0,0.0,"",""
"SKU-SHI-0054","2025-04-06",0,1,4,6,0.0,"N",0.0,0.0,0.0,"",""
"SKU-JAC-0055","2025-04-06",10,1,4,5,75.0,"N",0.0,0.0,0.0,"",""
"SKU-SHI-0001","2025-04-13",0,65,268,506,0.0,"N",0.0,0.0,0.0,"",""
"SKU-PAN-0002","2025-04-13",0,28,132,249,0.0,"N",0.0,0.0,0.0,"",""
"SKU-SHI-0003","2025-04-13",0,28,104,181,0.0,"N",189.0,1004.0,61.0,"2025-06-08","2025-06-13"
"SKU-TSH-0004","2025-04-13",0,10,55,110,0.0,"N",0.0,0.0,0.0,"",""
"SKU-CRO-0005","2025-04-13",0,17,57,92,0.0,"N",0.0,0.0,0.0,"",""
"SKU-SHI-0006","2025-04-13",0,9,39,77,0.0,"N",0.0,0.0,0.0,"",""
"SKU-CRO-0007","2025-04-13",0,11,41,70,0.0,"N",0.0,0.0,0.0,"",""
"SKU-PAN-0008","2025-04-13",0,5,29,52,0.0,"N",0.0,0.0,0.0,"",""
"SKU-PAN-0009","2025-04-13",0,3,17,36,0.0,"N",0.0,0.0,0.0,"",""
"SKU-TSH-0010","2025-04-13",0,10,23,44,0.0,"N",0.0,0.0,0.0,"",""
"SKU-SHO-0011","2025-04-13",0,4,18,33,0.0,"N",0.0,0.0,0.0,"",""
"SKU-TSH-0012","2025-04-13",0,5,12,26,0.0,"N",0.0,0.0,0.0,"",""
"SKU-SHI-0013","2025-04-13",0,3,11,23,0.0,"N",0.0,0.0,0.0,"",""
"SKU-CRO-0014","2025-04-13",0,1,14,24,0.0,"N",0.0,0.0,0.0,"",""
"SKU-SHI-0015","2025-04-13",0,1,8,28,0.0,"N",0.0,0.0,0.0,"",""
"SKU-PAN-0016","2025-04-13",0,2,13,21,0.0,"N",0.0,0.0,0.0,"",""
"SKU-SHI-0017","2025-04-13",0,3,15,19,0.0,"N",0.0,0.0,0.0,"",""
"SKU-PAN-0018","2025-04-13",0,2,10,24,0.0,"N",0.0,0.0,0.0,"",""
"SKU-CRO-0019","2025-04-13",0,2,8,16,0.0,"N",0.0,0.0,0.0,"",""
"SKU-PAN-0020","2025-04-13",0,2,12,23,0.0,"N",0.0,0.0,0.0,"",""
"SKU-PAN-0021","2025-04-13",0,2,11,20,0.0,"N",0.0,0.0,0.0,"",""
"SKU-PAN-0022","2025-04-13",0,0,2,13,0.0,"N",40.0,1076.0,37.0,"2025-05-19","2025-05-20"
"SKU-SHO-0023","2025-04-13",0,2,12,21,0.0,"N",0.0,0.0,0.0,"",""
"SKU-SHI-0024","2025-04-13",0,4,13,23,0.0,"N",0.0,0.0,0.0,"",""
"SKU-JAC-0025","2025-04-13",0,4,12,16,0.0,"N",0.0,0.0,0.0,"",""
"SKU-PAN-0026","2025-04-13",0,2,5,15,0.0,"N",0.0,0.0,0.0,"",""
"SKU-JAC-0027","2025-04-13",0,1,3,9,0.0,"N",0.0,0.0,0.0,"",""
"SKU-PAN-0028","2025-04-13",0,0,4,10,0.0,"N",0.0,0.0,0.0,"",""
"SKU-TSH-0029","2025-04-13",0,1,2,11,0.0,"N",0.0,0.0,0.0,"",""
"SKU-CRO-0030","2025-04-13",0,3,9,13,0.0,"N",0.0,0.0,0.0,"",""
"SKU-JAC-0031","2025-04-13",0,2,4,10,0.0,"N",0.0,0.0,0.0,"",""
"SKU-TSH-0032","2025-04-13",0,1,9,17,0.0,"N",0.0,0.0,0.0,"",""
"SKU-SHO-0033","2025-04-13",0,2,7,11,0.0,"N",0.0,0.0,0.0,"",""
"SKU-PAN-0034","2025-04-13",0,1,4,8,0.0,"N",0.0,0.0,0.0,"",""
"SKU-CRO-0035","2025-04-13",0,0,6,14,0.0,"N",0.0,0.0,0.0,"",""
"SKU-SHI-0036","2025-04-13",0,1,5,10,0.0,"N",0.0,0.0,0.0,"",""
"SKU-CRO-0037","2025-04-13",0,4,7,12,0.0,"N",0.0,0.0,0.0,"",""
"SKU-CRO-0038","2025-04-13",0,1,8,10,0.0,"N",0.0,0.0,0.0,"",""
"SKU-SHO-0039","2025-04-13",0,3,5,9,0.0,"N",0.0,0.0,0.0,"",""
"SKU-SHO-0040","2025-04-13",0,0,2,3,0.0,"N",0.0,0.0,0.0,"",""
"SKU-TSH-0041","2025-04-13",10,0,2,6,150.0,"N",0.0,0.0,0.0,"",""
"SKU-CRO-0042","2025-04-13",0,3,3,9,0.0,"N",0.0,0.0,0.0,"",""
"SKU-CRO-0043","2025-04-13",0,0,4,5,0.0,"N",49.0,677.0,30.0,"2025-05-13","2025-05-13"
"SKU-JAC-0044","2025-04-13",0,1,3,8,0.0,"N",40.0,1860.0,29.0,"2025-05-11","2025-05-12"
"SKU-SHI-0045","2025-04-13",0,0,1,4,0.0,"N",0.0,0.0,0.0,"",""
"SKU-JAC-0046","2025-04-13",1,1,1,2,30.0,"N",0.0,0.0,0.0,"",""
"SKU-PAN-0047","2025-04-13",0,0,4,4,0.0,"N",0.0,0.0,0.0,"",""
"SKU-CRO-0048","2025-04-13",0,1,6,8,0.0,"N",0.0,0.0,0.0,"",""
"SKU-TSH-0049","2025-04-13",8,0,2,4,120.0,"N",0.0,0.0,0.0,"",""
"SKU-SHO-0050","2025-04-13",9,2,6,7,45.0,"N",0.0,0.0,0.0,"",""
"SKU-SHI-0051","2025-04-13",0,0,5,7,0.0,"N",0.0,0.0,0.0,"",""
"SKU-SHI-0052","2025-04-13",0,1,2,6,0.0,"N",0.0,0.0,0.0,"",""
"SKU-JAC-0053","2025-04-13",0,1,4,11,0.0,"N",0.0,0.0,0.0,"",""
"SKU-SHI-0054","2025-04-13",0,0,3,5,0.0,"N",0.0,0.0,0.0,"",""
"SKU-JAC-0055","2025-04-13",10,0,2,5,150.0,"N",0.0,0.0,0.0,"",""
"SKU-SHI-0001","2025-04-20",0,56,246,520,0.0,"N",0.0,0.0,0.0,"",""
"SKU-PAN-0002","2025-04-20",0,29,127,257,0.0,"N",0.0,0.0,0.0,"",""
"SKU-SHI-0003","2025-04-20",0,15,94,176,0.0,"N",0.0,0.0,0.0,"",""
"SKU-TSH-0004","2025-04-20",0,14,55,112,0.0,"N",122.0,539.0,48.0,"2025-06-04","2025-06-07"
"SKU-CRO-0005","2025-04-20",0,11,56,94,0.0,"N",0.0,0.0,0.0,"",""
"SKU-SHI-0006","2025-04-20",0,12,43,84,0.0,"N",116.0,1097.0,42.0,"2025-06-01","2025-06-01"
"SKU-CRO-0007","2025-04-20",0,13,46,78,0.0,"N",0.0,0.0,0.0,"",""
"SKU-PAN-0008","2025-04-20",0,6,26,51,0.0,"N",59.0,1152.0,53.0,"2025-06-11","2025-06-12"
"SKU-PAN-0009","2025-04-20",0,6,18,37,0.0,"N",48.0,1008.0,31.0,"2025-05-19","2025-05-21"
"SKU-TSH-0010","2025-04-20",0,8,27,48,0.0,"N",58.0,782.0,38.0,"2025-05-27","2025-05-28"
"SKU-SHO-0011","2025-04-20",0,5,16,35,0.0,"N",42.0,761.0,34.0,"2025-05-21","2025-05-24"
"SKU-TSH-0012","2025-04-20",0,2,14,24,0.0,"N",0.0,0.0,0.0,"",""
"SKU-SHI-0013","2025-04-20",0,0,7,21,0.0,"N",0.0,0.0,0.0,"",""
"SKU-CRO-0014","2025-04-20",0,6,14,28,0.0,"N",0.0,0.0,0.0,"",""
"SKU-SHI-0015","2025-04-20",0,1,5,24,0.0,"N",0.0,0.0,0.0,"",""
"SKU-PAN-0016","2025-04-20",0,1,9,21,0.0,"N",40.0,970.0,42.0,"2025-06-01","2025-06-01"
"SKU-SHI-0017","2025-04-20",0,3,16,21,0.0,"N",0.0,0.0,0.0,"",""
"SKU-PAN-0018","2025-04-20",0,4,12,24,0.0,"N",60.0,1176.0,49.0,"2025-06-03","2025-06-08"
"SKU-CRO-0019","2025-04-20",0,2,9,15,0.0,"N",0.0,0.0,0.0,"",""
"SKU-PAN-0020","2025-04-20",0,5,14,27,0.0,"N",0.0,0.0,0.0,"",""
"SKU-PAN-0021","2025-04-20",0,2,10,20,0.0,"N",0.0,0.0,0.0,"",""
"SKU-PAN-0022","2025-04-20",0,0,1,9,0.0,"N",0.0,0.0,0.0,"",""
"SKU-SHO-0023","2025-04-20",0,4,15,25,0.0,"N",0.0,0.0,0.0,"",""
"SKU-SHI-0024","2025-04-20",0,1,11,23,0.0,"N",0.0,0.0,0.0,"",""
"SKU-JAC-0025","2025-04-20",0,2,12,18,0.0,"N",0.0,0.0,0.0,"",""
"SKU-PAN-0026","2025-04-20",0,4,9,19,0.0,"N",70.0,1332.0,39.0,"2025-05-27","2025-05-29"
"SKU-JAC-0027","2025-04-20",0,3,4,11,0.0,"N",0.0,0.0,0.0,"",""
"SKU-PAN-0028","2025-04-20",0,2,3,12,0.0,"N",0.0,0.0,0.0,"",""
"SKU-TSH-0029","2025-04-20",0,1,3,11,0.0,"N",0.0,0.0,0.0,"",""
"SKU-CRO-0030","2025-04-20",0,3,9,16,0.0,"N",40.0,621.0,45.0,"2025-06-02","2025-06-04"
"SKU-JAC-0031","2025-04-20",0,0,3,8,0.0,"N",0.0,0.0,0.0,"",""
"SKU-TSH-0032","2025-04-20",0,1,8,15,0.0,"N",0.0,0.0,0.0,"",""
"SKU-SHO-0033","2025-04-20",0,0,6,10,0.0,"N",0.0,0.0,0.0,"",""
"SKU-PAN-0034","2025-04-20",0,2,4,8,0.0,"N",0.0,0.0,0.0,"",""
"SKU-CRO-0035","2025-04-20",0,1,5,13,0.0,"N",0.0,0.0,0.0,"",""
"SKU-SHI-0036","2025-04-20",0,1,5,10,0.0,"N",0.0,0.0,0.0,"",""
"SKU-CRO-0037","2025-04-20",0,1,7,12,0.0,"N",40.0,657.0,28.0,"2025-05-18","2025-05-18"
"SKU-CRO-0038","2025-04-20",0,2,9,10,0.0,"N",48.0,1060.0,45.0,"2025-06-03","2025-06-04"
"SKU-SHO-0039","2025-04-20",0,1,4,10,0.0,"N",42.0,809.0,45.0,"2025-06-01","2025-06-04"
"SKU-SHO-0040","2025-04-20",0,0,2,3,0.0,"N",0.0,0.0,0.0,"",""
"SKU-TSH-0041","2025-04-20",10,0,2,4,150.0,"N",0.0,0.0,0.0,"",""
"SKU-CRO-0042","2025-04-20",0,0,3,7,0.0,"N",0.0,0.0,0.0,"",""
"SKU-CRO-0043","2025-04-20",0,0,1,5,0.0,"N",0.0,0.0,0.0,"",""
"SKU-JAC-0044","2025-04-20",0,1,3,7,0.0,"N",0.0,0.0,0.0,"",""
"SKU-SHI-0045","2025-04-20",0,0,1,2,0.0,"N",0.0,0.0,0.0,"",""
"SKU-JAC-0046","2025-04-20",0,1,2,3,0.0,"N",40.0,1896.0,48.0,"2025-06-04","2025-06-07"
"SKU-PAN-0047","2025-04-20",0,0,2,4,0.0,"N",40.0,959.0,45.0,"2025-06-04","2025-06-04"
"SKU-CRO-0048","2025-04-20",0,3,8,11,0.0,"N",0.0,0.0,0.0,"",""
"SKU-TSH-0049","2025-04-20",8,0,2,4,120.0,"N",0.0,0.0,0.0,"",""
"SKU-SHO-0050","2025-04-20",9,0,5,7,54.0,"N",0.0,0.0,0.0,"",""
"SKU-SHI-0051","2025-04-20",0,1,4,8,0.0,"N",60.0,928.0,46.0,"2025-06-05","2025-06-05"
"SKU-SHI-0052","2025-04-20",0,1,3,7,0.0,"N",0.0,0.0,0.0,"",""
"SKU-JAC-0053","2025-04-20",0,1,4,11,0.0,"N",0.0,0.0,0.0,"",""
"SKU-SHI-0054","2025-04-20",0,0,2,5,0.0,"N",53.0,963.0,49.0,"2025-06-08","2025-06-08"
"SKU-JAC-0055","2025-04-20",9,1,3,6,90.0,"N",0.0,0.0,0.0,"",""
"SKU-SHI-0001","2025-04-27",0,63,256,538,0.0,"N",399.0,705.0,40.0,"2025-06-04","2025-06-06"
"SKU-PAN-0002","2025-04-27",0,26,119,255,0.0,"N",0.0,0.0,0.0,"",""
"SKU-SHI-0003","2025-04-27",0,20,85,183,0.0,"N",0.0,0.0,0.0,"",""
"SKU-TSH-0004","2025-04-27",0,12,49,112,0.0,"N",0.0,0.0,0.0,"",""
"SKU-CRO-0005","2025-04-27",0,12,57,102,0.0,"N",110.0,846.0,58.0,"2025-06-22","2025-06-24"
"SKU-SHI-0006","2025-04-27",0,11,43,89,0.0,"N",0.0,0.0,0.0,"",""
"SKU-CRO-0007","2025-04-27",0,8,50,77,0.0,"N",0.0,0.0,0.0,"",""
"SKU-PAN-0008","2025-04-27",0,4,20,51,0.0,"N",0.0,0.0,0.0,"",""
"SKU-PAN-0009","2025-04-27",0,7,20,38,0.0,"N",0.0,0.0,0.0,"",""
"SKU-TSH-0010","2025-04-27",0,2,26,46,0.0,"N",0.0,0.0,0.0,"",""
"SKU-SHO-0011","2025-04-27",0,2,14,34,0.0,"N",0.0,0.0,0.0,"",""
"SKU-TSH-0012","2025-04-27",0,2,14,20,0.0,"N",0.0,0.0,0.0,"",""
"SKU-SHI-0013","2025-04-27",0,3,8,18,0.0,"N",40.0,1227.0,41.0,"2025-06-02","2025-06-07"
"SKU-CRO-0014","2025-04-27",0,7,17,32,0.0,"N",48.0,756.0,53.0,"2025-06-18","2025-06-19"
"SKU-SHI-0015","2025-04-27",0,2,5,22,0.0,"N",54.0,940.0,36.0,"2025-06-01","2025-06-02"
"SKU-PAN-0016","2025-04-27",0,3,8,23,0.0,"N",0.0,0.0,0.0,"",""
"SKU-SHI-0017","2025-04-27",0,3,16,22,0.0,"N",0.0,0.0,0.0,"",""
"SKU-PAN-0018","2025-04-27",0,1,10,22,0.0,"N",0.0,0.0,0.0,"",""
"SKU-CRO-0019","2025-04-27",0,6,12,19,0.0,"N",64.0,726.0,55.0,"2025-06-16","2025-06-21"
"SKU-PAN-0020","2025-04-27",0,4,15,27,0.0,"N",40.0,1163.0,57.0,"2025-06-21","2025-06-23"
"SKU-PAN-0021","2025-04-27",0,4,11,24,0.0,"N",0.0,0.0,0.0,"",""
"SKU-PAN-0022","2025-04-27",0,1,2,10,0.0,"N",0.0,0.0,0.0,"",""
"SKU-SHO-0023","2025-04-27",0,1,12,25,0.0,"N",0.0,0.0,0.0,"",""
"SKU-SHI-0024","2025-04-27",0,0,8,18,0.0,"N",0.0,0.0,0.0,"",""
"SKU-JAC-0025","2025-04-27",0,2,11,20,0.0,"N",0.0,0.0,0.0,"",""
"SKU-PAN-0026","2025-04-27",0,2,10,17,0.0,"N",0.0,0.0,0.0,"",""
"SKU-JAC-0027","2025-04-27",0,0,4,8,0.0,"N",40.0,1871.0,33.0,"2025-05-28","2025-05-30"
"SKU-PAN-0028","2025-04-27",0,2,4,12,0.0,"N",64.0,1317.0,44.0,"2025-06-08","2025-06-10"
"SKU-TSH-0029","2025-04-27",0,4,6,14,0.0,"N",62.0,701.0,41.0,"2025-06-04","2025-06-07"
"SKU-CRO-0030","2025-04-27",0,0,8,15,0.0,"N",0.0,0.0,0.0,"",""
"SKU-JAC-0031","2025-04-27",0,0,3,7,0.0,"N",64.0,1800.0,46.0,"2025-06-12","2025-06-12"
"SKU-TSH-0032","2025-04-27",0,0,4,14,0.0,"N",0.0,0.0,0.0,"",""
"SKU-SHO-0033","2025-04-27",0,1,4,10,0.0,"N",56.0,758.0,48.0,"2025-06-13","2025-06-14"
"SKU-PAN-0034","2025-04-27",0,1,5,8,0.0,"N",40.0,1051.0,59.0,"2025-06-20","2025-06-25"
"SKU-CRO-0035","2025-04-27",0,2,5,11,0.0,"N",40.0,721.0,42.0,"2025-06-03","2025-06-08"
"SKU-SHI-0036","2025-04-27",0,2,6,12,0.0,"N",40.0,998.0,50.0,"2025-06-16","2025-06-16"
"SKU-CRO-0037","2025-04-27",0,1,7,13,0.0,"N",0.0,0.0,0.0,"",""
"SKU-CRO-0038","2025-04-27",0,0,7,10,0.0,"N",0.0,0.0,0.0,"",""
"SKU-SHO-0039","2025-04-27",0,1,5,11,0.0,"N",0.0,0.0,0.0,"",""
"SKU-SHO-0040","2025-04-27",0,0,0,2,999.0,"N",0.0,0.0,0.0,"",""
"SKU-TSH-0041","2025-04-27",8,2,4,6,60.0,"N",0.0,0.0,0.0,"",""
"SKU-CRO-0042","2025-04-27",0,1,4,7,0.0,"N",49.0,653.0,38.0,"2025-06-03","2025-06-04"
"SKU-CRO-0043","2025-04-27",0,2,3,7,0.0,"N",0.0,0.0,0.0,"",""
"SKU-JAC-0044","2025-04-27",0,0,3,6,0.0,"N",0.0,0.0,0.0,"",""
"SKU-SHI-0045","2025-04-27",0,1,2,3,0.0,"N",0.0,0.0,0.0,"",""
"SKU-JAC-0046","2025-04-27",0,1,3,3,0.0,"N",0.0,0.0,0.0,"",""
"SKU-PAN-0047","2025-04-27",0,4,6,8,0.0,"N",0.0,0.0,0.0,"",""
"SKU-CRO-0048","2025-04-27",0,0,6,10,0.0,"N",0.0,0.0,0.0,"",""
"SKU-TSH-0049","2025-04-27",6,2,4,6,45.0,"N",0.0,0.0,0.0,"",""
"SKU-SHO-0050","2025-04-27",7,2,6,8,35.0,"N",0.0,0.0,0.0,"",""
"SKU-SHI-0051","2025-04-27",0,0,3,7,0.0,"N",0.0,0.0,0.0,"",""
"SKU-SHI-0052","2025-04-27",0,1,4,7,0.0,"N",40.0,1141.0,40.0,"2025-06-04","2025-06-06"
"SKU-JAC-0053","2025-04-27",0,1,4,9,0.0,"N",52.0,1660.0,61.0,"2025-06-22","2025-06-27"
"SKU-SHI-0054","2025-04-27",0,0,2,5,0.0,"N",0.0,0.0,0.0,"",""
"SKU-JAC-0055","2025-04-27",6,3,5,8,36.0,"N",0.0,0.0,0.0,"",""
"SKU-SHI-0001","2025-05-04",0,62,265,538,0.0,"N",0.0,0.0,0.0,"",""
"SKU-PAN-0002","2025-05-04",0,30,119,254,0.0,"N",202.0,982.0,33.0,"2025-06-04","2025-06-06"
"SKU-SHI-0003","2025-05-04",0,18,85,182,0.0,"N",0.0,0.0,0.0,"",""
"SKU-TSH-0004","2025-05-04",0,10,49,113,0.0,"N",0.0,0.0,0.0,"",""
"SKU-CRO-0005","2025-05-04",0,16,58,109,0.0,"N",0.0,0.0,0.0,"",""
"SKU-SHI-0006","2025-05-04",0,8,44,86,0.0,"N",0.0,0.0,0.0,"",""
"SKU-CRO-0007","2025-05-04",0,7,44,80,0.0,"N",89.0,818.0,47.0,"2025-06-18","2025-06-20"
"SKU-PAN-0008","2025-05-04",0,7,24,53,0.0,"N",0.0,0.0,0.0,"",""
"SKU-PAN-0009","2025-05-04",0,4,23,38,0.0,"N",0.0,0.0,0.0,"",""
"SKU-TSH-0010","2025-05-04",0,5,28,46,0.0,"N",0.0,0.0,0.0,"",""
"SKU-SHO-0011","2025-05-04",0,2,15,35,0.0,"N",0.0,0.0,0.0,"",""
"SKU-TSH-0012","2025-05-04",0,4,14,23,0.0,"N",77.0,715.0,46.0,"2025-06-16","2025-06-19"
"SKU-SHI-0013","2025-05-04",0,4,11,22,0.0,"N",0.0,0.0,0.0,"",""
"SKU-CRO-0014","2025-05-04",0,5,20,35,0.0,"N",0.0,0.0,0.0,"",""
"SKU-SHI-0015","2025-05-04",0,1,5,19,0.0,"N",0.0,0.0,0.0,"",""
"SKU-PAN-0016","2025-05-04",0,5,13,25,0.0,"N",0.0,0.0,0.0,"",""
"SKU-SHI-0017","2025-05-04",0,2,12,23,0.0,"N",63.0,842.0,53.0,"2025-06-24","2025-06-26"
"SKU-PAN-0018","2025-05-04",0,7,14,26,0.0,"N",0.0,0.0,0.0,"",""
"SKU-CRO-0019","2025-05-04",0,0,12,18,0.0,"N",0.0,0.0,0.0,"",""
"SKU-PAN-0020","2025-05-04",0,3,14,29,0.0,"N",0.0,0.0,0.0,"",""
"SKU-PAN-0021","2025-05-04",0,0,8,20,0.0,"N",64.0,1216.0,52.0,"2025-06-25","2025-06-25"
"SKU-PAN-0022","2025-05-04",0,2,4,9,0.0,"N",0.0,0.0,0.0,"",""
"SKU-SHO-0023","2025-05-04",0,0,7,24,0.0,"N",40.0,668.0,45.0,"2025-06-18","2025-06-18"
"SKU-SHI-0024","2025-05-04",0,3,11,19,0.0,"N",40.0,854.0,39.0,"2025-06-12","2025-06-12"
"SKU-JAC-0025","2025-05-04",0,1,9,19,0.0,"N",40.0,1639.0,53.0,"2025-06-26","2025-06-26"
"SKU-PAN-0026","2025-05-04",0,3,11,18,0.0,"N",0.0,0.0,0.0,"",""
"SKU-JAC-0027","2025-05-04",0,0,4,6,0.0,"N",0.0,0.0,0.0,"",""
"SKU-PAN-0028","2025-05-04",0,0,4,11,0.0,"N",0.0,0.0,0.0,"",""
"SKU-TSH-0029","2025-05-04",0,1,7,13,0.0,"N",0.0,0.0,0.0,"",""
"SKU-CRO-0030","2025-05-04",0,1,7,16,0.0,"N",0.0,0.0,0.0,"",""
"SKU-JAC-0031","2025-05-04",0,3,5,10,0.0,"N",0.0,0.0,0.0,"",""
"SKU-TSH-0032","2025-05-04",0,1,4,13,0.0,"N",42.0,627.0,40.0,"2025-06-08","2025-06-13"
"SKU-SHO-0033","2025-05-04",0,2,5,11,0.0,"N",0.0,0.0,0.0,"",""
"SKU-PAN-0034","2025-05-04",0,3,7,11,0.0,"N",0.0,0.0,0.0,"",""
"SKU-CRO-0035","2025-05-04",0,1,5,12,0.0,"N",0.0,0.0,0.0,"",""
"SKU-SHI-0036","2025-05-04",0,2,6,12,0.0,"N",0.0,0.0,0.0,"",""
"SKU-CRO-0037","2025-05-04",0,0,6,13,0.0,"N",0.0,0.0,0.0,"",""
"SKU-CRO-0038","2025-05-04",0,1,5,11,0.0,"N",0.0,0.0,0.0,"",""
"SKU-SHO-0039","2025-05-04",0,2,7,12,0.0,"N",0.0,0.0,0.0,"",""
"SKU-SHO-0040","2025-05-04",0,2,2,4,0.0,"N",60.0,711.0,39.0,"2025-06-10","2025-06-12"
"SKU-TSH-0041","2025-05-04",8,0,2,5,120.0,"N",0.0,0.0,0.0,"",""
"SKU-CRO-0042","2025-05-04",0,1,5,8,0.0,"N",0.0,0.0,0.0,"",""
"SKU-CRO-0043","2025-05-04",0,0,2,7,0.0,"N",0.0,0.0,0.0,"",""
"SKU-JAC-0044","2025-05-04",0,1,3,6,0.0,"N",0.0,0.0,0.0,"",""
"SKU-SHI-0045","2025-05-04",0,0,1,3,0.0,"N",50.0,896.0,47.0,"2025-06-18","2025-06-20"
"SKU-JAC-0046","2025-05-04",0,4,7,7,0.0,"N",0.0,0.0,0.0,"",""
"SKU-PAN-0047","2025-05-04",0,1,5,9,0.0,"N",0.0,0.0,0.0,"",""
"SKU-CRO-0048","2025-05-04",0,1,6,10,0.0,"N",44.0,736.0,34.0,"2025-06-06","2025-06-07"
"SKU-TSH-0049","2025-05-04",6,0,3,5,60.0,"N",0.0,0.0,0.0,"",""
"SKU-SHO-0050","2025-05-04",7,0,4,8,52.5,"N",0.0,0.0,0.0,"",""
"SKU-SHI-0051","2025-05-04",0,1,2,7,0.0,"N",0.0,0.0,0.0,"",""
"SKU-SHI-0052","2025-05-04",0,2,5,8,0.0,"N",0.0,0.0,0.0,"",""
"SKU-JAC-0053","2025-05-04",0,1,4,8,0.0,"N",0.0,0.0,0.0,"",""
"SKU-SHI-0054","2025-05-04",0,0,0,4,999.0,"N",0.0,0.0,0.0,"",""
"SKU-JAC-0055","2025-05-04",4,2,6,10,20.0,"N",0.0,0.0,0.0,"",""
"SKU-SHI-0001","2025-05-11",0,66,273,527,0.0,"N",0.0,0.0,0.0,"",""
"SKU-PAN-0002","2025-05-11",0,21,118,245,0.0,"N",0.0,0.0,0.0,"",""
"SKU-SHI-0003","2025-05-11",0,19,84,182,0.0,"N",158.0,1004.0,38.0,"2025-06-15","2025-06-18"
"SKU-TSH-0004","2025-05-11",0,8,48,102,0.0,"N",0.0,0.0,0.0,"",""
"SKU-CRO-0005","2025-05-11",0,9,52,105,0.0,"N",0.0,0.0,0.0,"",""
"SKU-SHI-0006","2025-05-11",0,12,46,84,0.0,"N",0.0,0.0,0.0,"",""
"SKU-CRO-0007","2025-05-11",0,3,34,75,0.0,"N",0.0,0.0,0.0,"",""
"SKU-PAN-0008","2025-05-11",0,8,28,56,0.0,"N",0.0,0.0,0.0,"",""
"SKU-PAN-0009","2025-05-11",0,3,22,38,0.0,"N",0.0,0.0,0.0,"",""
"SKU-TSH-0010","2025-05-11",0,4,21,42,0.0,"N",0.0,0.0,0.0,"",""
"SKU-SHO-0011","2025-05-11",0,8,19,36,0.0,"N",0.0,0.0,0.0,"",""
"SKU-TSH-0012","2025-05-11",0,2,14,23,0.0,"N",0.0,0.0,0.0,"",""
"SKU-SHI-0013","2025-05-11",0,1,8,20,0.0,"N",0.0,0.0,0.0,"",""
"SKU-CRO-0014","2025-05-11",0,3,22,35,0.0,"N",0.0,0.0,0.0,"",""
"SKU-SHI-0015","2025-05-11",0,2,6,14,0.0,"N",0.0,0.0,0.0,"",""
"SKU-PAN-0016","2025-05-11",0,7,17,30,0.0,"N",0.0,0.0,0.0,"",""
"SKU-SHI-0017","2025-05-11",0,2,10,25,0.0,"N",0.0,0.0,0.0,"",""
"SKU-PAN-0018","2025-05-11",0,3,15,27,0.0,"N",0.0,0.0,0.0,"",""
"SKU-CRO-0019","2025-05-11",0,3,11,19,0.0,"N",0.0,0.0,0.0,"",""
"SKU-PAN-0020","2025-05-11",0,3,16,27,0.0,"N",0.0,0.0,0.0,"",""
"SKU-PAN-0021","2025-05-11",0,1,8,18,0.0,"N",0.0,0.0,0.0,"",""
"SKU-PAN-0022","2025-05-11",0,2,5,7,0.0,"N",40.0,1076.0,33.0,"2025-06-13","2025-06-13"
"SKU-SHO-0023","2025-05-11",0,3,8,21,0.0,"N",0.0,0.0,0.0,"",""
"SKU-SHI-0024","2025-05-11",0,1,7,20,0.0,"N",0.0,0.0,0.0,"",""
"SKU-JAC-0025","2025-05-11",0,2,8,19,0.0,"N",0.0,0.0,0.0,"",""
"SKU-PAN-0026","2025-05-11",0,0,9,14,0.0,"N",0.0,0.0,0.0,"",""
"SKU-JAC-0027","2025-05-11",0,4,7,10,0.0,"N",0.0,0.0,0.0,"",""
"SKU-PAN-0028","2025-05-11",0,0,4,10,0.0,"N",0.0,0.0,0.0,"",""
"SKU-TSH-0029","2025-05-11",0,2,8,12,0.0,"N",0.0,0.0,0.0,"",""
"SKU-CRO-0030","2025-05-11",0,4,10,18,0.0,"N",0.0,0.0,0.0,"",""
"SKU-JAC-0031","2025-05-11",0,3,7,10,0.0,"N",0.0,0.0,0.0,"",""
"SKU-TSH-0032","2025-05-11",0,3,5,14,0.0,"N",0.0,0.0,0.0,"",""
"SKU-SHO-0033","2025-05-11",0,0,4,10,0.0,"N",0.0,0.0,0.0,"",""
"SKU-PAN-0034","2025-05-11",0,0,7,10,0.0,"N",0.0,0.0,0.0,"",""
"SKU-CRO-0035","2025-05-11",0,1,5,11,0.0,"N",0.0,0.0,0.0,"",""
"SKU-SHI-0036","2025-05-11",0,1,6,11,0.0,"N",0.0,0.0,0.0,"",""
"SKU-CRO-0037","2025-05-11",0,0,5,11,0.0,"N",0.0,0.0,0.0,"",""
"SKU-CRO-0038","2025-05-11",0,1,4,12,0.0,"N",0.0,0.0,0.0,"",""
"SKU-SHO-0039","2025-05-11",0,0,6,10,0.0,"N",0.0,0.0,0.0,"",""
"SKU-SHO-0040","2025-05-11",0,0,2,4,0.0,"N",0.0,0.0,0.0,"",""
"SKU-TSH-0041","2025-05-11",5,3,5,7,30.0,"N",0.0,0.0,0.0,"",""
"SKU-CRO-0042","2025-05-11",0,0,2,6,0.0,"N",0.0,0.0,0.0,"",""
"SKU-CRO-0043","2025-05-11",0,0,2,6,0.0,"N",40.0,677.0,42.0,"2025-06-22","2025-06-22"
"SKU-JAC-0044","2025-05-11",0,1,3,7,0.0,"N",40.0,1860.0,49.0,"2025-06-29","2025-06-29"
"SKU-SHI-0045","2025-05-11",0,0,1,2,0.0,"N",0.0,0.0,0.0,"",""
"SKU-JAC-0046","2025-05-11",0,1,7,8,0.0,"N",0.0,0.0,0.0,"",""
"SKU-PAN-0047","2025-05-11",0,1,6,10,0.0,"N",0.0,0.0,0.0,"",""
"SKU-CRO-0048","2025-05-11",0,1,5,11,0.0,"N",0.0,0.0,0.0,"",""
"SKU-TSH-0049","2025-05-11",6,0,2,4,90.0,"N",0.0,0.0,0.0,"",""
"SKU-SHO-0050","2025-05-11",7,0,2,8,105.0,"N",0.0,0.0,0.0,"",""
"SKU-SHI-0051","2025-05-11",0,1,3,8,0.0,"N",0.0,0.0,0.0,"",""
"SKU-SHI-0052","2025-05-11",0,0,5,6,0.0,"N",0.0,0.0,0.0,"",""
"SKU-JAC-0053","2025-05-11",0,0,3,7,0.0,"N",0.0,0.0,0.0,"",""
"SKU-SHI-0054","2025-05-11",0,0,0,3,999.0,"N",0.0,0.0,0.0,"",""
"SKU-JAC-0055","2025-05-11",3,1,7,9,12.9,"N",60.0,1669.0,45.0,"2025-06-22","2025-06-25"
"SKU-SHI-0001","2025-05-18",0,52,252,505,0.0,"N",0.0,0.0,0.0,"",""
"SKU-PAN-0002","2025-05-18",0,20,108,238,0.0,"N",0.0,0.0,0.0,"",""
"SKU-SHI-0003","2025-05-18",0,18,78,175,0.0,"N",0.0,0.0,0.0,"",""
"SKU-TSH-0004","2025-05-18",0,12,47,103,0.0,"N",106.0,539.0,48.0,"2025-07-05","2025-07-05"
"SKU-CRO-0005","2025-05-18",0,8,48,104,0.0,"N",0.0,0.0,0.0,"",""
"SKU-SHI-0006","2025-05-18",0,7,44,83,0.0,"N",105.0,1097.0,53.0,"2025-07-08","2025-07-10"
"SKU-CRO-0007","2025-05-18",0,9,33,74,0.0,"N",0.0,0.0,0.0,"",""
"SKU-PAN-0008","2025-05-18",0,7,26,56,0.0,"N",55.0,1152.0,45.0,"2025-07-01","2025-07-02"
"SKU-PAN-0009","2025-05-18",0,5,22,38,0.0,"N",85.0,1008.0,39.0,"2025-06-26","2025-06-26"
"SKU-TSH-0010","2025-05-18",0,3,17,42,0.0,"N",60.0,782.0,48.0,"2025-07-05","2025-07-05"
"SKU-SHO-0011","2025-05-18",0,3,15,35,0.0,"N",74.0,761.0,44.0,"2025-06-28","2025-07-01"
"SKU-TSH-0012","2025-05-18",0,2,11,24,0.0,"N",0.0,0.0,0.0,"",""
"SKU-SHI-0013","2025-05-18",0,3,11,18,0.0,"N",0.0,0.0,0.0,"",""
"SKU-CRO-0014","2025-05-18",0,2,18,32,0.0,"N",0.0,0.0,0.0,"",""
"SKU-SHI-0015","2025-05-18",0,1,7,11,0.0,"N",0.0,0.0,0.0,"",""
"SKU-PAN-0016","2025-05-18",0,1,16,26,0.0,"N",65.0,970.0,40.0,"2025-06-22","2025-06-27"
"SKU-SHI-0017","2025-05-18",0,1,10,24,0.0,"N",0.0,0.0,0.0,"",""
"SKU-PAN-0018","2025-05-18",0,3,14,28,0.0,"N",74.0,1176.0,42.0,"2025-06-29","2025-06-29"
"SKU-CRO-0019","2025-05-18",0,2,11,20,0.0,"N",0.0,0.0,0.0,"",""
"SKU-PAN-0020","2025-05-18",0,4,16,29,0.0,"N",0.0,0.0,0.0,"",""
"SKU-PAN-0021","2025-05-18",0,2,7,18,0.0,"N",0.0,0.0,0.0,"",""
"SKU-PAN-0022","2025-05-18",0,2,7,8,0.0,"N",0.0,0.0,0.0,"",""
"SKU-SHO-0023","2025-05-18",0,0,5,19,0.0,"N",0.0,0.0,0.0,"",""
"SKU-SHI-0024","2025-05-18",0,2,7,18,0.0,"N",0.0,0.0,0.0,"",""
"SKU-JAC-0025","2025-05-18",0,1,6,19,0.0,"N",0.0,0.0,0.0,"",""
"SKU-PAN-0026","2025-05-18",0,1,8,15,0.0,"N",40.0,1332.0,55.0,"2025-07-12","2025-07-12"
"SKU-JAC-0027","2025-05-18",0,4,10,13,0.0,"N",0.0,0.0,0.0,"",""
"SKU-PAN-0028","2025-05-18",0,2,4,7,0.0,"N",0.0,0.0,0.0,"",""
"SKU-TSH-0029","2025-05-18",0,0,7,10,0.0,"N",0.0,0.0,0.0,"",""
"SKU-CRO-0030","2025-05-18",0,0,5,14,0.0,"N",40.0,621.0,40.0,"2025-06-27","2025-06-27"
"SKU-JAC-0031","2025-05-18",0,2,8,12,0.0,"N",0.0,0.0,0.0,"",""
"SKU-TSH-0032","2025-05-18",0,0,4,12,0.0,"N",0.0,0.0,0.0,"",""
"SKU-SHO-0033","2025-05-18",0,1,4,11,0.0,"N",0.0,0.0,0.0,"",""
"SKU-PAN-0034","2025-05-18",0,3,8,11,0.0,"N",0.0,0.0,0.0,"",""
"SKU-CRO-0035","2025-05-18",0,2,6,11,0.0,"N",0.0,0.0,0.0,"",""
"SKU-SHI-0036","2025-05-18",0,1,7,11,0.0,"N",0.0,0.0,0.0,"",""
"SKU-CRO-0037","2025-05-18",0,1,2,9,0.0,"N",40.0,657.0,43.0,"2025-06-30","2025-06-30"
"SKU-CRO-0038","2025-05-18",0,1,3,12,0.0,"N",40.0,1060.0,35.0,"2025-06-22","2025-06-22"
"SKU-SHO-0039","2025-05-18",0,1,4,8,0.0,"N",40.0,809.0,56.0,"2025-07-08","2025-07-13"
"SKU-SHO-0040","2025-05-18",0,1,3,5,0.0,"N",0.0,0.0,0.0,"",""
"SKU-TSH-0041","2025-05-18",4,1,6,8,20.0,"N",0.0,0.0,0.0,"",""
"SKU-CRO-0042","2025-05-18",0,1,3,6,0.0,"N",0.0,0.0,0.0,"",""
"SKU-CRO-0043","2025-05-18",0,0,2,3,0.0,"N",0.0,0.0,0.0,"",""
"SKU-JAC-0044","2025-05-18",0,2,4,7,0.0,"N",0.0,0.0,0.0,"",""
"SKU-SHI-0045","2025-05-18",0,1,2,3,0.0,"N",0.0,0.0,0.0,"",""
"SKU-JAC-0046","2025-05-18",0,1,8,9,0.0,"N",56.0,1896.0,47.0,"2025-07-04","2025-07-04"
"SKU-PAN-0047","2025-05-18",0,2,8,11,0.0,"N",40.0,959.0,40.0,"2025-06-26","2025-06-27"
"SKU-CRO-0048","2025-05-18",0,3,6,13,0.0,"N",0.0,0.0,0.0,"",""
"SKU-TSH-0049","2025-05-18",6,0,2,4,90.0,"N",0.0,0.0,0.0,"",""
"SKU-SHO-0050","2025-05-18",5,2,4,10,37.5,"N",0.0,0.0,0.0,"",""
"SKU-SHI-0051","2025-05-18",0,2,5,8,0.0,"N",40.0,928.0,51.0,"2025-07-05","2025-07-08"
"SKU-SHI-0052","2025-05-18",0,1,4,7,0.0,"N",0.0,0.0,0.0,"",""
"SKU-JAC-0053","2025-05-18",0,0,2,6,0.0,"N",0.0,0.0,0.0,"",""
"SKU-SHI-0054","2025-05-18",0,0,0,3,999.0,"N",0.0,0.0,0.0,"",""
"SKU-JAC-0055","2025-05-18",2,1,8,10,7.5,"N",0.0,0.0,0.0,"",""
"SKU-SHI-0001","2025-05-25",0,59,260,507,0.0,"N",409.0,705.0,40.0,"2025-06-29","2025-07-04"
"SKU-PAN-0002","2025-05-25",0,30,108,229,0.0,"N",0.0,0.0,0.0,"",""
"SKU-SHI-0003","2025-05-25",0,10,69,155,0.0,"N",0.0,0.0,0.0,"",""
"SKU-TSH-0004","2025-05-25",0,16,50,99,0.0,"N",0.0,0.0,0.0,"",""
"SKU-CRO-0005","2025-05-25",0,11,47,103,0.0,"N",120.0,846.0,34.0,"2025-06-27","2025-06-28"
"SKU-SHI-0006","2025-05-25",0,6,38,79,0.0,"N",0.0,0.0,0.0,"",""
"SKU-CRO-0007","2025-05-25",0,10,31,80,0.0,"N",0.0,0.0,0.0,"",""
"SKU-PAN-0008","2025-05-25",0,4,29,48,0.0,"N",0.0,0.0,0.0,"",""
"SKU-PAN-0009","2025-05-25",0,4,20,37,0.0,"N",0.0,0.0,0.0,"",""
"SKU-TSH-0010","2025-05-25",0,2,14,41,0.0,"N",0.0,0.0,0.0,"",""
"SKU-SHO-0011","2025-05-25",0,4,18,33,0.0,"N",0.0,0.0,0.0,"",""
"SKU-TSH-0012","2025-05-25",0,0,8,22,0.0,"N",0.0,0.0,0.0,"",""
"SKU-SHI-0013","2025-05-25",0,2,10,19,0.0,"N",52.0,1227.0,53.0,"2025-07-17","2025-07-17"
"SKU-CRO-0014","2025-05-25",0,4,16,31,0.0,"N",63.0,756.0,51.0,"2025-07-15","2025-07-15"
"SKU-SHI-0015","2025-05-25",0,0,5,9,0.0,"N",40.0,940.0,41.0,"2025-06-30","2025-07-05"
"SKU-PAN-0016","2025-05-25",0,2,16,23,0.0,"N",0.0,0.0,0.0,"",""
"SKU-SHI-0017","2025-05-25",0,3,9,25,0.0,"N",0.0,0.0,0.0,"",""
"SKU-PAN-0018","2025-05-25",0,0,13,24,0.0,"N",0.0,0.0,0.0,"",""
"SKU-CRO-0019","2025-05-25",0,0,5,18,0.0,"N",40.0,726.0,50.0,"2025-07-14","2025-07-14"
"SKU-PAN-0020","2025-05-25",0,0,12,27,0.0,"N",40.0,1163.0,58.0,"2025-07-17","2025-07-22"
"SKU-PAN-0021","2025-05-25",0,4,9,18,0.0,"N",0.0,0.0,0.0,"",""
"SKU-PAN-0022","2025-05-25",0,1,7,9,0.0,"N",0.0,0.0,0.0,"",""
"SKU-SHO-0023","2025-05-25",0,0,4,17,0.0,"N",0.0,0.0,0.0,"",""
"SKU-SHI-0024","2025-05-25",0,3,9,18,0.0,"N",0.0,0.0,0.0,"",""
"SKU-JAC-0025","2025-05-25",0,0,6,16,0.0,"N",0.0,0.0,0.0,"",""
"SKU-PAN-0026","2025-05-25",0,1,6,16,0.0,"N",0.0,0.0,0.0,"",""
"SKU-JAC-0027","2025-05-25",0,1,9,13,0.0,"N",40.0,1871.0,52.0,"2025-07-11","2025-07-16"
"SKU-PAN-0028","2025-05-25",0,0,2,6,0.0,"N",40.0,1317.0,31.0,"2025-06-25","2025-06-25"
"SKU-TSH-0029","2025-05-25",0,1,4,11,0.0,"N",40.0,701.0,40.0,"2025-07-01","2025-07-04"
"SKU-CRO-0030","2025-05-25",0,0,5,13,0.0,"N",0.0,0.0,0.0,"",""
"SKU-JAC-0031","2025-05-25",0,0,8,11,0.0,"N",71.0,1800.0,40.0,"2025-07-04","2025-07-04"
"SKU-TSH-0032","2025-05-25",0,0,4,9,0.0,"N",0.0,0.0,0.0,"",""
"SKU-SHO-0033","2025-05-25",0,1,4,10,0.0,"N",40.0,758.0,42.0,"2025-07-04","2025-07-06"
"SKU-PAN-0034","2025-05-25",0,2,8,13,0.0,"N",61.0,1051.0,34.0,"2025-06-25","2025-06-28"
"SKU-CRO-0035","2025-05-25",0,1,7,10,0.0,"N",40.0,721.0,37.0,"2025-06-30","2025-07-01"
"SKU-SHI-0036","2025-05-25",0,0,5,11,0.0,"N",40.0,998.0,49.0,"2025-07-10","2025-07-13"
"SKU-CRO-0037","2025-05-25",0,1,2,9,0.0,"N",0.0,0.0,0.0,"",""
"SKU-CRO-0038","2025-05-25",0,1,4,13,0.0,"N",0.0,0.0,0.0,"",""
"SKU-SHO-0039","2025-05-25",0,1,4,9,0.0,"N",0.0,0.0,0.0,"",""
"SKU-SHO-0040","2025-05-25",0,2,5,5,0.0,"N",0.0,0.0,0.0,"",""
"SKU-TSH-0041","2025-05-25",4,0,4,8,30.0,"N",0.0,0.0,0.0,"",""
"SKU-CRO-0042","2025-05-25",0,2,4,8,0.0,"N",41.0,653.0,29.0,"2025-06-23","2025-06-23"
"SKU-CRO-0043","2025-05-25",0,3,3,6,0.0,"N",0.0,0.0,0.0,"",""
"SKU-JAC-0044","2025-05-25",0,0,4,7,0.0,"N",0.0,0.0,0.0,"",""
"SKU-SHI-0045","2025-05-25",0,1,2,4,0.0,"N",0.0,0.0,0.0,"",""
"SKU-JAC-0046","2025-05-25",0,0,6,9,0.0,"N",0.0,0.0,0.0,"",""
"SKU-PAN-0047","2025-05-25",0,0,4,10,0.0,"N",0.0,0.0,0.0,"",""
"SKU-CRO-0048","2025-05-25",0,2,7,13,0.0,"N",0.0,0.0,0.0,"",""
"SKU-TSH-0049","2025-05-25",4,2,3,6,40.0,"N",0.0,0.0,0.0,"",""
"SKU-SHO-0050","2025-05-25",4,1,3,10,40.0,"N",0.0,0.0,0.0,"",""
"SKU-SHI-0051","2025-05-25",0,2,6,9,0.0,"N",0.0,0.0,0.0,"",""
"SKU-SHI-0052","2025-05-25",0,1,4,8,0.0,"N",40.0,1141.0,36.0,"2025-06-29","2025-06-30"
"SKU-JAC-0053","2025-05-25",0,0,1,5,0.0,"N",46.0,1660.0,37.0,"2025-06-28","2025-07-01"
"SKU-SHI-0054","2025-05-25",0,0,0,2,999.0,"N",0.0,0.0,0.0,"",""
"SKU-JAC-0055","2025-05-25",2,0,5,9,12.0,"N",0.0,0.0,0.0,"",""
"SKU-SHI-0001","2025-06-01",0,54,251,506,0.0,"N",0.0,0.0,0.0,"",""
"SKU-PAN-0002","2025-06-01",0,18,99,215,0.0,"N",198.0,982.0,50.0,"2025-07-16","2025-07-21"
"SKU-SHI-0003","2025-06-01",0,14,65,149,0.0,"N",0.0,0.0,0.0,"",""
"SKU-TSH-0004","2025-06-01",0,13,51,101,0.0,"N",0.0,0.0,0.0,"",""
"SKU-CRO-0005","2025-06-01",0,7,40,96,0.0,"N",0.0,0.0,0.0,"",""
"SKU-SHI-0006","2025-06-01",0,5,31,76,0.0,"N",0.0,0.0,0.0,"",""
"SKU-CRO-0007","2025-06-01",0,9,33,78,0.0,"N",108.0,818.0,35.0,"2025-07-05","2025-07-06"
"SKU-PAN-0008","2025-06-01",0,7,28,50,0.0,"N",0.0,0.0,0.0,"",""
"SKU-PAN-0009","2025-06-01",0,7,19,42,0.0,"N",0.0,0.0,0.0,"",""
"SKU-TSH-0010","2025-06-01",0,6,19,44,0.0,"N",0.0,0.0,0.0,"",""
"SKU-SHO-0011","2025-06-01",0,2,17,32,0.0,"N",0.0,0.0,0.0,"",""
"SKU-TSH-0012","2025-06-01",0,8,13,28,0.0,"N",54.0,715.0,51.0,"2025-07-19","2025-07-22"
"SKU-SHI-0013","2025-06-01",0,5,12,23,0.0,"N",0.0,0.0,0.0,"",""
"SKU-CRO-0014","2025-06-01",0,3,13,33,0.0,"N",0.0,0.0,0.0,"",""
"SKU-SHI-0015","2025-06-01",0,3,6,11,0.0,"N",0.0,0.0,0.0,"",""
"SKU-PAN-0016","2025-06-01",0,4,14,27,0.0,"N",0.0,0.0,0.0,"",""
"SKU-SHI-0017","2025-06-01",0,5,11,23,0.0,"N",40.0,842.0,55.0,"2025-07-25","2025-07-26"
"SKU-PAN-0018","2025-06-01",0,2,9,22,0.0,"N",0.0,0.0,0.0,"",""
"SKU-CRO-0019","2025-06-01",0,1,6,18,0.0,"N",0.0,0.0,0.0,"",""
"SKU-PAN-0020","2025-06-01",0,1,10,22,0.0,"N",0.0,0.0,0.0,"",""
"SKU-PAN-0021","2025-06-01",0,3,10,18,0.0,"N",41.0,1216.0,50.0,"2025-07-16","2025-07-21"
"SKU-PAN-0022","2025-06-01",0,2,8,11,0.0,"N",0.0,0.0,0.0,"",""
"SKU-SHO-0023","2025-06-01",0,3,6,15,0.0,"N",52.0,668.0,54.0,"2025-07-20","2025-07-25"
"SKU-SHI-0024","2025-06-01",0,1,8,18,0.0,"N",62.0,854.0,30.0,"2025-07-01","2025-07-01"
"SKU-JAC-0025","2025-06-01",0,1,4,13,0.0,"N",40.0,1639.0,35.0,"2025-07-06","2025-07-06"
"SKU-PAN-0026","2025-06-01",0,2,6,16,0.0,"N",0.0,0.0,0.0,"",""
"SKU-JAC-0027","2025-06-01",0,2,11,15,0.0,"N",0.0,0.0,0.0,"",""
"SKU-PAN-0028","2025-06-01",0,2,4,8,0.0,"N",0.0,0.0,0.0,"",""
"SKU-TSH-0029","2025-06-01",0,2,5,12,0.0,"N",0.0,0.0,0.0,"",""
"SKU-CRO-0030","2025-06-01",0,4,9,15,0.0,"N",0.0,0.0,0.0,"",""
"SKU-JAC-0031","2025-06-01",0,2,9,12,0.0,"N",0.0,0.0,0.0,"",""
"SKU-TSH-0032","2025-06-01",0,2,5,9,0.0,"N",52.0,627.0,52.0,"2025-07-21","2025-07-23"
"SKU-SHO-0033","2025-06-01",0,0,3,8,0.0,"N",0.0,0.0,0.0,"",""
"SKU-PAN-0034","2025-06-01",0,2,8,15,0.0,"N",0.0,0.0,0.0,"",""
"SKU-CRO-0035","2025-06-01",0,1,6,10,0.0,"N",0.0,0.0,0.0,"",""
"SKU-SHI-0036","2025-06-01",0,4,7,12,0.0,"N",0.0,0.0,0.0,"",""
"SKU-CRO-0037","2025-06-01",0,5,7,14,0.0,"N",0.0,0.0,0.0,"",""
"SKU-CRO-0038","2025-06-01",0,1,4,9,0.0,"N",0.0,0.0,0.0,"",""
"SKU-SHO-0039","2025-06-01",0,1,3,10,0.0,"N",0.0,0.0,0.0,"",""
"SKU-SHO-0040","2025-06-01",0,0,4,5,0.0,"N",40.0,711.0,45.0,"2025-07-13","2025-07-16"
"SKU-TSH-0041","2025-06-01",4,0,4,8,30.0,"N",0.0,0.0,0.0,"",""
"SKU-CRO-0042","2025-06-01",0,3,7,11,0.0,"N",0.0,0.0,0.0,"",""
"SKU-CRO-0043","2025-06-01",0,0,3,5,0.0,"N",0.0,0.0,0.0,"",""
"SKU-JAC-0044","2025-06-01",0,2,6,9,0.0,"N",0.0,0.0,0.0,"",""
"SKU-SHI-0045","2025-06-01",0,1,3,5,0.0,"N",40.0,896.0,34.0,"2025-07-05","2025-07-05"
"SKU-JAC-0046","2025-06-01",0,1,4,10,0.0,"N",0.0,0.0,0.0,"",""
"SKU-PAN-0047","2025-06-01",0,0,4,8,0.0,"N",0.0,0.0,0.0,"",""
"SKU-CRO-0048","2025-06-01",0,1,8,13,0.0,"N",40.0,736.0,44.0,"2025-07-12","2025-07-15"
"SKU-TSH-0049","2025-06-01",3,1,3,6,30.0,"N",0.0,0.0,0.0,"",""
"SKU-SHO-0050","2025-06-01",3,1,4,10,22.5,"N",0.0,0.0,0.0,"",""
"SKU-SHI-0051","2025-06-01",0,0,5,8,0.0,"N",0.0,0.0,0.0,"",""
"SKU-SHI-0052","2025-06-01",0,1,3,8,0.0,"N",0.0,0.0,0.0,"",""
"SKU-JAC-0053","2025-06-01",0,2,2,6,0.0,"N",0.0,0.0,0.0,"",""
"SKU-SHI-0054","2025-06-01",0,0,0,1,999.0,"N",0.0,0.0,0.0,"",""
"SKU-JAC-0055","2025-06-01",2,0,2,8,30.0,"N",0.0,0.0,0.0,"",""
"SKU-SHI-0001","2025-06-08",0,48,228,498,0.0,"N",0.0,0.0,0.0,"",""
"SKU-PAN-0002","2025-06-08",0,23,96,214,0.0,"N",0.0,0.0,0.0,"",""
"SKU-SHI-0003","2025-06-08",0,11,60,142,0.0,"N",146.0,1004.0,35.0,"2025-07-11","2025-07-13"
"SKU-TSH-0004","2025-06-08",0,9,53,100,0.0,"N",0.0,0.0,0.0,"",""
"SKU-CRO-0005","2025-06-08",0,9,36,91,0.0,"N",0.0,0.0,0.0,"",""
"SKU-SHI-0006","2025-06-08",0,9,29,75,0.0,"N",0.0,0.0,0.0,"",""
"SKU-CRO-0007","2025-06-08",0,8,36,72,0.0,"N",0.0,0.0,0.0,"",""
"SKU-PAN-0008","2025-06-08",0,3,22,49,0.0,"N",0.0,0.0,0.0,"",""
"SKU-PAN-0009","2025-06-08",0,4,20,42,0.0,"N",0.0,0.0,0.0,"",""
"SKU-TSH-0010","2025-06-08",0,3,15,39,0.0,"N",0.0,0.0,0.0,"",""
"SKU-SHO-0011","2025-06-08",0,2,14,30,0.0,"N",0.0,0.0,0.0,"",""
"SKU-TSH-0012","2025-06-08",0,5,15,29,0.0,"N",0.0,0.0,0.0,"",""
"SKU-SHI-0013","2025-06-08",0,2,12,21,0.0,"N",0.0,0.0,0.0,"",""
"SKU-CRO-0014","2025-06-08",0,1,13,32,0.0,"N",0.0,0.0,0.0,"",""
"SKU-SHI-0015","2025-06-08",0,1,5,12,0.0,"N",0.0,0.0,0.0,"",""
"SKU-PAN-0016","2025-06-08",0,0,9,24,0.0,"N",0.0,0.0,0.0,"",""
"SKU-SHI-0017","2025-06-08",0,1,10,20,0.0,"N",0.0,0.0,0.0,"",""
"SKU-PAN-0018","2025-06-08",0,2,8,23,0.0,"N",0.0,0.0,0.0,"",""
"SKU-CRO-0019","2025-06-08",0,1,5,16,0.0,"N",0.0,0.0,0.0,"",""
"SKU-PAN-0020","2025-06-08",0,0,7,21,0.0,"N",0.0,0.0,0.0,"",""
"SKU-PAN-0021","2025-06-08",0,3,12,21,0.0,"N",0.0,0.0,0.0,"",""
"SKU-PAN-0022","2025-06-08",0,0,5,10,0.0,"N",46.0,1076.0,56.0,"2025-07-29","2025-08-03"
"SKU-SHO-0023","2025-06-08",0,0,3,12,0.0,"N",0.0,0.0,0.0,"",""
"SKU-SHI-0024","2025-06-08",0,2,8,16,0.0,"N",0.0,0.0,0.0,"",""
"SKU-JAC-0025","2025-06-08",0,3,5,13,0.0,"N",0.0,0.0,0.0,"",""
"SKU-PAN-0026","2025-06-08",0,0,4,15,0.0,"N",0.0,0.0,0.0,"",""
"SKU-JAC-0027","2025-06-08",0,1,9,15,0.0,"N",0.0,0.0,0.0,"",""
"SKU-PAN-0028","2025-06-08",0,0,4,8,0.0,"N",0.0,0.0,0.0,"",""
"SKU-TSH-0029","2025-06-08",0,1,5,13,0.0,"N",0.0,0.0,0.0,"",""
"SKU-CRO-0030","2025-06-08",0,2,8,16,0.0,"N",0.0,0.0,0.0,"",""
"SKU-JAC-0031","2025-06-08",0,1,6,12,0.0,"N",0.0,0.0,0.0,"",""
"SKU-TSH-0032","2025-06-08",0,0,2,7,0.0,"N",0.0,0.0,0.0,"",""
"SKU-SHO-0033","2025-06-08",0,4,6,10,0.0,"N",0.0,0.0,0.0,"",""
"SKU-PAN-0034","2025-06-08",0,0,7,14,0.0,"N",0.0,0.0,0.0,"",""
"SKU-CRO-0035","2025-06-08",0,1,5,10,0.0,"N",0.0,0.0,0.0,"",""
"SKU-SHI-0036","2025-06-08",0,1,6,12,0.0,"N",0.0,0.0,0.0,"",""
"SKU-CRO-0037","2025-06-08",0,0,7,13,0.0,"N",0.0,0.0,0.0,"",""
"SKU-CRO-0038","2025-06-08",0,0,3,7,0.0,"N",0.0,0.0,0.0,"",""
"SKU-SHO-0039","2025-06-08",0,1,4,11,0.0,"N",0.0,0.0,0.0,"",""
"SKU-SHO-0040","2025-06-08",0,1,4,6,0.0,"N",0.0,0.0,0.0,"",""
"SKU-TSH-0041","2025-06-08",4,0,1,6,120.0,"N",0.0,0.0,0.0,"",""
"SKU-CRO-0042","2025-06-08",0,3,9,12,0.0,"N",0.0,0.0,0.0,"",""
"SKU-CRO-0043","2025-06-08",0,1,4,6,0.0,"N",56.0,677.0,49.0,"2025-07-24","2025-07-27"
"SKU-JAC-0044","2025-06-08",0,0,5,7,0.0,"N",40.0,1860.0,37.0,"2025-07-13","2025-07-15"
"SKU-SHI-0045","2025-06-08",0,1,4,5,0.0,"N",0.0,0.0,0.0,"",""
"SKU-JAC-0046","2025-06-08",0,3,5,13,0.0,"N",0.0,0.0,0.0,"",""
"SKU-PAN-0047","2025-06-08",0,0,3,8,0.0,"N",0.0,0.0,0.0,"",""
"SKU-CRO-0048","2025-06-08",0,0,7,11,0.0,"N",0.0,0.0,0.0,"",""
"SKU-TSH-0049","2025-06-08",3,0,3,5,30.0,"N",0.0,0.0,0.0,"",""
"SKU-SHO-0050","2025-06-08",2,1,5,7,12.0,"N",40.0,722.0,38.0,"2025-07-16","2025-07-16"
"SKU-SHI-0051","2025-06-08",0,0,5,7,0.0,"N",0.0,0.0,0.0,"",""
"SKU-SHI-0052","2025-06-08",0,0,3,8,0.0,"N",0.0,0.0,0.0,"",""
"SKU-JAC-0053","2025-06-08",0,0,2,5,0.0,"N",0.0,0.0,0.0,"",""
"SKU-SHI-0054","2025-06-08",0,2,2,2,0.0,"N",50.0,963.0,47.0,"2025-07-24","2025-07-25"
"SKU-JAC-0055","2025-06-08",2,0,2,8,30.0,"N",0.0,0.0,0.0,"",""
"SKU-SHI-0001","2025-06-15",0,30,203,457,0.0,"N",0.0,0.0,0.0,"",""
"SKU-PAN-0002","2025-06-15",0,19,97,204,0.0,"N",0.0,0.0,0.0,"",""
"SKU-SHI-0003","2025-06-15",0,9,50,130,0.0,"N",0.0,0.0,0.0,"",""
"SKU-TSH-0004","2025-06-15",0,6,49,93,0.0,"N",104.0,539.0,42.0,"2025-07-26","2025-07-27"
"SKU-CRO-0005","2025-06-15",0,8,37,85,0.0,"N",0.0,0.0,0.0,"",""
"SKU-SHI-0006","2025-06-15",0,5,28,71,0.0,"N",76.0,1097.0,40.0,"2025-07-25","2025-07-25"
"SKU-CRO-0007","2025-06-15",0,3,33,64,0.0,"N",0.0,0.0,0.0,"",""
"SKU-PAN-0008","2025-06-15",0,4,19,44,0.0,"N",86.0,1152.0,52.0,"2025-08-06","2025-08-06"
"SKU-PAN-0009","2025-06-15",0,3,19,40,0.0,"N",48.0,1008.0,36.0,"2025-07-16","2025-07-21"
"SKU-TSH-0010","2025-06-15",0,7,19,35,0.0,"N",78.0,782.0,32.0,"2025-07-17","2025-07-17"
"SKU-SHO-0011","2025-06-15",0,1,10,25,0.0,"N",40.0,761.0,54.0,"2025-08-03","2025-08-08"
"SKU-TSH-0012","2025-06-15",0,5,18,29,0.0,"N",0.0,0.0,0.0,"",""
"SKU-SHI-0013","2025-06-15",0,2,12,22,0.0,"N",0.0,0.0,0.0,"",""
"SKU-CRO-0014","2025-06-15",0,2,10,28,0.0,"N",0.0,0.0,0.0,"",""
"SKU-SHI-0015","2025-06-15",0,3,7,14,0.0,"N",0.0,0.0,0.0,"",""
"SKU-PAN-0016","2025-06-15",0,2,8,24,0.0,"N",40.0,970.0,56.0,"2025-08-10","2025-08-10"
"SKU-SHI-0017","2025-06-15",0,3,12,23,0.0,"N",0.0,0.0,0.0,"",""
"SKU-PAN-0018","2025-06-15",0,4,9,25,0.0,"N",40.0,1176.0,51.0,"2025-08-05","2025-08-05"
"SKU-CRO-0019","2025-06-15",0,4,6,18,0.0,"N",0.0,0.0,0.0,"",""
"SKU-PAN-0020","2025-06-15",0,2,6,21,0.0,"N",0.0,0.0,0.0,"",""
"SKU-PAN-0021","2025-06-15",0,2,13,19,0.0,"N",0.0,0.0,0.0,"",""
"SKU-PAN-0022","2025-06-15",0,2,5,12,0.0,"N",0.0,0.0,0.0,"",""
"SKU-SHO-0023","2025-06-15",0,2,5,12,0.0,"N",0.0,0.0,0.0,"",""
"SKU-SHI-0024","2025-06-15",0,1,7,14,0.0,"N",0.0,0.0,0.0,"",""
"SKU-JAC-0025","2025-06-15",0,1,5,11,0.0,"N",0.0,0.0,0.0,"",""
"SKU-PAN-0026","2025-06-15",0,0,4,11,0.0,"N",40.0,1332.0,39.0,"2025-07-24","2025-07-24"
"SKU-JAC-0027","2025-06-15",0,1,6,15,0.0,"N",0.0,0.0,0.0,"",""
"SKU-PAN-0028","2025-06-15",0,0,2,6,0.0,"N",0.0,0.0,0.0,"",""
"SKU-TSH-0029","2025-06-15",0,1,5,12,0.0,"N",0.0,0.0,0.0,"",""
"SKU-CRO-0030","2025-06-15",0,0,6,12,0.0,"N",40.0,621.0,43.0,"2025-07-23","2025-07-28"
"SKU-JAC-0031","2025-06-15",0,2,5,13,0.0,"N",0.0,0.0,0.0,"",""
"SKU-TSH-0032","2025-06-15",0,2,4,8,0.0,"N",0.0,0.0,0.0,"",""
"SKU-SHO-0033","2025-06-15",0,1,6,10,0.0,"N",0.0,0.0,0.0,"",""
"SKU-PAN-0034","2025-06-15",0,2,6,14,0.0,"N",0.0,0.0,0.0,"",""
"SKU-CRO-0035","2025-06-15",0,1,4,10,0.0,"N",0.0,0.0,0.0,"",""
"SKU-SHI-0036","2025-06-15",0,1,6,13,0.0,"N",0.0,0.0,0.0,"",""
"SKU-CRO-0037","2025-06-15",0,2,8,10,0.0,"N",44.0,657.0,53.0,"2025-08-05","2025-08-07"
"SKU-CRO-0038","2025-06-15",0,0,2,7,0.0,"N",40.0,1060.0,36.0,"2025-07-19","2025-07-21"
"SKU-SHO-0039","2025-06-15",0,2,6,9,0.0,"N",49.0,809.0,56.0,"2025-08-09","2025-08-10"
"SKU-SHO-0040","2025-06-15",0,0,4,6,0.0,"N",0.0,0.0,0.0,"",""
"SKU-TSH-0041","2025-06-15",4,0,0,6,999.0,"N",0.0,0.0,0.0,"",""
"SKU-CRO-0042","2025-06-15",0,1,9,12,0.0,"N",0.0,0.0,0.0,"",""
"SKU-CRO-0043","2025-06-15",0,1,5,7,0.0,"N",0.0,0.0,0.0,"",""
"SKU-JAC-0044","2025-06-15",0,1,4,7,0.0,"N",0.0,0.0,0.0,"",""
"SKU-SHI-0045","2025-06-15",0,1,4,6,0.0,"N",0.0,0.0,0.0,"",""
"SKU-JAC-0046","2025-06-15",0,1,5,13,0.0,"N",40.0,1896.0,46.0,"2025-07-29","2025-07-31"
"SKU-PAN-0047","2025-06-15",0,2,3,10,0.0,"N",40.0,959.0,37.0,"2025-07-17","2025-07-22"
"SKU-CRO-0048","2025-06-15",0,0,4,10,0.0,"N",0.0,0.0,0.0,"",""
"SKU-TSH-0049","2025-06-15",3,0,3,5,30.0,"N",0.0,0.0,0.0,"",""
"SKU-SHO-0050","2025-06-15",2,0,3,7,20.0,"N",0.0,0.0,0.0,"",""
"SKU-SHI-0051","2025-06-15",0,0,2,7,0.0,"N",44.0,928.0,41.0,"2025-07-21","2025-07-26"
"SKU-SHI-0052","2025-06-15",0,1,3,7,0.0,"N",0.0,0.0,0.0,"",""
"SKU-JAC-0053","2025-06-15",0,1,3,5,0.0,"N",0.0,0.0,0.0,"",""
"SKU-SHI-0054","2025-06-15",0,1,3,3,0.0,"N",0.0,0.0,0.0,"",""
"SKU-JAC-0055","2025-06-15",2,0,0,8,999.0,"N",0.0,0.0,0.0,"",""
"SKU-SHI-0001","2025-06-22",0,32,181,442,0.0,"N",304.0,705.0,28.0,"2025-07-20","2025-07-20"
"SKU-PAN-0002","2025-06-22",0,17,83,191,0.0,"N",0.0,0.0,0.0,"",""
"SKU-SHI-0003","2025-06-22",0,13,50,123,0.0,"N",0.0,0.0,0.0,"",""
"SKU-TSH-0004","2025-06-22",0,11,44,92,0.0,"N",0.0,0.0,0.0,"",""
"SKU-CRO-0005","2025-06-22",0,8,35,81,0.0,"N",70.0,846.0,33.0,"2025-07-23","2025-07-25"
"SKU-SHI-0006","2025-06-22",0,9,30,67,0.0,"N",0.0,0.0,0.0,"",""
"SKU-CRO-0007","2025-06-22",0,4,28,59,0.0,"N",0.0,0.0,0.0,"",""
"SKU-PAN-0008","2025-06-22",0,3,19,46,0.0,"N",0.0,0.0,0.0,"",""
"SKU-PAN-0009","2025-06-22",0,3,18,38,0.0,"N",0.0,0.0,0.0,"",""
"SKU-TSH-0010","2025-06-22",0,5,22,36,0.0,"N",0.0,0.0,0.0,"",""
"SKU-SHO-0011","2025-06-22",0,3,9,26,0.0,"N",0.0,0.0,0.0,"",""
"SKU-TSH-0012","2025-06-22",0,3,21,30,0.0,"N",0.0,0.0,0.0,"",""
"SKU-SHI-0013","2025-06-22",0,3,12,22,0.0,"N",40.0,1227.0,41.0,"2025-08-02","2025-08-02"
"SKU-CRO-0014","2025-06-22",0,4,10,27,0.0,"N",60.0,756.0,44.0,"2025-08-03","2025-08-05"
"SKU-SHI-0015","2025-06-22",0,1,8,13,0.0,"N",70.0,940.0,55.0,"2025-08-16","2025-08-16"
"SKU-PAN-0016","2025-06-22",0,2,8,25,0.0,"N",0.0,0.0,0.0,"",""
"SKU-SHI-0017","2025-06-22",0,4,14,23,0.0,"N",0.0,0.0,0.0,"",""
"SKU-PAN-0018","2025-06-22",0,1,9,22,0.0,"N",0.0,0.0,0.0,"",""
"SKU-CRO-0019","2025-06-22",0,2,8,16,0.0,"N",40.0,726.0,33.0,"2025-07-20","2025-07-25"
"SKU-PAN-0020","2025-06-22",0,2,5,17,0.0,"N",52.0,1163.0,42.0,"2025-08-01","2025-08-03"
"SKU-PAN-0021","2025-06-22",0,2,10,19,0.0,"N",0.0,0.0,0.0,"",""
"SKU-PAN-0022","2025-06-22",0,0,4,11,0.0,"N",0.0,0.0,0.0,"",""
"SKU-SHO-0023","2025-06-22",0,2,7,11,0.0,"N",0.0,0.0,0.0,"",""
"SKU-SHI-0024","2025-06-22",0,0,6,13,0.0,"N",0.0,0.0,0.0,"",""
"SKU-JAC-0025","2025-06-22",0,2,7,13,0.0,"N",0.0,0.0,0.0,"",""
"SKU-PAN-0026","2025-06-22",0,1,3,10,0.0,"N",0.0,0.0,0.0,"",""
"SKU-JAC-0027","2025-06-22",0,1,5,14,0.0,"N",66.0,1871.0,50.0,"2025-08-11","2025-08-11"
"SKU-PAN-0028","2025-06-22",0,1,3,6,0.0,"N",52.0,1317.0,48.0,"2025-08-09","2025-08-09"
"SKU-TSH-0029","2025-06-22",0,2,6,12,0.0,"N",51.0,701.0,53.0,"2025-08-14","2025-08-14"
"SKU-CRO-0030","2025-06-22",0,4,10,15,0.0,"N",0.0,0.0,0.0,"",""
"SKU-JAC-0031","2025-06-22",0,2,7,15,0.0,"N",40.0,1800.0,50.0,"2025-08-11","2025-08-11"
"SKU-TSH-0032","2025-06-22",0,1,5,9,0.0,"N",0.0,0.0,0.0,"",""
"SKU-SHO-0033","2025-06-22",0,1,7,10,0.0,"N",56.0,758.0,43.0,"2025-08-04","2025-08-04"
"SKU-PAN-0034","2025-06-22",0,1,5,13,0.0,"N",40.0,1051.0,34.0,"2025-07-24","2025-07-26"
"SKU-CRO-0035","2025-06-22",0,1,4,11,0.0,"N",40.0,721.0,41.0,"2025-07-28","2025-08-02"
"SKU-SHI-0036","2025-06-22",0,0,6,11,0.0,"N",42.0,998.0,49.0,"2025-08-10","2025-08-10"
"SKU-CRO-0037","2025-06-22",0,0,8,10,0.0,"N",0.0,0.0,0.0,"",""
"SKU-CRO-0038","2025-06-22",0,1,2,6,0.0,"N",0.0,0.0,0.0,"",""
"SKU-SHO-0039","2025-06-22",0,1,6,9,0.0,"N",0.0,0.0,0.0,"",""
"SKU-SHO-0040","2025-06-22",0,0,2,6,0.0,"N",0.0,0.0,0.0,"",""
"SKU-TSH-0041","2025-06-22",4,0,0,4,999.0,"N",0.0,0.0,0.0,"",""
"SKU-CRO-0042","2025-06-22",0,1,8,12,0.0,"N",40.0,653.0,44.0,"2025-08-04","2025-08-05"
"SKU-CRO-0043","2025-06-22",0,0,2,7,0.0,"N",0.0,0.0,0.0,"",""
"SKU-JAC-0044","2025-06-22",0,1,4,8,0.0,"N",0.0,0.0,0.0,"",""
"SKU-SHI-0045","2025-06-22",0,2,5,7,0.0,"N",0.0,0.0,0.0,"",""
"SKU-JAC-0046","2025-06-22",0,1,6,12,0.0,"N",0.0,0.0,0.0,"",""
"SKU-PAN-0047","2025-06-22",0,0,2,8,0.0,"N",0.0,0.0,0.0,"",""
"SKU-CRO-0048","2025-06-22",0,1,4,9,0.0,"N",0.0,0.0,0.0,"",""
"SKU-TSH-0049","2025-06-22",2,1,3,5,20.0,"N",0.0,0.0,0.0,"",""
"SKU-SHO-0050","2025-06-22",2,0,2,7,30.0,"N",0.0,0.0,0.0,"",""
"SKU-SHI-0051","2025-06-22",0,1,2,7,0.0,"N",0.0,0.0,0.0,"",""
"SKU-SHI-0052","2025-06-22",0,1,3,7,0.0,"N",48.0,1141.0,45.0,"2025-08-03","2025-08-06"
"SKU-JAC-0053","2025-06-22",0,0,3,4,0.0,"N",40.0,1660.0,56.0,"2025-08-16","2025-08-17"
"SKU-SHI-0054","2025-06-22",0,3,6,6,0.0,"N",0.0,0.0,0.0,"",""
"SKU-JAC-0055","2025-06-22",2,0,0,7,999.0,"N",0.0,0.0,0.0,"",""
"SKU-SHI-0001","2025-06-29",0,42,166,421,0.0,"N",0.0,0.0,0.0,"",""
"SKU-PAN-0002","2025-06-29",0,26,91,193,0.0,"N",168.0,982.0,58.0,"2025-08-23","2025-08-26"
"SKU-SHI-0003","2025-06-29",0,10,45,115,0.0,"N",0.0,0.0,0.0,"",""
"SKU-TSH-0004","2025-06-29",0,8,38,86,0.0,"N",0.0,0.0,0.0,"",""
"SKU-CRO-0005","2025-06-29",0,10,36,79,0.0,"N",0.0,0.0,0.0,"",""
"SKU-SHI-0006","2025-06-29",0,6,30,65,0.0,"N",0.0,0.0,0.0,"",""
"SKU-CRO-0007","2025-06-29",0,6,23,54,0.0,"N",92.0,818.0,43.0,"2025-08-09","2025-08-11"
"SKU-PAN-0008","2025-06-29",0,0,13,42,0.0,"N",0.0,0.0,0.0,"",""
"SKU-PAN-0009","2025-06-29",0,5,17,36,0.0,"N",0.0,0.0,0.0,"",""
"SKU-TSH-0010","2025-06-29",0,1,17,36,0.0,"N",0.0,0.0,0.0,"",""
"SKU-SHO-0011","2025-06-29",0,2,8,26,0.0,"N",0.0,0.0,0.0,"",""
"SKU-TSH-0012","2025-06-29",0,2,17,30,0.0,"N",54.0,715.0,56.0,"2025-08-24","2025-08-24"
"SKU-SHI-0013","2025-06-29",0,3,11,23,0.0,"N",0.0,0.0,0.0,"",""
"SKU-CRO-0014","2025-06-29",0,1,9,24,0.0,"N",0.0,0.0,0.0,"",""
"SKU-SHI-0015","2025-06-29",0,1,7,13,0.0,"N",0.0,0.0,0.0,"",""
"SKU-PAN-0016","2025-06-29",0,1,7,23,0.0,"N",0.0,0.0,0.0,"",""
"SKU-SHI-0017","2025-06-29",0,4,13,24,0.0,"N",58.0,842.0,34.0,"2025-08-02","2025-08-02"
"SKU-PAN-0018","2025-06-29",0,2,11,21,0.0,"N",0.0,0.0,0.0,"",""
"SKU-CRO-0019","2025-06-29",0,1,9,14,0.0,"N",0.0,0.0,0.0,"",""
"SKU-PAN-0020","2025-06-29",0,1,5,15,0.0,"N",0.0,0.0,0.0,"",""
"SKU-PAN-0021","2025-06-29",0,1,9,18,0.0,"N",44.0,1216.0,50.0,"2025-08-17","2025-08-18"
"SKU-PAN-0022","2025-06-29",0,1,3,11,0.0,"N",0.0,0.0,0.0,"",""
"SKU-SHO-0023","2025-06-29",0,2,6,12,0.0,"N",40.0,668.0,57.0,"2025-08-24","2025-08-25"
"SKU-SHI-0024","2025-06-29",0,2,6,13,0.0,"N",40.0,854.0,48.0,"2025-08-15","2025-08-16"
"SKU-JAC-0025","2025-06-29",0,1,7,11,0.0,"N",40.0,1639.0,54.0,"2025-08-20","2025-08-22"
"SKU-PAN-0026","2025-06-29",0,2,4,10,0.0,"N",0.0,0.0,0.0,"",""
"SKU-JAC-0027","2025-06-29",0,0,3,14,0.0,"N",0.0,0.0,0.0,"",""
"SKU-PAN-0028","2025-06-29",0,0,2,5,0.0,"N",0.0,0.0,0.0,"",""
"SKU-TSH-0029","2025-06-29",0,1,5,10,0.0,"N",0.0,0.0,0.0,"",""
"SKU-CRO-0030","2025-06-29",0,2,9,17,0.0,"N",0.0,0.0,0.0,"",""
"SKU-JAC-0031","2025-06-29",0,2,7,16,0.0,"N",0.0,0.0,0.0,"",""
"SKU-TSH-0032","2025-06-29",0,1,4,9,0.0,"N",40.0,627.0,34.0,"2025-07-28","2025-08-02"
"SKU-SHO-0033","2025-06-29",0,0,6,9,0.0,"N",0.0,0.0,0.0,"",""
"SKU-PAN-0034","2025-06-29",0,0,3,12,0.0,"N",0.0,0.0,0.0,"",""
"SKU-CRO-0035","2025-06-29",0,2,5,11,0.0,"N",0.0,0.0,0.0,"",""
"SKU-SHI-0036","2025-06-29",0,1,5,11,0.0,"N",0.0,0.0,0.0,"",""
"SKU-CRO-0037","2025-06-29",0,1,6,10,0.0,"N",0.0,0.0,0.0,"",""
"SKU-CRO-0038","2025-06-29",0,0,2,5,0.0,"N",0.0,0.0,0.0,"",""
"SKU-SHO-0039","2025-06-29",0,1,5,10,0.0,"N",0.0,0.0,0.0,"",""
"SKU-SHO-0040","2025-06-29",0,2,3,7,0.0,"N",46.0,711.0,38.0,"2025-08-06","2025-08-06"
"SKU-TSH-0041","2025-06-29",4,0,0,4,999.0,"N",0.0,0.0,0.0,"",""
"SKU-CRO-0042","2025-06-29",0,0,6,12,0.0,"N",0.0,0.0,0.0,"",""
"SKU-CRO-0043","2025-06-29",0,0,2,5,0.0,"N",0.0,0.0,0.0,"",""
"SKU-JAC-0044","2025-06-29",0,0,2,8,0.0,"N",0.0,0.0,0.0,"",""
"SKU-SHI-0045","2025-06-29",0,2,6,9,0.0,"N",43.0,896.0,46.0,"2025-08-14","2025-08-14"
"SKU-JAC-0046","2025-06-29",0,0,5,11,0.0,"N",0.0,0.0,0.0,"",""
"SKU-PAN-0047","2025-06-29",0,0,2,6,0.0,"N",0.0,0.0,0.0,"",""
"SKU-CRO-0048","2025-06-29",0,0,1,9,0.0,"N",40.0,736.0,33.0,"2025-07-29","2025-08-01"
"SKU-TSH-0049","2025-06-29",2,0,1,4,60.0,"N",0.0,0.0,0.0,"",""
"SKU-SHO-0050","2025-06-29",2,0,2,5,30.0,"N",0.0,0.0,0.0,"",""
"SKU-SHI-0051","2025-06-29",0,2,3,9,0.0,"N",0.0,0.0,0.0,"",""
"SKU-SHI-0052","2025-06-29",0,0,2,6,0.0,"N",0.0,0.0,0.0,"",""
"SKU-JAC-0053","2025-06-29",0,1,2,5,0.0,"N",0.0,0.0,0.0,"",""
"SKU-SHI-0054","2025-06-29",0,2,8,8,0.0,"N",0.0,0.0,0.0,"",""
"SKU-JAC-0055","2025-06-29",1,1,1,5,30.0,"N",0.0,0.0,0.0,"",""
"SKU-SHI-0001","2025-07-06",0,40,161,391,0.0,"N",0.0,0.0,0.0,"",""
"SKU-PAN-0002","2025-07-06",0,25,93,191,0.0,"N",0.0,0.0,0.0,"",""
"SKU-SHI-0003","2025-07-06",0,8,44,107,0.0,"N",105.0,1004.0,36.0,"2025-08-08","2025-08-11"
"SKU-TSH-0004","2025-07-06",0,9,36,88,0.0,"N",0.0,0.0,0.0,"",""
"SKU-CRO-0005","2025-07-06",0,8,34,75,0.0,"N",0.0,0.0,0.0,"",""
"SKU-SHI-0006","2025-07-06",0,4,26,55,0.0,"N",0.0,0.0,0.0,"",""
"SKU-CRO-0007","2025-07-06",0,3,19,52,0.0,"N",0.0,0.0,0.0,"",""
"SKU-PAN-0008","2025-07-06",0,4,12,37,0.0,"N",0.0,0.0,0.0,"",""
"SKU-PAN-0009","2025-07-06",0,10,23,42,0.0,"N",0.0,0.0,0.0,"",""
"SKU-TSH-0010","2025-07-06",0,6,20,36,0.0,"N",0.0,0.0,0.0,"",""
"SKU-SHO-0011","2025-07-06",0,3,10,25,0.0,"N",0.0,0.0,0.0,"",""
"SKU-TSH-0012","2025-07-06",0,3,16,29,0.0,"N",0.0,0.0,0.0,"",""
"SKU-SHI-0013","2025-07-06",0,2,12,23,0.0,"N",0.0,0.0,0.0,"",""
"SKU-CRO-0014","2025-07-06",0,4,11,24,0.0,"N",0.0,0.0,0.0,"",""
"SKU-SHI-0015","2025-07-06",0,1,6,11,0.0,"N",0.0,0.0,0.0,"",""
"SKU-PAN-0016","2025-07-06",0,1,6,15,0.0,"N",0.0,0.0,0.0,"",""
"SKU-SHI-0017","2025-07-06",0,2,14,23,0.0,"N",0.0,0.0,0.0,"",""
"SKU-PAN-0018","2025-07-06",0,1,10,17,0.0,"N",0.0,0.0,0.0,"",""
"SKU-CRO-0019","2025-07-06",0,2,9,14,0.0,"N",0.0,0.0,0.0,"",""
"SKU-PAN-0020","2025-07-06",0,1,6,13,0.0,"N",0.0,0.0,0.0,"",""
"SKU-PAN-0021","2025-07-06",0,2,7,19,0.0,"N",0.0,0.0,0.0,"",""
"SKU-PAN-0022","2025-07-06",0,1,4,10,0.0,"N",40.0,1076.0,47.0,"2025-08-20","2025-08-22"
"SKU-SHO-0023","2025-07-06",0,0,6,10,0.0,"N",0.0,0.0,0.0,"",""
"SKU-SHI-0024","2025-07-06",0,4,8,15,0.0,"N",0.0,0.0,0.0,"",""
"SKU-JAC-0025","2025-07-06",0,1,6,12,0.0,"N",0.0,0.0,0.0,"",""
"SKU-PAN-0026","2025-07-06",0,3,6,10,0.0,"N",0.0,0.0,0.0,"",""
"SKU-JAC-0027","2025-07-06",0,1,4,13,0.0,"N",0.0,0.0,0.0,"",""
"SKU-PAN-0028","2025-07-06",0,1,2,6,0.0,"N",0.0,0.0,0.0,"",""
"SKU-TSH-0029","2025-07-06",0,1,6,10,0.0,"N",0.0,0.0,0.0,"",""
"SKU-CRO-0030","2025-07-06",0,1,7,16,0.0,"N",0.0,0.0,0.0,"",""
"SKU-JAC-0031","2025-07-06",0,1,7,13,0.0,"N",0.0,0.0,0.0,"",""
"SKU-TSH-0032","2025-07-06",0,4,8,11,0.0,"N",0.0,0.0,0.0,"",""
"SKU-SHO-0033","2025-07-06",0,1,3,9,0.0,"N",0.0,0.0,0.0,"",""
"SKU-PAN-0034","2025-07-06",0,2,5,12,0.0,"N",0.0,0.0,0.0,"",""
"SKU-CRO-0035","2025-07-06",0,1,5,10,0.0,"N",0.0,0.0,0.0,"",""
"SKU-SHI-0036","2025-07-06",0,1,3,9,0.0,"N",0.0,0.0,0.0,"",""
"SKU-CRO-0037","2025-07-06",0,1,4,11,0.0,"N",0.0,0.0,0.0,"",""
"SKU-CRO-0038","2025-07-06",0,0,1,4,0.0,"N",0.0,0.0,0.0,"",""
"SKU-SHO-0039","2025-07-06",0,0,4,8,0.0,"N",0.0,0.0,0.0,"",""
"SKU-SHO-0040","2025-07-06",0,1,3,7,0.0,"N",0.0,0.0,0.0,"",""
"SKU-TSH-0041","2025-07-06",4,0,0,3,999.0,"N",0.0,0.0,0.0,"",""
"SKU-CRO-0042","2025-07-06",0,1,4,12,0.0,"N",0.0,0.0,0.0,"",""
"SKU-CRO-0043","2025-07-06",0,0,1,5,0.0,"N",52.0,677.0,45.0,"2025-08-19","2025-08-20"
"SKU-JAC-0044","2025-07-06",0,0,2,7,0.0,"N",56.0,1860.0,38.0,"2025-08-10","2025-08-13"
"SKU-SHI-0045","2025-07-06",0,1,6,10,0.0,"N",0.0,0.0,0.0,"",""
"SKU-JAC-0046","2025-07-06",0,1,5,8,0.0,"N",0.0,0.0,0.0,"",""
"SKU-PAN-0047","2025-07-06",0,0,2,5,0.0,"N",0.0,0.0,0.0,"",""
"SKU-CRO-0048","2025-07-06",0,1,2,9,0.0,"N",0.0,0.0,0.0,"",""
"SKU-TSH-0049","2025-07-06",1,1,2,5,15.0,"N",48.0,559.0,39.0,"2025-08-14","2025-08-14"
"SKU-SHO-0050","2025-07-06",0,3,4,8,0.0,"N",48.0,722.0,33.0,"2025-08-05","2025-08-08"
"SKU-SHI-0051","2025-07-06",0,1,4,9,0.0,"N",0.0,0.0,0.0,"",""
"SKU-SHI-0052","2025-07-06",0,0,2,5,0.0,"N",0.0,0.0,0.0,"",""
"SKU-JAC-0053","2025-07-06",0,0,2,4,0.0,"N",0.0,0.0,0.0,"",""
"SKU-SHI-0054","2025-07-06",0,1,8,9,0.0,"N",40.0,963.0,48.0,"2025-08-22","2025-08-23"
"SKU-JAC-0055","2025-07-06",1,0,1,3,30.0,"N",0.0,0.0,0.0,"",""
"SKU-SHI-0001","2025-07-13",0,45,166,371,0.0,"N",0.0,0.0,0.0,"",""
"SKU-PAN-0002","2025-07-13",0,19,91,186,0.0,"N",0.0,0.0,0.0,"",""
"SKU-SHI-0003","2025-07-13",0,15,48,99,0.0,"N",0.0,0.0,0.0,"",""
"SKU-TSH-0004","2025-07-13",0,14,44,94,0.0,"N",124.0,539.0,53.0,"2025-09-04","2025-09-04"
"SKU-CRO-0005","2025-07-13",0,10,38,76,0.0,"N",0.0,0.0,0.0,"",""
"SKU-SHI-0006","2025-07-13",0,5,26,54,0.0,"N",69.0,1097.0,42.0,"2025-08-22","2025-08-24"
"SKU-CRO-0007","2025-07-13",0,6,19,55,0.0,"N",0.0,0.0,0.0,"",""
"SKU-PAN-0008","2025-07-13",0,5,14,34,0.0,"N",43.0,1152.0,38.0,"2025-08-20","2025-08-20"
"SKU-PAN-0009","2025-07-13",0,5,24,43,0.0,"N",60.0,1008.0,39.0,"2025-08-18","2025-08-21"
"SKU-TSH-0010","2025-07-13",0,3,19,34,0.0,"N",54.0,782.0,33.0,"2025-08-12","2025-08-15"
"SKU-SHO-0011","2025-07-13",0,3,12,22,0.0,"N",75.0,761.0,60.0,"2025-09-06","2025-09-11"
"SKU-TSH-0012","2025-07-13",0,2,10,29,0.0,"N",0.0,0.0,0.0,"",""
"SKU-SHI-0013","2025-07-13",0,3,12,23,0.0,"N",0.0,0.0,0.0,"",""
"SKU-CRO-0014","2025-07-13",0,2,11,22,0.0,"N",0.0,0.0,0.0,"",""
"SKU-SHI-0015","2025-07-13",0,4,9,15,0.0,"N",0.0,0.0,0.0,"",""
"SKU-PAN-0016","2025-07-13",0,5,11,18,0.0,"N",68.0,970.0,50.0,"2025-08-29","2025-09-01"
"SKU-SHI-0017","2025-07-13",0,1,11,24,0.0,"N",0.0,0.0,0.0,"",""
"SKU-PAN-0018","2025-07-13",0,2,7,17,0.0,"N",58.0,1176.0,41.0,"2025-08-22","2025-08-23"
"SKU-CRO-0019","2025-07-13",0,2,9,14,0.0,"N",0.0,0.0,0.0,"",""
"SKU-PAN-0020","2025-07-13",0,1,5,11,0.0,"N",0.0,0.0,0.0,"",""
"SKU-PAN-0021","2025-07-13",0,0,5,19,0.0,"N",0.0,0.0,0.0,"",""
"SKU-PAN-0022","2025-07-13",0,0,3,8,0.0,"N",0.0,0.0,0.0,"",""
"SKU-SHO-0023","2025-07-13",0,2,7,11,0.0,"N",0.0,0.0,0.0,"",""
"SKU-SHI-0024","2025-07-13",0,3,10,17,0.0,"N",0.0,0.0,0.0,"",""
"SKU-JAC-0025","2025-07-13",0,0,4,9,0.0,"N",0.0,0.0,0.0,"",""
"SKU-PAN-0026","2025-07-13",0,0,6,10,0.0,"N",49.0,1332.0,43.0,"2025-08-25","2025-08-25"
"SKU-JAC-0027","2025-07-13",0,2,4,12,0.0,"N",0.0,0.0,0.0,"",""
"SKU-PAN-0028","2025-07-13",0,2,4,6,0.0,"N",0.0,0.0,0.0,"",""
"SKU-TSH-0029","2025-07-13",0,0,4,9,0.0,"N",0.0,0.0,0.0,"",""
"SKU-CRO-0030","2025-07-13",0,1,8,14,0.0,"N",54.0,621.0,43.0,"2025-08-20","2025-08-25"
"SKU-JAC-0031","2025-07-13",0,1,6,12,0.0,"N",0.0,0.0,0.0,"",""
"SKU-TSH-0032","2025-07-13",0,0,6,10,0.0,"N",0.0,0.0,0.0,"",""
"SKU-SHO-0033","2025-07-13",0,2,5,11,0.0,"N",0.0,0.0,0.0,"",""
"SKU-PAN-0034","2025-07-13",0,2,6,11,0.0,"N",0.0,0.0,0.0,"",""
"SKU-CRO-0035","2025-07-13",0,2,7,11,0.0,"N",0.0,0.0,0.0,"",""
"SKU-SHI-0036","2025-07-13",0,1,3,9,0.0,"N",0.0,0.0,0.0,"",""
"SKU-CRO-0037","2025-07-13",0,0,3,10,0.0,"N",50.0,657.0,44.0,"2025-08-26","2025-08-26"
"SKU-CRO-0038","2025-07-13",0,2,3,6,0.0,"N",40.0,1060.0,33.0,"2025-08-10","2025-08-15"
"SKU-SHO-0039","2025-07-13",0,0,3,8,0.0,"N",48.0,809.0,37.0,"2025-08-16","2025-08-19"
"SKU-SHO-0040","2025-07-13",0,0,3,7,0.0,"N",0.0,0.0,0.0,"",""
"SKU-TSH-0041","2025-07-13",4,0,0,1,999.0,"N",0.0,0.0,0.0,"",""
"SKU-CRO-0042","2025-07-13",0,2,5,13,0.0,"N",0.0,0.0,0.0,"",""
"SKU-CRO-0043","2025-07-13",0,0,0,5,999.0,"N",0.0,0.0,0.0,"",""
"SKU-JAC-0044","2025-07-13",0,0,1,5,0.0,"N",0.0,0.0,0.0,"",""
"SKU-SHI-0045","2025-07-13",0,1,7,11,0.0,"N",0.0,0.0,0.0,"",""
"SKU-JAC-0046","2025-07-13",0,1,3,9,0.0,"N",60.0,1896.0,49.0,"2025-08-31","2025-08-31"
"SKU-PAN-0047","2025-07-13",0,1,1,5,0.0,"N",62.0,959.0,53.0,"2025-09-04","2025-09-04"
"SKU-CRO-0048","2025-07-13",0,0,2,7,0.0,"N",0.0,0.0,0.0,"",""
"SKU-TSH-0049","2025-07-13",1,0,2,5,15.0,"N",0.0,0.0,0.0,"",""
"SKU-SHO-0050","2025-07-13",0,2,5,9,0.0,"N",0.0,0.0,0.0,"",""
"SKU-SHI-0051","2025-07-13",0,1,5,9,0.0,"N",44.0,928.0,30.0,"2025-08-10","2025-08-12"
"SKU-SHI-0052","2025-07-13",0,1,2,5,0.0,"N",0.0,0.0,0.0,"",""
"SKU-JAC-0053","2025-07-13",0,1,2,5,0.0,"N",0.0,0.0,0.0,"",""
"SKU-SHI-0054","2025-07-13",0,0,7,9,0.0,"N",0.0,0.0,0.0,"",""
"SKU-JAC-0055","2025-07-13",0,1,2,2,0.0,"N",40.0,1669.0,53.0,"2025-09-02","2025-09-04"
"SKU-SHI-0001","2025-07-20",0,36,171,362,0.0,"N",296.0,705.0,47.0,"2025-09-05","2025-09-05"
"SKU-PAN-0002","2025-07-20",0,21,97,184,0.0,"N",0.0,0.0,0.0,"",""
"SKU-SHI-0003","2025-07-20",0,14,49,101,0.0,"N",0.0,0.0,0.0,"",""
"SKU-TSH-0004","2025-07-20",0,6,42,84,0.0,"N",0.0,0.0,0.0,"",""
"SKU-CRO-0005","2025-07-20",0,8,39,73,0.0,"N",78.0,846.0,33.0,"2025-08-22","2025-08-22"
"SKU-SHI-0006","2025-07-20",0,6,24,54,0.0,"N",0.0,0.0,0.0,"",""
"SKU-CRO-0007","2025-07-20",0,3,20,50,0.0,"N",0.0,0.0,0.0,"",""
"SKU-PAN-0008","2025-07-20",0,4,14,32,0.0,"N",0.0,0.0,0.0,"",""
"SKU-PAN-0009","2025-07-20",0,3,25,41,0.0,"N",0.0,0.0,0.0,"",""
"SKU-TSH-0010","2025-07-20",0,5,17,37,0.0,"N",0.0,0.0,0.0,"",""
"SKU-SHO-0011","2025-07-20",0,0,9,18,0.0,"N",0.0,0.0,0.0,"",""
"SKU-TSH-0012","2025-07-20",0,1,8,29,0.0,"N",0.0,0.0,0.0,"",""
"SKU-SHI-0013","2025-07-20",0,4,14,25,0.0,"N",77.0,1227.0,52.0,"2025-09-10","2025-09-10"
"SKU-CRO-0014","2025-07-20",0,4,12,23,0.0,"N",76.0,756.0,61.0,"2025-09-14","2025-09-19"
"SKU-SHI-0015","2025-07-20",0,0,6,14,0.0,"N",45.0,940.0,34.0,"2025-08-21","2025-08-23"
"SKU-PAN-0016","2025-07-20",0,4,11,20,0.0,"N",0.0,0.0,0.0,"",""
"SKU-SHI-0017","2025-07-20",0,1,8,24,0.0,"N",0.0,0.0,0.0,"",""
"SKU-PAN-0018","2025-07-20",0,0,5,14,0.0,"N",0.0,0.0,0.0,"",""
"SKU-CRO-0019","2025-07-20",0,0,6,13,0.0,"N",40.0,726.0,46.0,"2025-09-04","2025-09-04"
"SKU-PAN-0020","2025-07-20",0,1,5,9,0.0,"N",44.0,1163.0,40.0,"2025-08-27","2025-08-29"
"SKU-PAN-0021","2025-07-20",0,2,5,16,0.0,"N",0.0,0.0,0.0,"",""
"SKU-PAN-0022","2025-07-20",0,1,3,8,0.0,"N",0.0,0.0,0.0,"",""
"SKU-SHO-0023","2025-07-20",0,1,5,12,0.0,"N",0.0,0.0,0.0,"",""
"SKU-SHI-0024","2025-07-20",0,2,11,17,0.0,"N",0.0,0.0,0.0,"",""
"SKU-JAC-0025","2025-07-20",0,0,2,9,0.0,"N",0.0,0.0,0.0,"",""
"SKU-PAN-0026","2025-07-20",0,0,6,9,0.0,"N",0.0,0.0,0.0,"",""
"SKU-JAC-0027","2025-07-20",0,2,5,11,0.0,"N",48.0,1871.0,48.0,"2025-09-06","2025-09-06"
"SKU-PAN-0028","2025-07-20",0,0,3,6,0.0,"N",54.0,1317.0,48.0,"2025-09-03","2025-09-06"
"SKU-TSH-0029","2025-07-20",0,0,3,8,0.0,"N",40.0,701.0,40.0,"2025-08-27","2025-08-29"
"SKU-CRO-0030","2025-07-20",0,0,6,14,0.0,"N",0.0,0.0,0.0,"",""
"SKU-JAC-0031","2025-07-20",0,1,5,12,0.0,"N",46.0,1800.0,30.0,"2025-08-19","2025-08-19"
"SKU-TSH-0032","2025-07-20",0,2,7,12,0.0,"N",0.0,0.0,0.0,"",""
"SKU-SHO-0033","2025-07-20",0,1,5,11,0.0,"N",60.0,758.0,33.0,"2025-08-22","2025-08-22"
"SKU-PAN-0034","2025-07-20",0,0,4,10,0.0,"N",47.0,1051.0,34.0,"2025-08-23","2025-08-23"
"SKU-CRO-0035","2025-07-20",0,1,7,11,0.0,"N",40.0,721.0,34.0,"2025-08-21","2025-08-23"
"SKU-SHI-0036","2025-07-20",0,0,3,9,0.0,"N",40.0,998.0,30.0,"2025-08-19","2025-08-19"
"SKU-CRO-0037","2025-07-20",0,1,3,11,0.0,"N",0.0,0.0,0.0,"",""
"SKU-CRO-0038","2025-07-20",0,0,3,4,0.0,"N",0.0,0.0,0.0,"",""
"SKU-SHO-0039","2025-07-20",0,2,4,9,0.0,"N",0.0,0.0,0.0,"",""
"SKU-SHO-0040","2025-07-20",0,0,3,6,0.0,"N",0.0,0.0,0.0,"",""
"SKU-TSH-0041","2025-07-20",4,0,0,0,999.0,"N",0.0,0.0,0.0,"",""
"SKU-CRO-0042","2025-07-20",0,2,6,13,0.0,"N",40.0,653.0,36.0,"2025-08-25","2025-08-25"
"SKU-CRO-0043","2025-07-20",0,0,0,2,999.0,"N",0.0,0.0,0.0,"",""
"SKU-JAC-0044","2025-07-20",0,0,1,4,0.0,"N",0.0,0.0,0.0,"",""
"SKU-SHI-0045","2025-07-20",0,2,6,11,0.0,"N",0.0,0.0,0.0,"",""
"SKU-JAC-0046","2025-07-20",0,0,3,8,0.0,"N",0.0,0.0,0.0,"",""
"SKU-PAN-0047","2025-07-20",0,0,1,3,0.0,"N",0.0,0.0,0.0,"",""
"SKU-CRO-0048","2025-07-20",0,0,1,5,0.0,"N",0.0,0.0,0.0,"",""
"SKU-TSH-0049","2025-07-20",0,1,2,6,0.0,"N",0.0,0.0,0.0,"",""
"SKU-SHO-0050","2025-07-20",0,0,5,7,0.0,"N",0.0,0.0,0.0,"",""
"SKU-SHI-0051","2025-07-20",0,0,4,6,0.0,"N",0.0,0.0,0.0,"",""
"SKU-SHI-0052","2025-07-20",0,1,2,6,0.0,"N",45.0,1141.0,33.0,"2025-08-17","2025-08-22"
"SKU-JAC-0053","2025-07-20",0,0,2,5,0.0,"N",41.0,1660.0,46.0,"2025-09-02","2025-09-04"
"SKU-SHI-0054","2025-07-20",0,3,7,12,0.0,"N",0.0,0.0,0.0,"",""
"SKU-JAC-0055","2025-07-20",0,1,3,3,0.0,"N",0.0,0.0,0.0,"",""
"SKU-SHI-0001","2025-07-27",0,59,193,360,0.0,"N",0.0,0.0,0.0,"",""
"SKU-PAN-0002","2025-07-27",0,21,97,181,0.0,"N",188.0,982.0,37.0,"2025-09-01","2025-09-02"
"SKU-SHI-0003","2025-07-27",0,10,51,96,0.0,"N",0.0,0.0,0.0,"",""
"SKU-TSH-0004","2025-07-27",0,9,41,79,0.0,"N",0.0,0.0,0.0,"",""
"SKU-CRO-0005","2025-07-27",0,7,35,72,0.0,"N",0.0,0.0,0.0,"",""
"SKU-SHI-0006","2025-07-27",0,9,27,55,0.0,"N",0.0,0.0,0.0,"",""
"SKU-CRO-0007","2025-07-27",0,9,21,45,0.0,"N",70.0,818.0,56.0,"2025-09-21","2025-09-21"
"SKU-PAN-0008","2025-07-27",0,7,20,34,0.0,"N",0.0,0.0,0.0,"",""
"SKU-PAN-0009","2025-07-27",0,6,26,41,0.0,"N",0.0,0.0,0.0,"",""
"SKU-TSH-0010","2025-07-27",0,5,19,38,0.0,"N",0.0,0.0,0.0,"",""
"SKU-SHO-0011","2025-07-27",0,2,9,16,0.0,"N",0.0,0.0,0.0,"",""
"SKU-TSH-0012","2025-07-27",0,3,9,28,0.0,"N",50.0,715.0,43.0,"2025-09-03","2025-09-08"
"SKU-SHI-0013","2025-07-27",0,3,12,26,0.0,"N",0.0,0.0,0.0,"",""
"SKU-CRO-0014","2025-07-27",0,1,11,20,0.0,"N",0.0,0.0,0.0,"",""
"SKU-SHI-0015","2025-07-27",0,3,8,15,0.0,"N",0.0,0.0,0.0,"",""
"SKU-PAN-0016","2025-07-27",0,3,13,22,0.0,"N",0.0,0.0,0.0,"",""
"SKU-SHI-0017","2025-07-27",0,4,10,23,0.0,"N",40.0,842.0,56.0,"2025-09-20","2025-09-21"
"SKU-PAN-0018","2025-07-27",0,2,6,16,0.0,"N",0.0,0.0,0.0,"",""
"SKU-CRO-0019","2025-07-27",0,1,6,14,0.0,"N",0.0,0.0,0.0,"",""
"SKU-PAN-0020","2025-07-27",0,1,4,10,0.0,"N",0.0,0.0,0.0,"",""
"SKU-PAN-0021","2025-07-27",0,4,8,17,0.0,"N",55.0,1216.0,44.0,"2025-09-08","2025-09-09"
"SKU-PAN-0022","2025-07-27",0,1,4,7,0.0,"N",0.0,0.0,0.0,"",""
"SKU-SHO-0023","2025-07-27",0,0,4,12,0.0,"N",40.0,668.0,34.0,"2025-08-29","2025-08-30"
"SKU-SHI-0024","2025-07-27",0,1,11,16,0.0,"N",64.0,854.0,40.0,"2025-08-31","2025-09-05"
"SKU-JAC-0025","2025-07-27",0,0,2,8,0.0,"N",40.0,1639.0,28.0,"2025-08-24","2025-08-24"
"SKU-PAN-0026","2025-07-27",0,2,5,9,0.0,"N",0.0,0.0,0.0,"",""
"SKU-JAC-0027","2025-07-27",0,0,5,9,0.0,"N",0.0,0.0,0.0,"",""
"SKU-PAN-0028","2025-07-27",0,1,4,6,0.0,"N",0.0,0.0,0.0,"",""
"SKU-TSH-0029","2025-07-27",0,4,6,10,0.0,"N",0.0,0.0,0.0,"",""
"SKU-CRO-0030","2025-07-27",0,3,5,17,0.0,"N",0.0,0.0,0.0,"",""
"SKU-JAC-0031","2025-07-27",0,0,4,11,0.0,"N",0.0,0.0,0.0,"",""
"SKU-TSH-0032","2025-07-27",0,0,6,10,0.0,"N",50.0,627.0,52.0,"2025-09-16","2025-09-17"
"SKU-SHO-0033","2025-07-27",0,0,4,10,0.0,"N",0.0,0.0,0.0,"",""
"SKU-PAN-0034","2025-07-27",0,1,5,8,0.0,"N",0.0,0.0,0.0,"",""
"SKU-CRO-0035","2025-07-27",0,1,5,10,0.0,"N",0.0,0.0,0.0,"",""
"SKU-SHI-0036","2025-07-27",0,1,3,8,0.0,"N",0.0,0.0,0.0,"",""
"SKU-CRO-0037","2025-07-27",0,0,3,9,0.0,"N",0.0,0.0,0.0,"",""
"SKU-CRO-0038","2025-07-27",0,1,3,5,0.0,"N",0.0,0.0,0.0,"",""
"SKU-SHO-0039","2025-07-27",0,0,2,7,0.0,"N",0.0,0.0,0.0,"",""
"SKU-SHO-0040","2025-07-27",0,0,2,4,0.0,"N",40.0,711.0,53.0,"2025-09-17","2025-09-18"
"SKU-TSH-0041","2025-07-27",4,0,0,0,999.0,"N",0.0,0.0,0.0,"",""
"SKU-CRO-0042","2025-07-27",0,1,6,13,0.0,"N",0.0,0.0,0.0,"",""
"SKU-CRO-0043","2025-07-27",0,1,1,3,0.0,"N",0.0,0.0,0.0,"",""
"SKU-JAC-0044","2025-07-27",0,2,2,5,0.0,"N",0.0,0.0,0.0,"",""
"SKU-SHI-0045","2025-07-27",0,0,4,10,0.0,"N",42.0,896.0,44.0,"2025-09-09","2025-09-09"
"SKU-JAC-0046","2025-07-27",0,1,3,9,0.0,"N",0.0,0.0,0.0,"",""
"SKU-PAN-0047","2025-07-27",0,1,2,4,0.0,"N",0.0,0.0,0.0,"",""
"SKU-CRO-0048","2025-07-27",0,0,1,2,0.0,"N",40.0,736.0,43.0,"2025-09-03","2025-09-08"
"SKU-TSH-0049","2025-07-27",0,0,2,3,0.0,"N",0.0,0.0,0.0,"",""
"SKU-SHO-0050","2025-07-27",0,0,5,7,0.0,"N",0.0,0.0,0.0,"",""
"SKU-SHI-0051","2025-07-27",0,1,4,6,0.0,"N",0.0,0.0,0.0,"",""
"SKU-SHI-0052","2025-07-27",0,1,3,5,0.0,"N",0.0,0.0,0.0,"",""
"SKU-JAC-0053","2025-07-27",0,0,1,3,0.0,"N",0.0,0.0,0.0,"",""
"SKU-SHI-0054","2025-07-27",0,0,4,12,0.0,"N",0.0,0.0,0.0,"",""
"SKU-JAC-0055","2025-07-27",0,0,2,3,0.0,"N",0.0,0.0,0.0,"",""
"SKU-SHI-0001","2025-08-03",0,54,204,371,0.0,"N",0.0,0.0,0.0,"",""
"SKU-PAN-0002","2025-08-03",0,17,87,176,0.0,"N",0.0,0.0,0.0,"",""
"SKU-SHI-0003","2025-08-03",0,22,64,106,0.0,"N",147.0,1004.0,31.0,"2025-09-03","2025-09-03"
"SKU-TSH-0004","2025-08-03",0,13,46,80,0.0,"N",0.0,0.0,0.0,"",""
"SKU-CRO-0005","2025-08-03",0,11,38,74,0.0,"N",0.0,0.0,0.0,"",""
"SKU-SHI-0006","2025-08-03",0,6,28,53,0.0,"N",0.0,0.0,0.0,"",""
"SKU-CRO-0007","2025-08-03",0,4,24,44,0.0,"N",0.0,0.0,0.0,"",""
"SKU-PAN-0008","2025-08-03",0,10,27,38,0.0,"N",0.0,0.0,0.0,"",""
"SKU-PAN-0009","2025-08-03",0,9,28,47,0.0,"N",0.0,0.0,0.0,"",""
"SKU-TSH-0010","2025-08-03",0,3,17,37,0.0,"N",0.0,0.0,0.0,"",""
"SKU-SHO-0011","2025-08-03",0,9,15,24,0.0,"N",0.0,0.0,0.0,"",""
"SKU-TSH-0012","2025-08-03",0,3,10,27,0.0,"N",0.0,0.0,0.0,"",""
"SKU-SHI-0013","2025-08-03",0,5,15,27,0.0,"N",0.0,0.0,0.0,"",""
"SKU-CRO-0014","2025-08-03",0,6,15,25,0.0,"N",0.0,0.0,0.0,"",""
"SKU-SHI-0015","2025-08-03",0,3,11,17,0.0,"N",0.0,0.0,0.0,"",""
"SKU-PAN-0016","2025-08-03",0,2,14,20,0.0,"N",0.0,0.0,0.0,"",""
"SKU-SHI-0017","2025-08-03",0,0,6,20,0.0,"N",0.0,0.0,0.0,"",""
"SKU-PAN-0018","2025-08-03",0,4,8,18,0.0,"N",0.0,0.0,0.0,"",""
"SKU-CRO-0019","2025-08-03",0,2,6,15,0.0,"N",0.0,0.0,0.0,"",""
"SKU-PAN-0020","2025-08-03",0,3,7,12,0.0,"N",0.0,0.0,0.0,"",""
"SKU-PAN-0021","2025-08-03",0,2,9,16,0.0,"N",0.0,0.0,0.0,"",""
"SKU-PAN-0022","2025-08-03",0,3,6,9,0.0,"N",40.0,1076.0,35.0,"2025-09-02","2025-09-07"
"SKU-SHO-0023","2025-08-03",0,2,5,11,0.0,"N",0.0,0.0,0.0,"",""
"SKU-SHI-0024","2025-08-03",0,0,8,14,0.0,"N",0.0,0.0,0.0,"",""
"SKU-JAC-0025","2025-08-03",0,0,0,7,999.0,"N",0.0,0.0,0.0,"",""
"SKU-PAN-0026","2025-08-03",0,0,2,8,0.0,"N",0.0,0.0,0.0,"",""
"SKU-JAC-0027","2025-08-03",0,0,4,8,0.0,"N",0.0,0.0,0.0,"",""
"SKU-PAN-0028","2025-08-03",0,3,6,8,0.0,"N",0.0,0.0,0.0,"",""
"SKU-TSH-0029","2025-08-03",0,0,4,10,0.0,"N",0.0,0.0,0.0,"",""
"SKU-CRO-0030","2025-08-03",0,1,5,14,0.0,"N",0.0,0.0,0.0,"",""
"SKU-JAC-0031","2025-08-03",0,0,3,9,0.0,"N",0.0,0.0,0.0,"",""
"SKU-TSH-0032","2025-08-03",0,0,3,10,0.0,"N",0.0,0.0,0.0,"",""
"SKU-SHO-0033","2025-08-03",0,4,7,13,0.0,"N",0.0,0.0,0.0,"",""
"SKU-PAN-0034","2025-08-03",0,0,4,8,0.0,"N",0.0,0.0,0.0,"",""
"SKU-CRO-0035","2025-08-03",0,0,5,10,0.0,"N",0.0,0.0,0.0,"",""
"SKU-SHI-0036","2025-08-03",0,2,4,7,0.0,"N",0.0,0.0,0.0,"",""
"SKU-CRO-0037","2025-08-03",0,1,2,6,0.0,"N",0.0,0.0,0.0,"",""
"SKU-CRO-0038","2025-08-03",0,2,5,6,0.0,"N",0.0,0.0,0.0,"",""
"SKU-SHO-0039","2025-08-03",0,0,2,6,0.0,"N",0.0,0.0,0.0,"",""
"SKU-SHO-0040","2025-08-03",0,3,4,6,0.0,"N",0.0,0.0,0.0,"",""
"SKU-TSH-0041","2025-08-03",4,0,0,0,999.0,"N",0.0,0.0,0.0,"",""
"SKU-CRO-0042","2025-08-03",0,1,6,12,0.0,"N",0.0,0.0,0.0,"",""
"SKU-CRO-0043","2025-08-03",0,1,2,3,0.0,"N",54.0,677.0,53.0,"2025-09-25","2025-09-25"
"SKU-JAC-0044","2025-08-03",0,1,3,5,0.0,"N",40.0,1860.0,45.0,"2025-09-17","2025-09-17"
"SKU-SHI-0045","2025-08-03",0,0,3,9,0.0,"N",0.0,0.0,0.0,"",""
"SKU-JAC-0046","2025-08-03",0,0,2,7,0.0,"N",0.0,0.0,0.0,"",""
"SKU-PAN-0047","2025-08-03",0,2,4,6,0.0,"N",0.0,0.0,0.0,"",""
"SKU-CRO-0048","2025-08-03",0,0,0,2,999.0,"N",0.0,0.0,0.0,"",""
"SKU-TSH-0049","2025-08-03",0,0,1,3,0.0,"N",44.0,559.0,34.0,"2025-09-01","2025-09-06"
"SKU-SHO-0050","2025-08-03",0,1,5,7,0.0,"N",40.0,722.0,39.0,"2025-09-09","2025-09-11"
"SKU-SHI-0051","2025-08-03",0,0,2,6,0.0,"N",0.0,0.0,0.0,"",""
"SKU-SHI-0052","2025-08-03",0,1,4,6,0.0,"N",0.0,0.0,0.0,"",""
"SKU-JAC-0053","2025-08-03",0,0,1,3,0.0,"N",0.0,0.0,0.0,"",""
"SKU-SHI-0054","2025-08-03",0,1,5,13,0.0,"N",40.0,963.0,60.0,"2025-09-27","2025-10-02"
"SKU-JAC-0055","2025-08-03",0,0,2,3,0.0,"N",0.0,0.0,0.0,"",""
"SKU-SHI-0001","2025-08-10",0,60,221,385,0.0,"N",0.0,0.0,0.0,"",""
"SKU-PAN-0002","2025-08-10",0,29,93,183,0.0,"N",0.0,0.0,0.0,"",""
"SKU-SHI-0003","2025-08-10",0,18,69,113,0.0,"N",0.0,0.0,0.0,"",""
"SKU-TSH-0004","2025-08-10",0,6,36,79,0.0,"N",95.0,539.0,34.0,"2025-09-10","2025-09-13"
"SKU-CRO-0005","2025-08-10",0,4,33,71,0.0,"N",0.0,0.0,0.0,"",""
"SKU-SHI-0006","2025-08-10",0,5,28,54,0.0,"N",79.0,1097.0,53.0,"2025-09-27","2025-10-02"
"SKU-CRO-0007","2025-08-10",0,4,23,40,0.0,"N",0.0,0.0,0.0,"",""
"SKU-PAN-0008","2025-08-10",0,5,26,42,0.0,"N",71.0,1152.0,47.0,"2025-09-25","2025-09-26"
"SKU-PAN-0009","2025-08-10",0,2,21,45,0.0,"N",72.0,1008.0,54.0,"2025-10-03","2025-10-03"
"SKU-TSH-0010","2025-08-10",0,6,20,39,0.0,"N",62.0,782.0,57.0,"2025-10-01","2025-10-06"
"SKU-SHO-0011","2025-08-10",0,2,15,25,0.0,"N",56.0,761.0,33.0,"2025-09-12","2025-09-12"
"SKU-TSH-0012","2025-08-10",0,5,13,23,0.0,"N",0.0,0.0,0.0,"",""
"SKU-SHI-0013","2025-08-10",0,0,12,25,0.0,"N",0.0,0.0,0.0,"",""
"SKU-CRO-0014","2025-08-10",0,6,17,28,0.0,"N",0.0,0.0,0.0,"",""
"SKU-SHI-0015","2025-08-10",0,1,8,16,0.0,"N",0.0,0.0,0.0,"",""
"SKU-PAN-0016","2025-08-10",0,3,13,23,0.0,"N",72.0,970.0,31.0,"2025-09-09","2025-09-10"
"SKU-SHI-0017","2025-08-10",0,3,9,20,0.0,"N",0.0,0.0,0.0,"",""
"SKU-PAN-0018","2025-08-10",0,1,8,15,0.0,"N",70.0,1176.0,49.0,"2025-09-28","2025-09-28"
"SKU-CRO-0019","2025-08-10",0,0,4,14,0.0,"N",0.0,0.0,0.0,"",""
"SKU-PAN-0020","2025-08-10",0,1,6,13,0.0,"N",0.0,0.0,0.0,"",""
"SKU-PAN-0021","2025-08-10",0,4,12,17,0.0,"N",0.0,0.0,0.0,"",""
"SKU-PAN-0022","2025-08-10",0,1,6,9,0.0,"N",0.0,0.0,0.0,"",""
"SKU-SHO-0023","2025-08-10",0,2,5,13,0.0,"N",0.0,0.0,0.0,"",""
"SKU-SHI-0024","2025-08-10",0,1,4,14,0.0,"N",0.0,0.0,0.0,"",""
"SKU-JAC-0025","2025-08-10",0,1,1,6,0.0,"N",0.0,0.0,0.0,"",""
"SKU-PAN-0026","2025-08-10",0,1,3,9,0.0,"N",48.0,1332.0,37.0,"2025-09-15","2025-09-16"
"SKU-JAC-0027","2025-08-10",0,2,5,8,0.0,"N",0.0,0.0,0.0,"",""
"SKU-PAN-0028","2025-08-10",0,0,5,8,0.0,"N",0.0,0.0,0.0,"",""
"SKU-TSH-0029","2025-08-10",0,1,5,10,0.0,"N",0.0,0.0,0.0,"",""
"SKU-CRO-0030","2025-08-10",0,0,4,12,0.0,"N",44.0,621.0,34.0,"2025-09-10","2025-09-13"
"SKU-JAC-0031","2025-08-10",0,3,4,11,0.0,"N",0.0,0.0,0.0,"",""
"SKU-TSH-0032","2025-08-10",0,3,5,12,0.0,"N",0.0,0.0,0.0,"",""
"SKU-SHO-0033","2025-08-10",0,1,6,11,0.0,"N",0.0,0.0,0.0,"",""
"SKU-PAN-0034","2025-08-10",0,2,4,9,0.0,"N",0.0,0.0,0.0,"",""
"SKU-CRO-0035","2025-08-10",0,1,3,10,0.0,"N",0.0,0.0,0.0,"",""
"SKU-SHI-0036","2025-08-10",0,1,4,7,0.0,"N",0.0,0.0,0.0,"",""
"SKU-CRO-0037","2025-08-10",0,2,4,8,0.0,"N",40.0,657.0,41.0,"2025-09-20","2025-09-20"
"SKU-CRO-0038","2025-08-10",0,0,3,6,0.0,"N",58.0,1060.0,55.0,"2025-09-29","2025-10-04"
"SKU-SHO-0039","2025-08-10",0,0,2,5,0.0,"N",40.0,809.0,32.0,"2025-09-11","2025-09-11"
"SKU-SHO-0040","2025-08-10",0,1,4,7,0.0,"N",0.0,0.0,0.0,"",""
"SKU-TSH-0041","2025-08-10",3,1,1,1,90.0,"N",0.0,0.0,0.0,"",""
"SKU-CRO-0042","2025-08-10",0,1,6,10,0.0,"N",0.0,0.0,0.0,"",""
"SKU-CRO-0043","2025-08-10",0,0,2,2,0.0,"N",0.0,0.0,0.0,"",""
"SKU-JAC-0044","2025-08-10",0,1,4,6,0.0,"N",0.0,0.0,0.0,"",""
"SKU-SHI-0045","2025-08-10",0,2,4,11,0.0,"N",0.0,0.0,0.0,"",""
"SKU-JAC-0046","2025-08-10",0,0,1,4,0.0,"N",40.0,1896.0,37.0,"2025-09-15","2025-09-16"
"SKU-PAN-0047","2025-08-10",0,0,3,5,0.0,"N",60.0,959.0,51.0,"2025-09-30","2025-09-30"
"SKU-CRO-0048","2025-08-10",0,1,1,3,0.0,"N",0.0,0.0,0.0,"",""
"SKU-TSH-0049","2025-08-10",0,1,2,4,0.0,"N",0.0,0.0,0.0,"",""
"SKU-SHO-0050","2025-08-10",0,2,4,8,0.0,"N",0.0,0.0,0.0,"",""
"SKU-SHI-0051","2025-08-10",0,1,3,7,0.0,"N",40.0,928.0,40.0,"2025-09-16","2025-09-19"
"SKU-SHI-0052","2025-08-10",0,0,3,6,0.0,"N",0.0,0.0,0.0,"",""
"SKU-JAC-0053","2025-08-10",0,1,1,3,0.0,"N",0.0,0.0,0.0,"",""
"SKU-SHI-0054","2025-08-10",0,1,5,12,0.0,"N",0.0,0.0,0.0,"",""
"SKU-JAC-0055","2025-08-10",0,0,1,3,0.0,"N",46.0,1669.0,54.0,"2025-10-01","2025-10-03"
"SKU-SHI-0001","2025-08-17",0,44,226,397,0.0,"N",356.0,705.0,42.0,"2025-09-23","2025-09-28"
"SKU-PAN-0002","2025-08-17",0,29,99,198,0.0,"N",0.0,0.0,0.0,"",""
"SKU-SHI-0003","2025-08-17",0,12,66,114,0.0,"N",0.0,0.0,0.0,"",""
"SKU-TSH-0004","2025-08-17",0,15,44,87,0.0,"N",0.0,0.0,0.0,"",""
"SKU-CRO-0005","2025-08-17",0,5,30,68,0.0,"N",97.0,846.0,50.0,"2025-10-03","2025-10-06"
"SKU-SHI-0006","2025-08-17",0,11,34,58,0.0,"N",0.0,0.0,0.0,"",""
"SKU-CRO-0007","2025-08-17",0,7,24,45,0.0,"N",0.0,0.0,0.0,"",""
"SKU-PAN-0008","2025-08-17",0,5,29,41,0.0,"N",0.0,0.0,0.0,"",""
"SKU-PAN-0009","2025-08-17",0,1,20,44,0.0,"N",0.0,0.0,0.0,"",""
"SKU-TSH-0010","2025-08-17",0,4,18,38,0.0,"N",0.0,0.0,0.0,"",""
"SKU-SHO-0011","2025-08-17",0,3,16,26,0.0,"N",0.0,0.0,0.0,"",""
"SKU-TSH-0012","2025-08-17",0,6,17,26,0.0,"N",0.0,0.0,0.0,"",""
"SKU-SHI-0013","2025-08-17",0,3,12,25,0.0,"N",40.0,1227.0,50.0,"2025-10-05","2025-10-06"
"SKU-CRO-0014","2025-08-17",0,4,18,30,0.0,"N",66.0,756.0,35.0,"2025-09-21","2025-09-21"
"SKU-SHI-0015","2025-08-17",0,2,9,16,0.0,"N",58.0,940.0,38.0,"2025-09-19","2025-09-24"
"SKU-PAN-0016","2025-08-17",0,2,12,22,0.0,"N",0.0,0.0,0.0,"",""
"SKU-SHI-0017","2025-08-17",0,1,8,19,0.0,"N",0.0,0.0,0.0,"",""
"SKU-PAN-0018","2025-08-17",0,3,10,16,0.0,"N",0.0,0.0,0.0,"",""
"SKU-CRO-0019","2025-08-17",0,4,7,13,0.0,"N",54.0,726.0,37.0,"2025-09-20","2025-09-23"
"SKU-PAN-0020","2025-08-17",0,4,9,14,0.0,"N",56.0,1163.0,40.0,"2025-09-23","2025-09-26"
"SKU-PAN-0021","2025-08-17",0,4,16,20,0.0,"N",0.0,0.0,0.0,"",""
"SKU-PAN-0022","2025-08-17",0,2,7,10,0.0,"N",0.0,0.0,0.0,"",""
"SKU-SHO-0023","2025-08-17",0,2,7,13,0.0,"N",0.0,0.0,0.0,"",""
"SKU-SHI-0024","2025-08-17",0,2,4,15,0.0,"N",0.0,0.0,0.0,"",""
"SKU-JAC-0025","2025-08-17",0,0,1,3,0.0,"N",0.0,0.0,0.0,"",""
"SKU-PAN-0026","2025-08-17",0,2,5,11,0.0,"N",0.0,0.0,0.0,"",""
"SKU-JAC-0027","2025-08-17",0,4,6,12,0.0,"N",40.0,1871.0,49.0,"2025-10-02","2025-10-05"
"SKU-PAN-0028","2025-08-17",0,4,8,12,0.0,"N",70.0,1317.0,47.0,"2025-10-02","2025-10-03"
"SKU-TSH-0029","2025-08-17",0,0,5,8,0.0,"N",54.0,701.0,52.0,"2025-10-08","2025-10-08"
"SKU-CRO-0030","2025-08-17",0,0,4,11,0.0,"N",0.0,0.0,0.0,"",""
"SKU-JAC-0031","2025-08-17",0,0,4,8,0.0,"N",64.0,1800.0,50.0,"2025-10-04","2025-10-06"
"SKU-TSH-0032","2025-08-17",0,3,6,13,0.0,"N",0.0,0.0,0.0,"",""
"SKU-SHO-0033","2025-08-17",0,0,6,10,0.0,"N",40.0,758.0,37.0,"2025-09-18","2025-09-23"
"SKU-PAN-0034","2025-08-17",0,3,6,11,0.0,"N",63.0,1051.0,53.0,"2025-10-06","2025-10-09"
"SKU-CRO-0035","2025-08-17",0,0,3,9,0.0,"N",40.0,721.0,59.0,"2025-10-10","2025-10-15"
"SKU-SHI-0036","2025-08-17",0,2,6,9,0.0,"N",42.0,998.0,42.0,"2025-09-23","2025-09-28"
"SKU-CRO-0037","2025-08-17",0,0,3,6,0.0,"N",0.0,0.0,0.0,"",""
"SKU-CRO-0038","2025-08-17",0,0,3,6,0.0,"N",0.0,0.0,0.0,"",""
"SKU-SHO-0039","2025-08-17",0,1,3,5,0.0,"N",0.0,0.0,0.0,"",""
"SKU-SHO-0040","2025-08-17",0,0,4,7,0.0,"N",0.0,0.0,0.0,"",""
"SKU-TSH-0041","2025-08-17",3,0,1,1,90.0,"N",0.0,0.0,0.0,"",""
"SKU-CRO-0042","2025-08-17",0,1,5,10,0.0,"N",56.0,653.0,42.0,"2025-09-25","2025-09-28"
"SKU-CRO-0043","2025-08-17",0,1,3,3,0.0,"N",0.0,0.0,0.0,"",""
"SKU-JAC-0044","2025-08-17",0,1,5,6,0.0,"N",0.0,0.0,0.0,"",""
"SKU-SHI-0045","2025-08-17",0,1,3,11,0.0,"N",0.0,0.0,0.0,"",""
"SKU-JAC-0046","2025-08-17",0,1,2,5,0.0,"N",0.0,0.0,0.0,"",""
"SKU-PAN-0047","2025-08-17",0,0,3,4,0.0,"N",0.0,0.0,0.0,"",""
"SKU-CRO-0048","2025-08-17",0,0,1,2,0.0,"N",0.0,0.0,0.0,"",""
"SKU-TSH-0049","2025-08-17",0,1,2,4,0.0,"N",0.0,0.0,0.0,"",""
"SKU-SHO-0050","2025-08-17",0,0,3,8,0.0,"N",0.0,0.0,0.0,"",""
"SKU-SHI-0051","2025-08-17",0,0,2,7,0.0,"N",0.0,0.0,0.0,"",""
"SKU-SHI-0052","2025-08-17",0,1,3,6,0.0,"N",50.0,1141.0,46.0,"2025-10-02","2025-10-02"
"SKU-JAC-0053","2025-08-17",0,0,1,3,0.0,"N",60.0,1660.0,38.0,"2025-09-22","2025-09-24"
"SKU-SHI-0054","2025-08-17",0,2,5,12,0.0,"N",0.0,0.0,0.0,"",""
"SKU-JAC-0055","2025-08-17",0,0,1,3,0.0,"N",0.0,0.0,0.0,"",""
"SKU-SHI-0001","2025-08-24",0,53,227,416,0.0,"N",0.0,0.0,0.0,"",""
"SKU-PAN-0002","2025-08-24",0,26,108,205,0.0,"N",174.0,982.0,32.0,"2025-09-22","2025-09-25"
"SKU-SHI-0003","2025-08-24",0,21,76,127,0.0,"N",0.0,0.0,0.0,"",""
"SKU-TSH-0004","2025-08-24",0,15,52,91,0.0,"N",0.0,0.0,0.0,"",""
"SKU-CRO-0005","2025-08-24",0,7,30,65,0.0,"N",0.0,0.0,0.0,"",""
"SKU-SHI-0006","2025-08-24",0,9,33,59,0.0,"N",0.0,0.0,0.0,"",""
"SKU-CRO-0007","2025-08-24",0,5,22,43,0.0,"N",43.0,818.0,47.0,"2025-10-05","2025-10-10"
"SKU-PAN-0008","2025-08-24",0,6,28,46,0.0,"N",0.0,0.0,0.0,"",""
"SKU-PAN-0009","2025-08-24",0,10,24,50,0.0,"N",0.0,0.0,0.0,"",""
"SKU-TSH-0010","2025-08-24",0,5,19,38,0.0,"N",0.0,0.0,0.0,"",""
"SKU-SHO-0011","2025-08-24",0,4,19,28,0.0,"N",0.0,0.0,0.0,"",""
"SKU-TSH-0012","2025-08-24",0,2,16,25,0.0,"N",84.0,715.0,52.0,"2025-10-14","2025-10-15"
"SKU-SHI-0013","2025-08-24",0,4,12,25,0.0,"N",0.0,0.0,0.0,"",""
"SKU-CRO-0014","2025-08-24",0,7,23,34,0.0,"N",0.0,0.0,0.0,"",""
"SKU-SHI-0015","2025-08-24",0,2,9,16,0.0,"N",0.0,0.0,0.0,"",""
"SKU-PAN-0016","2025-08-24",0,3,10,24,0.0,"N",0.0,0.0,0.0,"",""
"SKU-SHI-0017","2025-08-24",0,4,8,19,0.0,"N",48.0,842.0,49.0,"2025-10-12","2025-10-12"
"SKU-PAN-0018","2025-08-24",0,4,13,18,0.0,"N",0.0,0.0,0.0,"",""
"SKU-CRO-0019","2025-08-24",0,0,6,12,0.0,"N",0.0,0.0,0.0,"",""
"SKU-PAN-0020","2025-08-24",0,3,11,16,0.0,"N",0.0,0.0,0.0,"",""
"SKU-PAN-0021","2025-08-24",0,2,13,20,0.0,"N",60.0,1216.0,31.0,"2025-09-24","2025-09-24"
"SKU-PAN-0022","2025-08-24",0,2,8,12,0.0,"N",0.0,0.0,0.0,"",""
"SKU-SHO-0023","2025-08-24",0,3,9,13,0.0,"N",40.0,668.0,54.0,"2025-10-14","2025-10-17"
"SKU-SHI-0024","2025-08-24",0,2,6,17,0.0,"N",40.0,854.0,43.0,"2025-10-06","2025-10-06"
"SKU-JAC-0025","2025-08-24",0,1,2,4,0.0,"N",40.0,1639.0,39.0,"2025-09-27","2025-10-02"
"SKU-PAN-0026","2025-08-24",0,0,3,8,0.0,"N",0.0,0.0,0.0,"",""
"SKU-JAC-0027","2025-08-24",0,0,6,11,0.0,"N",0.0,0.0,0.0,"",""
"SKU-PAN-0028","2025-08-24",0,1,8,12,0.0,"N",0.0,0.0,0.0,"",""
"SKU-TSH-0029","2025-08-24",0,2,3,9,0.0,"N",0.0,0.0,0.0,"",""
"SKU-CRO-0030","2025-08-24",0,1,3,7,0.0,"N",0.0,0.0,0.0,"",""
"SKU-JAC-0031","2025-08-24",0,0,3,7,0.0,"N",0.0,0.0,0.0,"",""
"SKU-TSH-0032","2025-08-24",0,1,7,13,0.0,"N",40.0,627.0,39.0,"2025-10-01","2025-10-02"
"SKU-SHO-0033","2025-08-24",0,0,5,9,0.0,"N",0.0,0.0,0.0,"",""
"SKU-PAN-0034","2025-08-24",0,4,9,14,0.0,"N",0.0,0.0,0.0,"",""
"SKU-CRO-0035","2025-08-24",0,4,5,10,0.0,"N",0.0,0.0,0.0,"",""
"SKU-SHI-0036","2025-08-24",0,0,5,8,0.0,"N",0.0,0.0,0.0,"",""
"SKU-CRO-0037","2025-08-24",0,1,4,7,0.0,"N",0.0,0.0,0.0,"",""
"SKU-CRO-0038","2025-08-24",0,1,3,6,0.0,"N",0.0,0.0,0.0,"",""
"SKU-SHO-0039","2025-08-24",0,0,1,3,0.0,"N",0.0,0.0,0.0,"",""
"SKU-SHO-0040","2025-08-24",0,0,4,6,0.0,"N",40.0,711.0,39.0,"2025-10-02","2025-10-02"
"SKU-TSH-0041","2025-08-24",1,2,3,3,10.0,"N",44.0,634.0,46.0,"2025-10-09","2025-10-09"
"SKU-CRO-0042","2025-08-24",0,2,5,11,0.0,"N",0.0,0.0,0.0,"",""
"SKU-CRO-0043","2025-08-24",0,0,2,3,0.0,"N",0.0,0.0,0.0,"",""
"SKU-JAC-0044","2025-08-24",0,2,5,7,0.0,"N",0.0,0.0,0.0,"",""
"SKU-SHI-0045","2025-08-24",0,1,4,9,0.0,"N",40.0,896.0,48.0,"2025-10-09","2025-10-11"
"SKU-JAC-0046","2025-08-24",0,0,1,4,0.0,"N",0.0,0.0,0.0,"",""
"SKU-PAN-0047","2025-08-24",0,0,3,4,0.0,"N",0.0,0.0,0.0,"",""
"SKU-CRO-0048","2025-08-24",0,0,1,2,0.0,"N",40.0,736.0,57.0,"2025-10-18","2025-10-20"
"SKU-TSH-0049","2025-08-24",0,1,3,5,0.0,"N",0.0,0.0,0.0,"",""
"SKU-SHO-0050","2025-08-24",0,4,7,12,0.0,"N",0.0,0.0,0.0,"",""
"SKU-SHI-0051","2025-08-24",0,0,2,6,0.0,"N",0.0,0.0,0.0,"",""
"SKU-SHI-0052","2025-08-24",0,2,4,7,0.0,"N",0.0,0.0,0.0,"",""
"SKU-JAC-0053","2025-08-24",0,1,2,4,0.0,"N",0.0,0.0,0.0,"",""
"SKU-SHI-0054","2025-08-24",0,0,4,9,0.0,"N",0.0,0.0,0.0,"",""
"SKU-JAC-0055","2025-08-24",0,0,0,2,999.0,"N",0.0,0.0,0.0,"",""
"SKU-SHI-0001","2025-08-31",0,54,227,424,0.0,"N",0.0,0.0,0.0,"",""
"SKU-PAN-0002","2025-08-31",0,29,119,207,0.0,"N",0.0,0.0,0.0,"",""
"SKU-SHI-0003","2025-08-31",0,19,74,137,0.0,"N",166.0,1004.0,55.0,"2025-10-23","2025-10-25"
"SKU-TSH-0004","2025-08-31",0,14,53,97,0.0,"N",0.0,0.0,0.0,"",""
"SKU-CRO-0005","2025-08-31",0,11,33,70,0.0,"N",0.0,0.0,0.0,"",""
"SKU-SHI-0006","2025-08-31",0,14,42,68,0.0,"N",0.0,0.0,0.0,"",""
"SKU-CRO-0007","2025-08-31",0,3,22,44,0.0,"N",0.0,0.0,0.0,"",""
"SKU-PAN-0008","2025-08-31",0,6,27,51,0.0,"N",0.0,0.0,0.0,"",""
"SKU-PAN-0009","2025-08-31",0,9,26,51,0.0,"N",0.0,0.0,0.0,"",""
"SKU-TSH-0010","2025-08-31",0,5,22,42,0.0,"N",0.0,0.0,0.0,"",""
"SKU-SHO-0011","2025-08-31",0,4,15,29,0.0,"N",0.0,0.0,0.0,"",""
"SKU-TSH-0012","2025-08-31",0,8,22,32,0.0,"N",0.0,0.0,0.0,"",""
"SKU-SHI-0013","2025-08-31",0,3,13,27,0.0,"N",0.0,0.0,0.0,"",""
"SKU-CRO-0014","2025-08-31",0,0,20,32,0.0,"N",0.0,0.0,0.0,"",""
"SKU-SHI-0015","2025-08-31",0,7,13,23,0.0,"N",0.0,0.0,0.0,"",""
"SKU-PAN-0016","2025-08-31",0,3,12,26,0.0,"N",0.0,0.0,0.0,"",""
"SKU-SHI-0017","2025-08-31",0,5,13,20,0.0,"N",0.0,0.0,0.0,"",""
"SKU-PAN-0018","2025-08-31",0,3,15,20,0.0,"N",0.0,0.0,0.0,"",""
"SKU-CRO-0019","2025-08-31",0,6,11,17,0.0,"N",0.0,0.0,0.0,"",""
"SKU-PAN-0020","2025-08-31",0,4,13,19,0.0,"N",0.0,0.0,0.0,"",""
"SKU-PAN-0021","2025-08-31",0,5,15,24,0.0,"N",0.0,0.0,0.0,"",""
"SKU-PAN-0022","2025-08-31",0,7,12,18,0.0,"N",40.0,1076.0,35.0,"2025-10-02","2025-10-05"
"SKU-SHO-0023","2025-08-31",0,2,10,14,0.0,"N",0.0,0.0,0.0,"",""
"SKU-SHI-0024","2025-08-31",0,4,9,17,0.0,"N",0.0,0.0,0.0,"",""
"SKU-JAC-0025","2025-08-31",0,2,4,5,0.0,"N",0.0,0.0,0.0,"",""
"SKU-PAN-0026","2025-08-31",0,2,5,8,0.0,"N",0.0,0.0,0.0,"",""
"SKU-JAC-0027","2025-08-31",0,0,6,11,0.0,"N",0.0,0.0,0.0,"",""
"SKU-PAN-0028","2025-08-31",0,0,6,11,0.0,"N",0.0,0.0,0.0,"",""
"SKU-TSH-0029","2025-08-31",0,0,3,8,0.0,"N",0.0,0.0,0.0,"",""
"SKU-CRO-0030","2025-08-31",0,0,1,7,0.0,"N",0.0,0.0,0.0,"",""
"SKU-JAC-0031","2025-08-31",0,2,5,8,0.0,"N",0.0,0.0,0.0,"",""
"SKU-TSH-0032","2025-08-31",0,2,9,14,0.0,"N",0.0,0.0,0.0,"",""
"SKU-SHO-0033","2025-08-31",0,4,6,13,0.0,"N",0.0,0.0,0.0,"",""
"SKU-PAN-0034","2025-08-31",0,4,13,18,0.0,"N",0.0,0.0,0.0,"",""
"SKU-CRO-0035","2025-08-31",0,0,5,10,0.0,"N",0.0,0.0,0.0,"",""
"SKU-SHI-0036","2025-08-31",0,0,5,7,0.0,"N",0.0,0.0,0.0,"",""
"SKU-CRO-0037","2025-08-31",0,1,4,7,0.0,"N",0.0,0.0,0.0,"",""
"SKU-CRO-0038","2025-08-31",0,0,3,6,0.0,"N",0.0,0.0,0.0,"",""
"SKU-SHO-0039","2025-08-31",0,0,1,3,0.0,"N",0.0,0.0,0.0,"",""
"SKU-SHO-0040","2025-08-31",0,0,4,5,0.0,"N",0.0,0.0,0.0,"",""
"SKU-TSH-0041","2025-08-31",1,0,3,3,10.0,"N",0.0,0.0,0.0,"",""
"SKU-CRO-0042","2025-08-31",0,1,5,12,0.0,"N",0.0,0.0,0.0,"",""
"SKU-CRO-0043","2025-08-31",0,0,1,3,0.0,"N",58.0,677.0,37.0,"2025-10-02","2025-10-07"
"SKU-JAC-0044","2025-08-31",0,1,5,8,0.0,"N",40.0,1860.0,35.0,"2025-10-05","2025-10-05"
"SKU-SHI-0045","2025-08-31",0,0,4,7,0.0,"N",0.0,0.0,0.0,"",""
"SKU-JAC-0046","2025-08-31",0,0,1,4,0.0,"N",0.0,0.0,0.0,"",""
"SKU-PAN-0047","2025-08-31",0,1,1,5,0.0,"N",0.0,0.0,0.0,"",""
"SKU-CRO-0048","2025-08-31",0,3,4,4,0.0,"N",0.0,0.0,0.0,"",""
"SKU-TSH-0049","2025-08-31",0,4,7,8,0.0,"N",70.0,559.0,41.0,"2025-10-10","2025-10-11"
"SKU-SHO-0050","2025-08-31",0,0,7,12,0.0,"N",62.0,722.0,48.0,"2025-10-17","2025-10-18"
"SKU-SHI-0051","2025-08-31",0,0,1,3,0.0,"N",0.0,0.0,0.0,"",""
"SKU-SHI-0052","2025-08-31",0,2,5,9,0.0,"N",0.0,0.0,0.0,"",""
"SKU-JAC-0053","2025-08-31",0,3,5,6,0.0,"N",0.0,0.0,0.0,"",""
"SKU-SHI-0054","2025-08-31",0,2,5,10,0.0,"N",40.0,963.0,43.0,"2025-10-12","2025-10-13"
"SKU-JAC-0055","2025-08-31",0,0,0,2,999.0,"N",0.0,0.0,0.0,"",""
"SKU-SHI-0001","2025-09-07",0,38,210,427,0.0,"N",0.0,0.0,0.0,"",""
"SKU-PAN-0002","2025-09-07",0,14,105,196,0.0,"N",0.0,0.0,0.0,"",""
"SKU-SHI-0003","2025-09-07",0,17,76,143,0.0,"N",0.0,0.0,0.0,"",""
"SKU-TSH-0004","2025-09-07",0,13,61,99,0.0,"N",140.0,539.0,59.0,"2025-11-02","2025-11-05"
"SKU-CRO-0005","2025-09-07",0,4,29,62,0.0,"N",0.0,0.0,0.0,"",""
"SKU-SHI-0006","2025-09-07",0,8,42,71,0.0,"N",100.0,1097.0,31.0,"2025-10-08","2025-10-08"
"SKU-CRO-0007","2025-09-07",0,6,21,45,0.0,"N",0.0,0.0,0.0,"",""
"SKU-PAN-0008","2025-09-07",0,5,22,50,0.0,"N",85.0,1152.0,33.0,"2025-10-05","2025-10-10"
"SKU-PAN-0009","2025-09-07",0,5,25,47,0.0,"N",52.0,1008.0,44.0,"2025-10-20","2025-10-21"
"SKU-TSH-0010","2025-09-07",0,5,21,39,0.0,"N",68.0,782.0,33.0,"2025-10-05","2025-10-10"
"SKU-SHO-0011","2025-09-07",0,2,15,28,0.0,"N",76.0,761.0,37.0,"2025-10-11","2025-10-14"
"SKU-TSH-0012","2025-09-07",0,4,21,33,0.0,"N",0.0,0.0,0.0,"",""
"SKU-SHI-0013","2025-09-07",0,2,12,25,0.0,"N",0.0,0.0,0.0,"",""
"SKU-CRO-0014","2025-09-07",0,2,14,31,0.0,"N",0.0,0.0,0.0,"",""
"SKU-SHI-0015","2025-09-07",0,3,14,22,0.0,"N",0.0,0.0,0.0,"",""
"SKU-PAN-0016","2025-09-07",0,5,13,27,0.0,"N",56.0,970.0,34.0,"2025-10-11","2025-10-11"
"SKU-SHI-0017","2025-09-07",0,1,13,20,0.0,"N",0.0,0.0,0.0,"",""
"SKU-PAN-0018","2025-09-07",0,2,12,21,0.0,"N",58.0,1176.0,33.0,"2025-10-05","2025-10-10"
"SKU-CRO-0019","2025-09-07",0,1,11,16,0.0,"N",0.0,0.0,0.0,"",""
"SKU-PAN-0020","2025-09-07",0,0,11,18,0.0,"N",0.0,0.0,0.0,"",""
"SKU-PAN-0021","2025-09-07",0,2,16,25,0.0,"N",0.0,0.0,0.0,"",""
"SKU-PAN-0022","2025-09-07",0,3,14,20,0.0,"N",0.0,0.0,0.0,"",""
"SKU-SHO-0023","2025-09-07",0,0,8,12,0.0,"N",0.0,0.0,0.0,"",""
"SKU-SHI-0024","2025-09-07",0,1,9,15,0.0,"N",0.0,0.0,0.0,"",""
"SKU-JAC-0025","2025-09-07",0,0,3,4,0.0,"N",0.0,0.0,0.0,"",""
"SKU-PAN-0026","2025-09-07",0,0,5,7,0.0,"N",40.0,1332.0,45.0,"2025-10-17","2025-10-22"
"SKU-JAC-0027","2025-09-07",0,2,7,12,0.0,"N",0.0,0.0,0.0,"",""
"SKU-PAN-0028","2025-09-07",0,1,6,12,0.0,"N",0.0,0.0,0.0,"",""
"SKU-TSH-0029","2025-09-07",0,0,2,7,0.0,"N",0.0,0.0,0.0,"",""
"SKU-CRO-0030","2025-09-07",0,0,1,5,0.0,"N",46.0,621.0,41.0,"2025-10-15","2025-10-18"
"SKU-JAC-0031","2025-09-07",0,0,3,6,0.0,"N",0.0,0.0,0.0,"",""
"SKU-TSH-0032","2025-09-07",0,1,8,12,0.0,"N",0.0,0.0,0.0,"",""
"SKU-SHO-0033","2025-09-07",0,1,5,13,0.0,"N",0.0,0.0,0.0,"",""
"SKU-PAN-0034","2025-09-07",0,1,12,16,0.0,"N",0.0,0.0,0.0,"",""
"SKU-CRO-0035","2025-09-07",0,1,5,9,0.0,"N",0.0,0.0,0.0,"",""
"SKU-SHI-0036","2025-09-07",0,2,4,8,0.0,"N",0.0,0.0,0.0,"",""
"SKU-CRO-0037","2025-09-07",0,2,4,8,0.0,"N",41.0,657.0,38.0,"2025-10-15","2025-10-15"
"SKU-CRO-0038","2025-09-07",0,1,2,6,0.0,"N",40.0,1060.0,55.0,"2025-11-01","2025-11-01"
"SKU-SHO-0039","2025-09-07",0,0,1,3,0.0,"N",50.0,809.0,41.0,"2025-10-18","2025-10-18"
"SKU-SHO-0040","2025-09-07",0,0,1,4,0.0,"N",0.0,0.0,0.0,"",""
"SKU-TSH-0041","2025-09-07",1,0,3,3,10.0,"N",0.0,0.0,0.0,"",""
"SKU-CRO-0042","2025-09-07",0,0,5,10,0.0,"N",0.0,0.0,0.0,"",""
"SKU-CRO-0043","2025-09-07",0,0,1,3,0.0,"N",0.0,0.0,0.0,"",""
"SKU-JAC-0044","2025-09-07",0,2,6,10,0.0,"N",0.0,0.0,0.0,"",""
"SKU-SHI-0045","2025-09-07",0,0,2,7,0.0,"N",0.0,0.0,0.0,"",""
"SKU-JAC-0046","2025-09-07",0,1,2,3,0.0,"N",49.0,1896.0,52.0,"2025-10-29","2025-10-29"
"SKU-PAN-0047","2025-09-07",0,0,1,4,0.0,"N",50.0,959.0,53.0,"2025-10-29","2025-10-30"
"SKU-CRO-0048","2025-09-07",0,1,4,5,0.0,"N",0.0,0.0,0.0,"",""
"SKU-TSH-0049","2025-09-07",0,0,7,8,0.0,"N",0.0,0.0,0.0,"",""
"SKU-SHO-0050","2025-09-07",0,0,4,9,0.0,"N",0.0,0.0,0.0,"",""
"SKU-SHI-0051","2025-09-07",0,2,2,5,0.0,"N",40.0,928.0,54.0,"2025-10-29","2025-10-31"
"SKU-SHI-0052","2025-09-07",0,0,5,9,0.0,"N",0.0,0.0,0.0,"",""
"SKU-JAC-0053","2025-09-07",0,0,4,5,0.0,"N",0.0,0.0,0.0,"",""
"SKU-SHI-0054","2025-09-07",0,1,5,10,0.0,"N",0.0,0.0,0.0,"",""
"SKU-JAC-0055","2025-09-07",0,2,2,4,0.0,"N",40.0,1669.0,43.0,"2025-10-20","2025-10-20"
"SKU-SHI-0001","2025-09-14",0,50,211,434,0.0,"N",330.0,705.0,56.0,"2025-11-04","2025-11-09"
"SKU-PAN-0002","2025-09-14",0,24,105,200,0.0,"N",0.0,0.0,0.0,"",""
"SKU-SHI-0003","2025-09-14",0,14,73,139,0.0,"N",0.0,0.0,0.0,"",""
"SKU-TSH-0004","2025-09-14",0,14,60,102,0.0,"N",0.0,0.0,0.0,"",""
"SKU-CRO-0005","2025-09-14",0,4,28,57,0.0,"N",57.0,846.0,42.0,"2025-10-24","2025-10-26"
"SKU-SHI-0006","2025-09-14",0,6,43,73,0.0,"N",0.0,0.0,0.0,"",""
"SKU-CRO-0007","2025-09-14",0,6,21,46,0.0,"N",0.0,0.0,0.0,"",""
"SKU-PAN-0008","2025-09-14",0,4,23,50,0.0,"N",0.0,0.0,0.0,"",""
"SKU-PAN-0009","2025-09-14",0,4,28,48,0.0,"N",0.0,0.0,0.0,"",""
"SKU-TSH-0010","2025-09-14",0,2,18,36,0.0,"N",0.0,0.0,0.0,"",""
"SKU-SHO-0011","2025-09-14",0,5,16,31,0.0,"N",0.0,0.0,0.0,"",""
"SKU-TSH-0012","2025-09-14",0,0,14,32,0.0,"N",0.0,0.0,0.0,"",""
"SKU-SHI-0013","2025-09-14",0,3,13,25,0.0,"N",46.0,1227.0,57.0,"2025-11-09","2025-11-10"
"SKU-CRO-0014","2025-09-14",0,3,12,30,0.0,"N",77.0,756.0,51.0,"2025-10-30","2025-11-04"
"SKU-SHI-0015","2025-09-14",0,2,15,23,0.0,"N",48.0,940.0,41.0,"2025-10-23","2025-10-25"
"SKU-PAN-0016","2025-09-14",0,4,15,28,0.0,"N",0.0,0.0,0.0,"",""
"SKU-SHI-0017","2025-09-14",0,3,13,21,0.0,"N",0.0,0.0,0.0,"",""
"SKU-PAN-0018","2025-09-14",0,1,13,20,0.0,"N",0.0,0.0,0.0,"",""
"SKU-CRO-0019","2025-09-14",0,0,9,14,0.0,"N",44.0,726.0,43.0,"2025-10-26","2025-10-27"
"SKU-PAN-0020","2025-09-14",0,1,9,18,0.0,"N",72.0,1163.0,59.0,"2025-11-07","2025-11-12"
"SKU-PAN-0021","2025-09-14",0,2,13,27,0.0,"N",0.0,0.0,0.0,"",""
"SKU-PAN-0022","2025-09-14",0,0,13,20,0.0,"N",0.0,0.0,0.0,"",""
"SKU-SHO-0023","2025-09-14",0,0,5,12,0.0,"N",0.0,0.0,0.0,"",""
"SKU-SHI-0024","2025-09-14",0,1,8,13,0.0,"N",0.0,0.0,0.0,"",""
"SKU-JAC-0025","2025-09-14",0,2,5,6,0.0,"N",0.0,0.0,0.0,"",""
"SKU-PAN-0026","2025-09-14",0,1,4,8,0.0,"N",0.0,0.0,0.0,"",""
"SKU-JAC-0027","2025-09-14",0,2,5,10,0.0,"N",44.0,1871.0,32.0,"2025-10-16","2025-10-16"
"SKU-PAN-0028","2025-09-14",0,1,5,11,0.0,"N",56.0,1317.0,35.0,"2025-10-19","2025-10-19"
"SKU-TSH-0029","2025-09-14",0,0,2,7,0.0,"N",40.0,701.0,36.0,"2025-10-20","2025-10-20"
"SKU-CRO-0030","2025-09-14",0,1,2,6,0.0,"N",0.0,0.0,0.0,"",""
"SKU-JAC-0031","2025-09-14",0,1,3,7,0.0,"N",40.0,1800.0,52.0,"2025-11-05","2025-11-05"
"SKU-TSH-0032","2025-09-14",0,0,4,10,0.0,"N",0.0,0.0,0.0,"",""
"SKU-SHO-0033","2025-09-14",0,0,5,11,0.0,"N",40.0,758.0,57.0,"2025-11-05","2025-11-10"
"SKU-PAN-0034","2025-09-14",0,1,11,16,0.0,"N",48.0,1051.0,50.0,"2025-11-03","2025-11-03"
"SKU-CRO-0035","2025-09-14",0,0,5,8,0.0,"N",40.0,721.0,30.0,"2025-10-13","2025-10-14"
"SKU-SHI-0036","2025-09-14",0,1,3,9,0.0,"N",44.0,998.0,52.0,"2025-11-05","2025-11-05"
"SKU-CRO-0037","2025-09-14",0,0,4,7,0.0,"N",0.0,0.0,0.0,"",""
"SKU-CRO-0038","2025-09-14",0,0,2,5,0.0,"N",0.0,0.0,0.0,"",""
"SKU-SHO-0039","2025-09-14",0,1,1,4,0.0,"N",0.0,0.0,0.0,"",""
"SKU-SHO-0040","2025-09-14",0,3,3,7,0.0,"N",0.0,0.0,0.0,"",""
"SKU-TSH-0041","2025-09-14",1,0,2,3,15.0,"N",0.0,0.0,0.0,"",""
"SKU-CRO-0042","2025-09-14",0,2,5,10,0.0,"N",54.0,653.0,29.0,"2025-10-13","2025-10-13"
"SKU-CRO-0043","2025-09-14",0,0,0,3,999.0,"N",0.0,0.0,0.0,"",""
"SKU-JAC-0044","2025-09-14",0,3,9,13,0.0,"N",0.0,0.0,0.0,"",""
"SKU-SHI-0045","2025-09-14",0,1,2,5,0.0,"N",0.0,0.0,0.0,"",""
"SKU-JAC-0046","2025-09-14",0,0,1,3,0.0,"N",0.0,0.0,0.0,"",""
"SKU-PAN-0047","2025-09-14",0,2,3,6,0.0,"N",0.0,0.0,0.0,"",""
"SKU-CRO-0048","2025-09-14",0,1,5,6,0.0,"N",0.0,0.0,0.0,"",""
"SKU-TSH-0049","2025-09-14",0,1,6,8,0.0,"N",0.0,0.0,0.0,"",""
"SKU-SHO-0050","2025-09-14",0,1,5,8,0.0,"N",0.0,0.0,0.0,"",""
"SKU-SHI-0051","2025-09-14",0,0,2,4,0.0,"N",0.0,0.0,0.0,"",""
"SKU-SHI-0052","2025-09-14",0,1,6,8,0.0,"N",40.0,1141.0,52.0,"2025-11-05","2025-11-05"
"SKU-JAC-0053","2025-09-14",0,0,4,5,0.0,"N",40.0,1660.0,41.0,"2025-10-25","2025-10-25"
"SKU-SHI-0054","2025-09-14",0,1,5,10,0.0,"N",0.0,0.0,0.0,"",""
"SKU-JAC-0055","2025-09-14",0,1,3,4,0.0,"N",0.0,0.0,0.0,"",""
"SKU-SHI-0001","2025-09-21",0,46,198,430,0.0,"N",0.0,0.0,0.0,"",""
"SKU-PAN-0002","2025-09-21",0,20,94,197,0.0,"N",178.0,982.0,31.0,"2025-10-20","2025-10-22"
"SKU-SHI-0003","2025-09-21",0,10,64,139,0.0,"N",0.0,0.0,0.0,"",""
"SKU-TSH-0004","2025-09-21",0,9,52,106,0.0,"N",0.0,0.0,0.0,"",""
"SKU-CRO-0005","2025-09-21",0,7,27,60,0.0,"N",0.0,0.0,0.0,"",""
"SKU-SHI-0006","2025-09-21",0,3,33,65,0.0,"N",0.0,0.0,0.0,"",""
"SKU-CRO-0007","2025-09-21",0,5,23,47,0.0,"N",86.0,818.0,46.0,"2025-11-01","2025-11-06"
"SKU-PAN-0008","2025-09-21",0,3,19,47,0.0,"N",0.0,0.0,0.0,"",""
"SKU-PAN-0009","2025-09-21",0,4,23,48,0.0,"N",0.0,0.0,0.0,"",""
"SKU-TSH-0010","2025-09-21",0,3,16,36,0.0,"N",0.0,0.0,0.0,"",""
"SKU-SHO-0011","2025-09-21",0,3,14,33,0.0,"N",0.0,0.0,0.0,"",""
"SKU-TSH-0012","2025-09-21",0,0,12,29,0.0,"N",40.0,715.0,32.0,"2025-10-20","2025-10-23"
"SKU-SHI-0013","2025-09-21",0,1,10,22,0.0,"N",0.0,0.0,0.0,"",""
"SKU-CRO-0014","2025-09-21",0,3,11,32,0.0,"N",0.0,0.0,0.0,"",""
"SKU-SHI-0015","2025-09-21",0,3,15,24,0.0,"N",0.0,0.0,0.0,"",""
"SKU-PAN-0016","2025-09-21",0,4,16,27,0.0,"N",0.0,0.0,0.0,"",""
"SKU-SHI-0017","2025-09-21",0,2,11,21,0.0,"N",68.0,842.0,54.0,"2025-11-14","2025-11-14"
"SKU-PAN-0018","2025-09-21",0,1,8,20,0.0,"N",0.0,0.0,0.0,"",""
"SKU-CRO-0019","2025-09-21",0,0,7,14,0.0,"N",0.0,0.0,0.0,"",""
"SKU-PAN-0020","2025-09-21",0,2,9,18,0.0,"N",0.0,0.0,0.0,"",""
"SKU-PAN-0021","2025-09-21",0,6,16,28,0.0,"N",72.0,1216.0,43.0,"2025-10-29","2025-11-03"
"SKU-PAN-0022","2025-09-21",0,1,11,20,0.0,"N",0.0,0.0,0.0,"",""
"SKU-SHO-0023","2025-09-21",0,1,4,12,0.0,"N",53.0,668.0,41.0,"2025-10-31","2025-11-01"
"SKU-SHI-0024","2025-09-21",0,0,7,12,0.0,"N",58.0,854.0,47.0,"2025-11-02","2025-11-07"
"SKU-JAC-0025","2025-09-21",0,2,6,8,0.0,"N",40.0,1639.0,46.0,"2025-11-06","2025-11-06"
"SKU-PAN-0026","2025-09-21",0,2,5,9,0.0,"N",0.0,0.0,0.0,"",""
"SKU-JAC-0027","2025-09-21",0,1,5,11,0.0,"N",0.0,0.0,0.0,"",""
"SKU-PAN-0028","2025-09-21",0,0,3,10,0.0,"N",0.0,0.0,0.0,"",""
"SKU-TSH-0029","2025-09-21",0,1,2,6,0.0,"N",0.0,0.0,0.0,"",""
"SKU-CRO-0030","2025-09-21",0,1,2,6,0.0,"N",0.0,0.0,0.0,"",""
"SKU-JAC-0031","2025-09-21",0,1,4,7,0.0,"N",0.0,0.0,0.0,"",""
"SKU-TSH-0032","2025-09-21",0,1,4,11,0.0,"N",40.0,627.0,37.0,"2025-10-28","2025-10-28"
"SKU-SHO-0033","2025-09-21",0,0,5,10,0.0,"N",0.0,0.0,0.0,"",""
"SKU-PAN-0034","2025-09-21",0,0,6,15,0.0,"N",0.0,0.0,0.0,"",""
"SKU-CRO-0035","2025-09-21",0,1,3,7,0.0,"N",0.0,0.0,0.0,"",""
"SKU-SHI-0036","2025-09-21",0,0,3,8,0.0,"N",0.0,0.0,0.0,"",""
"SKU-CRO-0037","2025-09-21",0,0,3,7,0.0,"N",0.0,0.0,0.0,"",""
"SKU-CRO-0038","2025-09-21",0,0,1,5,0.0,"N",0.0,0.0,0.0,"",""
"SKU-SHO-0039","2025-09-21",0,0,1,2,0.0,"N",0.0,0.0,0.0,"",""
"SKU-SHO-0040","2025-09-21",0,2,5,9,0.0,"N",40.0,711.0,45.0,"2025-11-03","2025-11-05"
"SKU-TSH-0041","2025-09-21",0,1,1,4,0.0,"N",40.0,634.0,55.0,"2025-11-12","2025-11-15"
"SKU-CRO-0042","2025-09-21",0,4,7,13,0.0,"N",0.0,0.0,0.0,"",""
"SKU-CRO-0043","2025-09-21",0,2,2,5,0.0,"N",0.0,0.0,0.0,"",""
"SKU-JAC-0044","2025-09-21",0,3,10,14,0.0,"N",0.0,0.0,0.0,"",""
"SKU-SHI-0045","2025-09-21",0,1,2,6,0.0,"N",40.0,896.0,53.0,"2025-11-13","2025-11-13"
"SKU-JAC-0046","2025-09-21",0,2,3,5,0.0,"N",0.0,0.0,0.0,"",""
"SKU-PAN-0047","2025-09-21",0,1,4,7,0.0,"N",0.0,0.0,0.0,"",""
"SKU-CRO-0048","2025-09-21",0,0,5,6,0.0,"N",64.0,736.0,46.0,"2025-11-03","2025-11-06"
"SKU-TSH-0049","2025-09-21",0,0,5,8,0.0,"N",0.0,0.0,0.0,"",""
"SKU-SHO-0050","2025-09-21",0,1,3,9,0.0,"N",0.0,0.0,0.0,"",""
"SKU-SHI-0051","2025-09-21",0,0,2,4,0.0,"N",0.0,0.0,0.0,"",""
"SKU-SHI-0052","2025-09-21",0,0,3,8,0.0,"N",0.0,0.0,0.0,"",""
"SKU-JAC-0053","2025-09-21",0,1,4,6,0.0,"N",0.0,0.0,0.0,"",""
"SKU-SHI-0054","2025-09-21",0,0,4,8,0.0,"N",0.0,0.0,0.0,"",""
"SKU-JAC-0055","2025-09-21",0,0,3,3,0.0,"N",0.0,0.0,0.0,"",""
"SKU-SHI-0001","2025-09-28",0,36,188,414,0.0,"N",0.0,0.0,0.0,"",""
"SKU-PAN-0002","2025-09-28",0,29,92,210,0.0,"N",0.0,0.0,0.0,"",""
"SKU-SHI-0003","2025-09-28",0,14,64,136,0.0,"N",116.0,1004.0,50.0,"2025-11-16","2025-11-17"
"SKU-TSH-0004","2025-09-28",0,11,47,106,0.0,"N",0.0,0.0,0.0,"",""
"SKU-CRO-0005","2025-09-28",0,5,25,54,0.0,"N",0.0,0.0,0.0,"",""
"SKU-SHI-0006","2025-09-28",0,3,26,62,0.0,"N",0.0,0.0,0.0,"",""
"SKU-CRO-0007","2025-09-28",0,6,24,45,0.0,"N",0.0,0.0,0.0,"",""
"SKU-PAN-0008","2025-09-28",0,7,20,47,0.0,"N",0.0,0.0,0.0,"",""
"SKU-PAN-0009","2025-09-28",0,4,20,44,0.0,"N",0.0,0.0,0.0,"",""
"SKU-TSH-0010","2025-09-28",0,2,12,34,0.0,"N",0.0,0.0,0.0,"",""
"SKU-SHO-0011","2025-09-28",0,1,12,30,0.0,"N",0.0,0.0,0.0,"",""
"SKU-TSH-0012","2025-09-28",0,3,7,30,0.0,"N",0.0,0.0,0.0,"",""
"SKU-SHI-0013","2025-09-28",0,7,13,27,0.0,"N",0.0,0.0,0.0,"",""
"SKU-CRO-0014","2025-09-28",0,1,9,31,0.0,"N",0.0,0.0,0.0,"",""
"SKU-SHI-0015","2025-09-28",0,2,12,24,0.0,"N",0.0,0.0,0.0,"",""
"SKU-PAN-0016","2025-09-28",0,4,18,29,0.0,"N",0.0,0.0,0.0,"",""
"SKU-SHI-0017","2025-09-28",0,1,10,20,0.0,"N",0.0,0.0,0.0,"",""
"SKU-PAN-0018","2025-09-28",0,1,5,20,0.0,"N",0.0,0.0,0.0,"",""
"SKU-CRO-0019","2025-09-28",0,4,8,16,0.0,"N",0.0,0.0,0.0,"",""
"SKU-PAN-0020","2025-09-28",0,1,5,18,0.0,"N",0.0,0.0,0.0,"",""
"SKU-PAN-0021","2025-09-28",0,1,12,27,0.0,"N",0.0,0.0,0.0,"",""
"SKU-PAN-0022","2025-09-28",0,0,5,17,0.0,"N",46.0,1076.0,55.0,"2025-11-20","2025-11-22"
"SKU-SHO-0023","2025-09-28",0,1,2,13,0.0,"N",0.0,0.0,0.0,"",""
"SKU-SHI-0024","2025-09-28",0,2,6,13,0.0,"N",0.0,0.0,0.0,"",""
"SKU-JAC-0025","2025-09-28",0,0,5,8,0.0,"N",0.0,0.0,0.0,"",""
"SKU-PAN-0026","2025-09-28",0,1,4,9,0.0,"N",0.0,0.0,0.0,"",""
"SKU-JAC-0027","2025-09-28",0,1,6,12,0.0,"N",0.0,0.0,0.0,"",""
"SKU-PAN-0028","2025-09-28",0,3,5,11,0.0,"N",0.0,0.0,0.0,"",""
"SKU-TSH-0029","2025-09-28",0,1,2,5,0.0,"N",0.0,0.0,0.0,"",""
"SKU-CRO-0030","2025-09-28",0,2,4,5,0.0,"N",0.0,0.0,0.0,"",""
"SKU-JAC-0031","2025-09-28",0,0,2,7,0.0,"N",0.0,0.0,0.0,"",""
"SKU-TSH-0032","2025-09-28",0,3,6,14,0.0,"N",0.0,0.0,0.0,"",""
"SKU-SHO-0033","2025-09-28",0,0,2,7,0.0,"N",0.0,0.0,0.0,"",""
"SKU-PAN-0034","2025-09-28",0,0,2,15,0.0,"N",0.0,0.0,0.0,"",""
"SKU-CRO-0035","2025-09-28",0,0,2,7,0.0,"N",0.0,0.0,0.0,"",""
"SKU-SHI-0036","2025-09-28",0,0,3,8,0.0,"N",0.0,0.0,0.0,"",""
"SKU-CRO-0037","2025-09-28",0,1,3,8,0.0,"N",0.0,0.0,0.0,"",""
"SKU-CRO-0038","2025-09-28",0,2,3,6,0.0,"N",0.0,0.0,0.0,"",""
"SKU-SHO-0039","2025-09-28",0,0,1,2,0.0,"N",0.0,0.0,0.0,"",""
"SKU-SHO-0040","2025-09-28",0,1,6,10,0.0,"N",0.0,0.0,0.0,"",""
"SKU-TSH-0041","2025-09-28",0,1,2,5,0.0,"N",0.0,0.0,0.0,"",""
"SKU-CRO-0042","2025-09-28",0,1,8,13,0.0,"N",0.0,0.0,0.0,"",""
"SKU-CRO-0043","2025-09-28",0,0,2,3,0.0,"N",54.0,677.0,30.0,"2025-10-27","2025-10-28"
"SKU-JAC-0044","2025-09-28",0,1,9,14,0.0,"N",42.0,1860.0,45.0,"2025-11-11","2025-11-12"
"SKU-SHI-0045","2025-09-28",0,2,4,8,0.0,"N",0.0,0.0,0.0,"",""
"SKU-JAC-0046","2025-09-28",0,2,5,6,0.0,"N",0.0,0.0,0.0,"",""
"SKU-PAN-0047","2025-09-28",0,1,5,6,0.0,"N",0.0,0.0,0.0,"",""
"SKU-CRO-0048","2025-09-28",0,0,4,6,0.0,"N",0.0,0.0,0.0,"",""
"SKU-TSH-0049","2025-09-28",0,0,1,8,0.0,"N",60.0,559.0,40.0,"2025-11-04","2025-11-07"
"SKU-SHO-0050","2025-09-28",0,0,2,9,0.0,"N",40.0,722.0,33.0,"2025-10-30","2025-10-31"
"SKU-SHI-0051","2025-09-28",0,1,3,4,0.0,"N",0.0,0.0,0.0,"",""
"SKU-SHI-0052","2025-09-28",0,1,2,7,0.0,"N",0.0,0.0,0.0,"",""
"SKU-JAC-0053","2025-09-28",0,0,3,6,0.0,"N",0.0,0.0,0.0,"",""
"SKU-SHI-0054","2025-09-28",0,0,3,7,0.0,"N",40.0,963.0,32.0,"2025-10-30","2025-10-30"
"SKU-JAC-0055","2025-09-28",0,2,5,5,0.0,"N",0.0,0.0,0.0,"",""
"SKU-SHI-0001","2025-10-05",0,66,209,432,0.0,"N",0.0,0.0,0.0,"",""
"SKU-PAN-0002","2025-10-05",0,36,114,222,0.0,"N",0.0,0.0,0.0,"",""
"SKU-SHI-0003","2025-10-05",0,22,68,142,0.0,"N",0.0,0.0,0.0,"",""
"SKU-TSH-0004","2025-10-05",0,20,59,115,0.0,"N",112.0,539.0,51.0,"2025-11-20","2025-11-25"
"SKU-CRO-0005","2025-10-05",0,13,30,58,0.0,"N",0.0,0.0,0.0,"",""
"SKU-SHI-0006","2025-10-05",0,6,21,63,0.0,"N",42.0,1097.0,30.0,"2025-11-02","2025-11-04"
"SKU-CRO-0007","2025-10-05",0,8,26,47,0.0,"N",0.0,0.0,0.0,"",""
"SKU-PAN-0008","2025-10-05",0,8,25,46,0.0,"N",68.0,1152.0,31.0,"2025-11-05","2025-11-05"
"SKU-PAN-0009","2025-10-05",0,4,18,43,0.0,"N",80.0,1008.0,61.0,"2025-11-30","2025-12-05"
"SKU-TSH-0010","2025-10-05",0,6,13,38,0.0,"N",42.0,782.0,28.0,"2025-11-02","2025-11-02"
"SKU-SHO-0011","2025-10-05",0,8,17,32,0.0,"N",44.0,761.0,40.0,"2025-11-14","2025-11-14"
"SKU-TSH-0012","2025-10-05",0,4,8,30,0.0,"N",0.0,0.0,0.0,"",""
"SKU-SHI-0013","2025-10-05",0,6,17,29,0.0,"N",0.0,0.0,0.0,"",""
"SKU-CRO-0014","2025-10-05",0,4,12,29,0.0,"N",0.0,0.0,0.0,"",""
"SKU-SHI-0015","2025-10-05",0,5,13,26,0.0,"N",0.0,0.0,0.0,"",""
"SKU-PAN-0016","2025-10-05",0,3,15,29,0.0,"N",40.0,970.0,33.0,"2025-11-06","2025-11-07"
"SKU-SHI-0017","2025-10-05",0,0,6,19,0.0,"N",0.0,0.0,0.0,"",""
"SKU-PAN-0018","2025-10-05",0,4,7,20,0.0,"N",40.0,1176.0,49.0,"2025-11-18","2025-11-23"
"SKU-CRO-0019","2025-10-05",0,3,7,18,0.0,"N",0.0,0.0,0.0,"",""
"SKU-PAN-0020","2025-10-05",0,1,5,16,0.0,"N",0.0,0.0,0.0,"",""
"SKU-PAN-0021","2025-10-05",0,2,12,28,0.0,"N",0.0,0.0,0.0,"",""
"SKU-PAN-0022","2025-10-05",0,3,5,18,0.0,"N",0.0,0.0,0.0,"",""
"SKU-SHO-0023","2025-10-05",0,3,5,14,0.0,"N",0.0,0.0,0.0,"",""
"SKU-SHI-0024","2025-10-05",0,2,5,15,0.0,"N",0.0,0.0,0.0,"",""
"SKU-JAC-0025","2025-10-05",0,1,5,8,0.0,"N",0.0,0.0,0.0,"",""
"SKU-PAN-0026","2025-10-05",0,2,6,11,0.0,"N",48.0,1332.0,49.0,"2025-11-21","2025-11-23"
"SKU-JAC-0027","2025-10-05",0,0,4,11,0.0,"N",0.0,0.0,0.0,"",""
"SKU-PAN-0028","2025-10-05",0,2,7,12,0.0,"N",0.0,0.0,0.0,"",""
"SKU-TSH-0029","2025-10-05",0,1,3,5,0.0,"N",0.0,0.0,0.0,"",""
"SKU-CRO-0030","2025-10-05",0,0,4,5,0.0,"N",46.0,621.0,31.0,"2025-11-03","2025-11-05"
"SKU-JAC-0031","2025-10-05",0,4,6,10,0.0,"N",0.0,0.0,0.0,"",""
"SKU-TSH-0032","2025-10-05",0,2,6,15,0.0,"N",0.0,0.0,0.0,"",""
"SKU-SHO-0033","2025-10-05",0,3,3,9,0.0,"N",0.0,0.0,0.0,"",""
"SKU-PAN-0034","2025-10-05",0,0,1,14,0.0,"N",0.0,0.0,0.0,"",""
"SKU-CRO-0035","2025-10-05",0,2,3,9,0.0,"N",0.0,0.0,0.0,"",""
"SKU-SHI-0036","2025-10-05",0,1,2,6,0.0,"N",0.0,0.0,0.0,"",""
"SKU-CRO-0037","2025-10-05",0,1,2,6,0.0,"N",40.0,657.0,49.0,"2025-11-22","2025-11-23"
"SKU-CRO-0038","2025-10-05",0,3,5,7,0.0,"N",40.0,1060.0,39.0,"2025-11-12","2025-11-13"
"SKU-SHO-0039","2025-10-05",0,2,3,4,0.0,"N",40.0,809.0,52.0,"2025-11-23","2025-11-26"
"SKU-SHO-0040","2025-10-05",0,4,10,11,0.0,"N",0.0,0.0,0.0,"",""
"SKU-TSH-0041","2025-10-05",0,1,3,6,0.0,"N",0.0,0.0,0.0,"",""
"SKU-CRO-0042","2025-10-05",0,1,8,13,0.0,"N",0.0,0.0,0.0,"",""
"SKU-CRO-0043","2025-10-05",0,0,2,3,0.0,"N",0.0,0.0,0.0,"",""
"SKU-JAC-0044","2025-10-05",0,1,9,14,0.0,"N",0.0,0.0,0.0,"",""
"SKU-SHI-0045","2025-10-05",0,0,4,8,0.0,"N",0.0,0.0,0.0,"",""
"SKU-JAC-0046","2025-10-05",0,1,5,7,0.0,"N",64.0,1896.0,51.0,"2025-11-20","2025-11-25"
"SKU-PAN-0047","2025-10-05",0,1,5,6,0.0,"N",40.0,959.0,45.0,"2025-11-14","2025-11-19"
"SKU-CRO-0048","2025-10-05",0,0,2,5,0.0,"N",0.0,0.0,0.0,"",""
"SKU-TSH-0049","2025-10-05",0,1,2,9,0.0,"N",0.0,0.0,0.0,"",""
"SKU-SHO-0050","2025-10-05",0,1,3,9,0.0,"N",0.0,0.0,0.0,"",""
"SKU-SHI-0051","2025-10-05",0,1,3,4,0.0,"N",58.0,928.0,59.0,"2025-11-30","2025-12-03"
"SKU-SHI-0052","2025-10-05",0,1,3,8,0.0,"N",0.0,0.0,0.0,"",""
"SKU-JAC-0053","2025-10-05",0,2,3,8,0.0,"N",0.0,0.0,0.0,"",""
"SKU-SHI-0054","2025-10-05",0,1,2,8,0.0,"N",0.0,0.0,0.0,"",""
"SKU-JAC-0055","2025-10-05",0,2,5,7,0.0,"N",40.0,1669.0,51.0,"2025-11-20","2025-11-25"
"SKU-SHI-0001","2025-10-12",0,96,256,465,0.0,"N",402.0,705.0,56.0,"2025-12-02","2025-12-07"
"SKU-PAN-0002","2025-10-12",0,37,127,230,0.0,"N",0.0,0.0,0.0,"",""
"SKU-SHI-0003","2025-10-12",0,23,74,145,0.0,"N",0.0,0.0,0.0,"",""
"SKU-TSH-0004","2025-10-12",0,13,55,117,0.0,"N",0.0,0.0,0.0,"",""
"SKU-CRO-0005","2025-10-12",0,15,42,69,0.0,"N",79.0,846.0,31.0,"2025-11-10","2025-11-12"
"SKU-SHI-0006","2025-10-12",0,8,22,64,0.0,"N",0.0,0.0,0.0,"",""
"SKU-CRO-0007","2025-10-12",0,7,28,49,0.0,"N",0.0,0.0,0.0,"",""
"SKU-PAN-0008","2025-10-12",0,6,26,47,0.0,"N",0.0,0.0,0.0,"",""
"SKU-PAN-0009","2025-10-12",0,15,28,56,0.0,"N",0.0,0.0,0.0,"",""
"SKU-TSH-0010","2025-10-12",0,6,18,36,0.0,"N",0.0,0.0,0.0,"",""
"SKU-SHO-0011","2025-10-12",0,5,20,33,0.0,"N",0.0,0.0,0.0,"",""
"SKU-TSH-0012","2025-10-12",0,3,10,26,0.0,"N",0.0,0.0,0.0,"",""
"SKU-SHI-0013","2025-10-12",0,4,18,32,0.0,"N",65.0,1227.0,43.0,"2025-11-21","2025-11-24"
"SKU-CRO-0014","2025-10-12",0,4,13,26,0.0,"N",50.0,756.0,38.0,"2025-11-19","2025-11-19"
"SKU-SHI-0015","2025-10-12",0,6,16,32,0.0,"N",62.0,940.0,51.0,"2025-11-29","2025-12-02"
"SKU-PAN-0016","2025-10-12",0,2,14,29,0.0,"N",0.0,0.0,0.0,"",""
"SKU-SHI-0017","2025-10-12",0,2,5,18,0.0,"N",0.0,0.0,0.0,"",""
"SKU-PAN-0018","2025-10-12",0,3,9,22,0.0,"N",0.0,0.0,0.0,"",""
"SKU-CRO-0019","2025-10-12",0,3,10,20,0.0,"N",46.0,726.0,40.0,"2025-11-19","2025-11-21"
"SKU-PAN-0020","2025-10-12",0,5,9,18,0.0,"N",72.0,1163.0,33.0,"2025-11-13","2025-11-14"
"SKU-PAN-0021","2025-10-12",0,3,12,26,0.0,"N",0.0,0.0,0.0,"",""
"SKU-PAN-0022","2025-10-12",0,3,7,20,0.0,"N",0.0,0.0,0.0,"",""
"SKU-SHO-0023","2025-10-12",0,2,7,12,0.0,"N",0.0,0.0,0.0,"",""
"SKU-SHI-0024","2025-10-12",0,2,7,14,0.0,"N",0.0,0.0,0.0,"",""
"SKU-JAC-0025","2025-10-12",0,0,3,8,0.0,"N",0.0,0.0,0.0,"",""
"SKU-PAN-0026","2025-10-12",0,1,6,10,0.0,"N",0.0,0.0,0.0,"",""
"SKU-JAC-0027","2025-10-12",0,2,4,10,0.0,"N",61.0,1871.0,32.0,"2025-11-12","2025-11-13"
"SKU-PAN-0028","2025-10-12",0,6,11,17,0.0,"N",58.0,1317.0,41.0,"2025-11-20","2025-11-22"
"SKU-TSH-0029","2025-10-12",0,0,3,5,0.0,"N",40.0,701.0,54.0,"2025-12-05","2025-12-05"
"SKU-CRO-0030","2025-10-12",0,0,3,5,0.0,"N",0.0,0.0,0.0,"",""
"SKU-JAC-0031","2025-10-12",0,6,11,14,0.0,"N",64.0,1800.0,50.0,"2025-11-29","2025-12-01"
"SKU-TSH-0032","2025-10-12",0,1,7,12,0.0,"N",0.0,0.0,0.0,"",""
"SKU-SHO-0033","2025-10-12",0,0,3,8,0.0,"N",50.0,758.0,51.0,"2025-11-27","2025-12-02"
"SKU-PAN-0034","2025-10-12",0,1,1,13,0.0,"N",40.0,1051.0,39.0,"2025-11-17","2025-11-20"
"SKU-CRO-0035","2025-10-12",0,1,4,9,0.0,"N",60.0,721.0,31.0,"2025-11-12","2025-11-12"
"SKU-SHI-0036","2025-10-12",0,2,3,8,0.0,"N",40.0,998.0,52.0,"2025-12-01","2025-12-03"
"SKU-CRO-0037","2025-10-12",0,0,2,6,0.0,"N",0.0,0.0,0.0,"",""
"SKU-CRO-0038","2025-10-12",0,1,6,8,0.0,"N",0.0,0.0,0.0,"",""
"SKU-SHO-0039","2025-10-12",0,0,2,3,0.0,"N",0.0,0.0,0.0,"",""
"SKU-SHO-0040","2025-10-12",0,0,9,10,0.0,"N",0.0,0.0,0.0,"",""
"SKU-TSH-0041","2025-10-12",0,3,6,8,0.0,"N",0.0,0.0,0.0,"",""
"SKU-CRO-0042","2025-10-12",0,1,7,12,0.0,"N",50.0,653.0,50.0,"2025-12-01","2025-12-01"
"SKU-CRO-0043","2025-10-12",0,3,5,5,0.0,"N",0.0,0.0,0.0,"",""
"SKU-JAC-0044","2025-10-12",0,1,8,15,0.0,"N",0.0,0.0,0.0,"",""
"SKU-SHI-0045","2025-10-12",0,2,5,7,0.0,"N",0.0,0.0,0.0,"",""
"SKU-JAC-0046","2025-10-12",0,2,7,8,0.0,"N",0.0,0.0,0.0,"",""
"SKU-PAN-0047","2025-10-12",0,3,7,9,0.0,"N",0.0,0.0,0.0,"",""
"SKU-CRO-0048","2025-10-12",0,3,3,8,0.0,"N",0.0,0.0,0.0,"",""
"SKU-TSH-0049","2025-10-12",0,1,3,8,0.0,"N",0.0,0.0,0.0,"",""
"SKU-SHO-0050","2025-10-12",0,1,3,8,0.0,"N",0.0,0.0,0.0,"",""
"SKU-SHI-0051","2025-10-12",0,1,3,5,0.0,"N",0.0,0.0,0.0,"",""
"SKU-SHI-0052","2025-10-12",0,0,2,8,0.0,"N",59.0,1141.0,55.0,"2025-12-01","2025-12-06"
"SKU-JAC-0053","2025-10-12",0,0,3,7,0.0,"N",44.0,1660.0,33.0,"2025-11-14","2025-11-14"
"SKU-SHI-0054","2025-10-12",0,0,1,6,0.0,"N",0.0,0.0,0.0,"",""
"SKU-JAC-0055","2025-10-12",0,2,6,9,0.0,"N",0.0,0.0,0.0,"",""
"SKU-SHI-0001","2025-10-19",0,91,301,495,0.0,"N",0.0,0.0,0.0,"",""
"SKU-PAN-0002","2025-10-19",0,46,150,249,0.0,"N",269.0,982.0,51.0,"2025-12-07","2025-12-09"
"SKU-SHI-0003","2025-10-19",0,22,84,149,0.0,"N",0.0,0.0,0.0,"",""
"SKU-TSH-0004","2025-10-19",0,23,68,123,0.0,"N",0.0,0.0,0.0,"",""
"SKU-CRO-0005","2025-10-19",0,25,58,85,0.0,"N",0.0,0.0,0.0,"",""
"SKU-SHI-0006","2025-10-19",0,13,32,66,0.0,"N",0.0,0.0,0.0,"",""
"SKU-CRO-0007","2025-10-19",0,13,35,58,0.0,"N",68.0,818.0,35.0,"2025-11-18","2025-11-23"
"SKU-PAN-0008","2025-10-19",0,18,40,59,0.0,"N",0.0,0.0,0.0,"",""
"SKU-PAN-0009","2025-10-19",0,9,33,57,0.0,"N",0.0,0.0,0.0,"",""
"SKU-TSH-0010","2025-10-19",0,15,29,45,0.0,"N",0.0,0.0,0.0,"",""
"SKU-SHO-0011","2025-10-19",0,7,23,36,0.0,"N",0.0,0.0,0.0,"",""
"SKU-TSH-0012","2025-10-19",0,9,19,31,0.0,"N",68.0,715.0,56.0,"2025-12-12","2025-12-14"
"SKU-SHI-0013","2025-10-19",0,10,28,37,0.0,"N",0.0,0.0,0.0,"",""
"SKU-CRO-0014","2025-10-19",0,5,15,27,0.0,"N",0.0,0.0,0.0,"",""
"SKU-SHI-0015","2025-10-19",0,8,21,37,0.0,"N",0.0,0.0,0.0,"",""
"SKU-PAN-0016","2025-10-19",0,5,15,32,0.0,"N",0.0,0.0,0.0,"",""
"SKU-SHI-0017","2025-10-19",0,8,12,22,0.0,"N",40.0,842.0,52.0,"2025-12-09","2025-12-10"
"SKU-PAN-0018","2025-10-19",0,3,11,19,0.0,"N",0.0,0.0,0.0,"",""
"SKU-CRO-0019","2025-10-19",0,8,18,25,0.0,"N",0.0,0.0,0.0,"",""
"SKU-PAN-0020","2025-10-19",0,2,9,18,0.0,"N",0.0,0.0,0.0,"",""
"SKU-PAN-0021","2025-10-19",0,2,9,24,0.0,"N",40.0,1216.0,51.0,"2025-12-09","2025-12-09"
"SKU-PAN-0022","2025-10-19",0,6,13,24,0.0,"N",0.0,0.0,0.0,"",""
"SKU-SHO-0023","2025-10-19",0,2,8,12,0.0,"N",40.0,668.0,52.0,"2025-12-10","2025-12-10"
"SKU-SHI-0024","2025-10-19",0,4,10,17,0.0,"N",72.0,854.0,31.0,"2025-11-17","2025-11-19"
"SKU-JAC-0025","2025-10-19",0,7,9,14,0.0,"N",40.0,1639.0,34.0,"2025-11-17","2025-11-22"
"SKU-PAN-0026","2025-10-19",0,1,6,10,0.0,"N",0.0,0.0,0.0,"",""
"SKU-JAC-0027","2025-10-19",0,1,4,9,0.0,"N",0.0,0.0,0.0,"",""
"SKU-PAN-0028","2025-10-19",0,5,16,19,0.0,"N",0.0,0.0,0.0,"",""
"SKU-TSH-0029","2025-10-19",0,1,4,6,0.0,"N",0.0,0.0,0.0,"",""
"SKU-CRO-0030","2025-10-19",0,3,6,7,0.0,"N",0.0,0.0,0.0,"",""
"SKU-JAC-0031","2025-10-19",0,1,11,15,0.0,"N",0.0,0.0,0.0,"",""
"SKU-TSH-0032","2025-10-19",0,1,7,11,0.0,"N",70.0,627.0,38.0,"2025-11-25","2025-11-26"
"SKU-SHO-0033","2025-10-19",0,1,4,9,0.0,"N",0.0,0.0,0.0,"",""
"SKU-PAN-0034","2025-10-19",0,1,2,9,0.0,"N",0.0,0.0,0.0,"",""
"SKU-CRO-0035","2025-10-19",0,4,7,12,0.0,"N",0.0,0.0,0.0,"",""
"SKU-SHI-0036","2025-10-19",0,2,5,8,0.0,"N",0.0,0.0,0.0,"",""
"SKU-CRO-0037","2025-10-19",0,3,5,8,0.0,"N",0.0,0.0,0.0,"",""
"SKU-CRO-0038","2025-10-19",0,3,9,10,0.0,"N",0.0,0.0,0.0,"",""
"SKU-SHO-0039","2025-10-19",0,2,4,5,0.0,"N",0.0,0.0,0.0,"",""
"SKU-SHO-0040","2025-10-19",0,0,5,10,0.0,"N",44.0,711.0,51.0,"2025-12-09","2025-12-09"
"SKU-TSH-0041","2025-10-19",0,1,7,7,0.0,"N",70.0,634.0,29.0,"2025-11-16","2025-11-17"
"SKU-CRO-0042","2025-10-19",0,2,6,12,0.0,"N",0.0,0.0,0.0,"",""
"SKU-CRO-0043","2025-10-19",0,1,4,6,0.0,"N",0.0,0.0,0.0,"",""
"SKU-JAC-0044","2025-10-19",0,1,5,15,0.0,"N",0.0,0.0,0.0,"",""
"SKU-SHI-0045","2025-10-19",0,0,4,6,0.0,"N",61.0,896.0,40.0,"2025-11-28","2025-11-28"
"SKU-JAC-0046","2025-10-19",0,0,6,8,0.0,"N",0.0,0.0,0.0,"",""
"SKU-PAN-0047","2025-10-19",0,0,5,9,0.0,"N",0.0,0.0,0.0,"",""
"SKU-CRO-0048","2025-10-19",0,0,3,8,0.0,"N",40.0,736.0,54.0,"2025-12-12","2025-12-12"
"SKU-TSH-0049","2025-10-19",0,1,3,9,0.0,"N",0.0,0.0,0.0,"",""
"SKU-SHO-0050","2025-10-19",0,1,3,8,0.0,"N",0.0,0.0,0.0,"",""
"SKU-SHI-0051","2025-10-19",0,3,6,8,0.0,"N",0.0,0.0,0.0,"",""
"SKU-SHI-0052","2025-10-19",0,1,3,7,0.0,"N",0.0,0.0,0.0,"",""
"SKU-JAC-0053","2025-10-19",0,0,2,6,0.0,"N",0.0,0.0,0.0,"",""
"SKU-SHI-0054","2025-10-19",0,0,1,5,0.0,"N",0.0,0.0,0.0,"",""
"SKU-JAC-0055","2025-10-19",0,2,8,11,0.0,"N",0.0,0.0,0.0,"",""
"SKU-SHI-0001","2025-10-26",0,83,347,537,0.0,"N",0.0,0.0,0.0,"",""
"SKU-PAN-0002","2025-10-26",0,35,163,252,0.0,"N",0.0,0.0,0.0,"",""
"SKU-SHI-0003","2025-10-26",0,28,100,161,0.0,"N",167.0,1004.0,46.0,"2025-12-06","2025-12-11"
"SKU-TSH-0004","2025-10-26",0,16,77,124,0.0,"N",0.0,0.0,0.0,"",""
"SKU-CRO-0005","2025-10-26",0,10,64,90,0.0,"N",0.0,0.0,0.0,"",""
"SKU-SHI-0006","2025-10-26",0,19,48,74,0.0,"N",0.0,0.0,0.0,"",""
"SKU-CRO-0007","2025-10-26",0,11,41,64,0.0,"N",0.0,0.0,0.0,"",""
"SKU-PAN-0008","2025-10-26",0,5,39,62,0.0,"N",0.0,0.0,0.0,"",""
"SKU-PAN-0009","2025-10-26",0,12,40,62,0.0,"N",0.0,0.0,0.0,"",""
"SKU-TSH-0010","2025-10-26",0,1,28,43,0.0,"N",0.0,0.0,0.0,"",""
"SKU-SHO-0011","2025-10-26",0,8,28,41,0.0,"N",0.0,0.0,0.0,"",""
"SKU-TSH-0012","2025-10-26",0,2,18,27,0.0,"N",0.0,0.0,0.0,"",""
"SKU-SHI-0013","2025-10-26",0,6,29,39,0.0,"N",0.0,0.0,0.0,"",""
"SKU-CRO-0014","2025-10-26",0,8,21,30,0.0,"N",0.0,0.0,0.0,"",""
"SKU-SHI-0015","2025-10-26",0,3,22,36,0.0,"N",0.0,0.0,0.0,"",""
"SKU-PAN-0016","2025-10-26",0,3,14,32,0.0,"N",0.0,0.0,0.0,"",""
"SKU-SHI-0017","2025-10-26",0,2,12,22,0.0,"N",0.0,0.0,0.0,"",""
"SKU-PAN-0018","2025-10-26",0,4,14,20,0.0,"N",0.0,0.0,0.0,"",""
"SKU-CRO-0019","2025-10-26",0,2,16,25,0.0,"N",0.0,0.0,0.0,"",""
"SKU-PAN-0020","2025-10-26",0,5,14,18,0.0,"N",0.0,0.0,0.0,"",""
"SKU-PAN-0021","2025-10-26",0,1,8,21,0.0,"N",0.0,0.0,0.0,"",""
"SKU-PAN-0022","2025-10-26",0,2,14,20,0.0,"N",53.0,1076.0,57.0,"2025-12-20","2025-12-22"
"SKU-SHO-0023","2025-10-26",0,2,9,11,0.0,"N",0.0,0.0,0.0,"",""
"SKU-SHI-0024","2025-10-26",0,3,11,18,0.0,"N",0.0,0.0,0.0,"",""
"SKU-JAC-0025","2025-10-26",0,5,13,18,0.0,"N",0.0,0.0,0.0,"",""
"SKU-PAN-0026","2025-10-26",0,2,6,10,0.0,"N",0.0,0.0,0.0,"",""
"SKU-JAC-0027","2025-10-26",0,4,8,13,0.0,"N",0.0,0.0,0.0,"",""
"SKU-PAN-0028","2025-10-26",0,2,16,20,0.0,"N",0.0,0.0,0.0,"",""
"SKU-TSH-0029","2025-10-26",0,5,7,9,0.0,"N",0.0,0.0,0.0,"",""
"SKU-CRO-0030","2025-10-26",0,0,4,7,0.0,"N",0.0,0.0,0.0,"",""
"SKU-JAC-0031","2025-10-26",0,2,13,15,0.0,"N",0.0,0.0,0.0,"",""
"SKU-TSH-0032","2025-10-26",0,4,8,15,0.0,"N",0.0,0.0,0.0,"",""
"SKU-SHO-0033","2025-10-26",0,0,4,7,0.0,"N",0.0,0.0,0.0,"",""
"SKU-PAN-0034","2025-10-26",0,3,5,7,0.0,"N",0.0,0.0,0.0,"",""
"SKU-CRO-0035","2025-10-26",0,2,9,11,0.0,"N",0.0,0.0,0.0,"",""
"SKU-SHI-0036","2025-10-26",0,2,7,10,0.0,"N",0.0,0.0,0.0,"",""
"SKU-CRO-0037","2025-10-26",0,0,4,7,0.0,"N",0.0,0.0,0.0,"",""
"SKU-CRO-0038","2025-10-26",0,3,10,13,0.0,"N",0.0,0.0,0.0,"",""
"SKU-SHO-0039","2025-10-26",0,1,5,6,0.0,"N",0.0,0.0,0.0,"",""
"SKU-SHO-0040","2025-10-26",0,1,5,11,0.0,"N",0.0,0.0,0.0,"",""
"SKU-TSH-0041","2025-10-26",0,2,8,9,0.0,"N",0.0,0.0,0.0,"",""
"SKU-CRO-0042","2025-10-26",0,0,4,12,0.0,"N",0.0,0.0,0.0,"",""
"SKU-CRO-0043","2025-10-26",0,3,7,9,0.0,"N",40.0,677.0,57.0,"2025-12-19","2025-12-22"
"SKU-JAC-0044","2025-10-26",0,1,5,13,0.0,"N",48.0,1860.0,32.0,"2025-11-27","2025-11-27"
"SKU-SHI-0045","2025-10-26",0,0,2,6,0.0,"N",0.0,0.0,0.0,"",""
"SKU-JAC-0046","2025-10-26",0,5,8,13,0.0,"N",0.0,0.0,0.0,"",""
"SKU-PAN-0047","2025-10-26",0,1,5,10,0.0,"N",0.0,0.0,0.0,"",""
"SKU-CRO-0048","2025-10-26",0,2,5,10,0.0,"N",0.0,0.0,0.0,"",""
"SKU-TSH-0049","2025-10-26",0,1,4,6,0.0,"N",63.0,559.0,55.0,"2025-12-19","2025-12-20"
"SKU-SHO-0050","2025-10-26",0,1,4,6,0.0,"N",40.0,722.0,51.0,"2025-12-14","2025-12-16"
"SKU-SHI-0051","2025-10-26",0,2,7,10,0.0,"N",0.0,0.0,0.0,"",""
"SKU-SHI-0052","2025-10-26",0,1,4,6,0.0,"N",0.0,0.0,0.0,"",""
"SKU-JAC-0053","2025-10-26",0,2,4,7,0.0,"N",0.0,0.0,0.0,"",""
"SKU-SHI-0054","2025-10-26",0,1,2,6,0.0,"N",40.0,963.0,54.0,"2025-12-16","2025-12-19"
"SKU-JAC-0055","2025-10-26",0,2,8,13,0.0,"N",0.0,0.0,0.0,"",""
"SKU-SHI-0001","2025-11-02",0,83,378,577,0.0,"N",0.0,0.0,0.0,"",""
"SKU-PAN-0002","2025-11-02",0,46,179,283,0.0,"N",0.0,0.0,0.0,"",""
"SKU-SHI-0003","2025-11-02",0,20,104,166,0.0,"N",0.0,0.0,0.0,"",""
"SKU-TSH-0004","2025-11-02",0,21,81,136,0.0,"N",170.0,539.0,36.0,"2025-12-05","2025-12-08"
"SKU-CRO-0005","2025-11-02",0,18,69,99,0.0,"N",0.0,0.0,0.0,"",""
"SKU-SHI-0006","2025-11-02",0,11,52,73,0.0,"N",112.0,1097.0,48.0,"2025-12-20","2025-12-20"
"SKU-CRO-0007","2025-11-02",0,14,49,74,0.0,"N",0.0,0.0,0.0,"",""
"SKU-PAN-0008","2025-11-02",0,7,42,62,0.0,"N",89.0,1152.0,46.0,"2025-12-16","2025-12-18"
"SKU-PAN-0009","2025-11-02",0,8,44,62,0.0,"N",88.0,1008.0,46.0,"2025-12-18","2025-12-18"
"SKU-TSH-0010","2025-11-02",0,5,28,42,0.0,"N",82.0,782.0,34.0,"2025-12-06","2025-12-06"
"SKU-SHO-0011","2025-11-02",0,8,31,46,0.0,"N",98.0,761.0,52.0,"2025-12-22","2025-12-24"
"SKU-TSH-0012","2025-11-02",0,11,27,36,0.0,"N",0.0,0.0,0.0,"",""
"SKU-SHI-0013","2025-11-02",0,5,28,44,0.0,"N",0.0,0.0,0.0,"",""
"SKU-CRO-0014","2025-11-02",0,2,19,32,0.0,"N",0.0,0.0,0.0,"",""
"SKU-SHI-0015","2025-11-02",0,3,21,35,0.0,"N",0.0,0.0,0.0,"",""
"SKU-PAN-0016","2025-11-02",0,4,15,31,0.0,"N",76.0,970.0,47.0,"2025-12-19","2025-12-19"
"SKU-SHI-0017","2025-11-02",0,4,16,23,0.0,"N",0.0,0.0,0.0,"",""
"SKU-PAN-0018","2025-11-02",0,2,14,19,0.0,"N",64.0,1176.0,50.0,"2025-12-22","2025-12-22"
"SKU-CRO-0019","2025-11-02",0,2,15,22,0.0,"N",0.0,0.0,0.0,"",""
"SKU-PAN-0020","2025-11-02",0,7,19,24,0.0,"N",0.0,0.0,0.0,"",""
"SKU-PAN-0021","2025-11-02",0,4,12,23,0.0,"N",0.0,0.0,0.0,"",""
"SKU-PAN-0022","2025-11-02",0,2,13,19,0.0,"N",0.0,0.0,0.0,"",""
"SKU-SHO-0023","2025-11-02",0,3,9,14,0.0,"N",0.0,0.0,0.0,"",""
"SKU-SHI-0024","2025-11-02",0,5,14,19,0.0,"N",0.0,0.0,0.0,"",""
"SKU-JAC-0025","2025-11-02",0,2,14,19,0.0,"N",0.0,0.0,0.0,"",""
"SKU-PAN-0026","2025-11-02",0,1,6,11,0.0,"N",50.0,1332.0,49.0,"2025-12-21","2025-12-21"
"SKU-JAC-0027","2025-11-02",0,1,8,13,0.0,"N",0.0,0.0,0.0,"",""
"SKU-PAN-0028","2025-11-02",0,0,13,20,0.0,"N",0.0,0.0,0.0,"",""
"SKU-TSH-0029","2025-11-02",0,5,12,14,0.0,"N",0.0,0.0,0.0,"",""
"SKU-CRO-0030","2025-11-02",0,5,8,12,0.0,"N",40.0,621.0,31.0,"2025-12-02","2025-12-03"
"SKU-JAC-0031","2025-11-02",0,4,15,19,0.0,"N",0.0,0.0,0.0,"",""
"SKU-TSH-0032","2025-11-02",0,0,6,12,0.0,"N",0.0,0.0,0.0,"",""
"SKU-SHO-0033","2025-11-02",0,2,3,7,0.0,"N",0.0,0.0,0.0,"",""
"SKU-PAN-0034","2025-11-02",0,2,7,9,0.0,"N",0.0,0.0,0.0,"",""
"SKU-CRO-0035","2025-11-02",0,4,13,14,0.0,"N",0.0,0.0,0.0,"",""
"SKU-SHI-0036","2025-11-02",0,1,8,10,0.0,"N",0.0,0.0,0.0,"",""
"SKU-CRO-0037","2025-11-02",0,1,4,7,0.0,"N",40.0,657.0,38.0,"2025-12-10","2025-12-10"
"SKU-CRO-0038","2025-11-02",0,5,12,17,0.0,"N",47.0,1060.0,37.0,"2025-12-06","2025-12-09"
"SKU-SHO-0039","2025-11-02",0,1,5,7,0.0,"N",40.0,809.0,35.0,"2025-12-04","2025-12-07"
"SKU-SHO-0040","2025-11-02",0,4,5,15,0.0,"N",0.0,0.0,0.0,"",""
"SKU-TSH-0041","2025-11-02",0,0,6,9,0.0,"N",0.0,0.0,0.0,"",""
"SKU-CRO-0042","2025-11-02",0,6,9,17,0.0,"N",0.0,0.0,0.0,"",""
"SKU-CRO-0043","2025-11-02",0,2,9,11,0.0,"N",0.0,0.0,0.0,"",""
"SKU-JAC-0044","2025-11-02",0,0,3,12,0.0,"N",0.0,0.0,0.0,"",""
"SKU-SHI-0045","2025-11-02",0,0,2,6,0.0,"N",0.0,0.0,0.0,"",""
"SKU-JAC-0046","2025-11-02",0,1,9,13,0.0,"N",54.0,1896.0,40.0,"2025-12-10","2025-12-12"
"SKU-PAN-0047","2025-11-02",0,2,6,11,0.0,"N",40.0,959.0,46.0,"2025-12-13","2025-12-18"
"SKU-CRO-0048","2025-11-02",0,1,6,8,0.0,"N",0.0,0.0,0.0,"",""
"SKU-TSH-0049","2025-11-02",0,2,5,7,0.0,"N",0.0,0.0,0.0,"",""
"SKU-SHO-0050","2025-11-02",0,1,4,7,0.0,"N",0.0,0.0,0.0,"",""
"SKU-SHI-0051","2025-11-02",0,1,7,11,0.0,"N",68.0,928.0,39.0,"2025-12-06","2025-12-11"
"SKU-SHI-0052","2025-11-02",0,3,5,8,0.0,"N",0.0,0.0,0.0,"",""
"SKU-JAC-0053","2025-11-02",0,4,6,9,0.0,"N",0.0,0.0,0.0,"",""
"SKU-SHI-0054","2025-11-02",0,0,2,4,0.0,"N",0.0,0.0,0.0,"",""
"SKU-JAC-0055","2025-11-02",0,1,8,13,0.0,"N",47.0,1669.0,52.0,"2025-12-22","2025-12-24"
"SKU-SHI-0001","2025-11-09",0,84,366,616,0.0,"N",584.0,705.0,50.0,"2025-12-28","2025-12-29"
"SKU-PAN-0002","2025-11-09",0,20,159,277,0.0,"N",0.0,0.0,0.0,"",""
"SKU-SHI-0003","2025-11-09",0,25,103,172,0.0,"N",0.0,0.0,0.0,"",""
"SKU-TSH-0004","2025-11-09",0,25,89,144,0.0,"N",0.0,0.0,0.0,"",""
"SKU-CRO-0005","2025-11-09",0,15,76,111,0.0,"N",165.0,846.0,32.0,"2025-12-09","2025-12-11"
"SKU-SHI-0006","2025-11-09",0,9,56,74,0.0,"N",0.0,0.0,0.0,"",""
"SKU-CRO-0007","2025-11-09",0,12,53,78,0.0,"N",0.0,0.0,0.0,"",""
"SKU-PAN-0008","2025-11-09",0,7,39,63,0.0,"N",0.0,0.0,0.0,"",""
"SKU-PAN-0009","2025-11-09",0,11,44,70,0.0,"N",0.0,0.0,0.0,"",""
"SKU-TSH-0010","2025-11-09",0,4,27,44,0.0,"N",0.0,0.0,0.0,"",""
"SKU-SHO-0011","2025-11-09",0,5,29,50,0.0,"N",0.0,0.0,0.0,"",""
"SKU-TSH-0012","2025-11-09",0,3,26,35,0.0,"N",0.0,0.0,0.0,"",""
"SKU-SHI-0013","2025-11-09",0,5,29,46,0.0,"N",88.0,1227.0,51.0,"2025-12-30","2025-12-30"
"SKU-CRO-0014","2025-11-09",0,3,19,32,0.0,"N",44.0,756.0,39.0,"2025-12-18","2025-12-18"
"SKU-SHI-0015","2025-11-09",0,1,17,32,0.0,"N",86.0,940.0,47.0,"2025-12-26","2025-12-26"
"SKU-PAN-0016","2025-11-09",0,1,13,28,0.0,"N",0.0,0.0,0.0,"",""
"SKU-SHI-0017","2025-11-09",0,2,16,21,0.0,"N",0.0,0.0,0.0,"",""
"SKU-PAN-0018","2025-11-09",0,5,16,23,0.0,"N",0.0,0.0,0.0,"",""
"SKU-CRO-0019","2025-11-09",0,0,14,22,0.0,"N",77.0,726.0,39.0,"2025-12-13","2025-12-18"
"SKU-PAN-0020","2025-11-09",0,4,18,28,0.0,"N",52.0,1163.0,48.0,"2025-12-22","2025-12-27"
"SKU-PAN-0021","2025-11-09",0,4,12,23,0.0,"N",0.0,0.0,0.0,"",""
"SKU-PAN-0022","2025-11-09",0,3,14,20,0.0,"N",0.0,0.0,0.0,"",""
"SKU-SHO-0023","2025-11-09",0,1,8,15,0.0,"N",0.0,0.0,0.0,"",""
"SKU-SHI-0024","2025-11-09",0,1,13,20,0.0,"N",0.0,0.0,0.0,"",""
"SKU-JAC-0025","2025-11-09",0,4,18,21,0.0,"N",0.0,0.0,0.0,"",""
"SKU-PAN-0026","2025-11-09",0,1,5,12,0.0,"N",0.0,0.0,0.0,"",""
"SKU-JAC-0027","2025-11-09",0,4,11,15,0.0,"N",40.0,1871.0,52.0,"2025-12-31","2025-12-31"
"SKU-PAN-0028","2025-11-09",0,2,10,20,0.0,"N",40.0,1317.0,42.0,"2025-12-18","2025-12-21"
"SKU-TSH-0029","2025-11-09",0,1,12,15,0.0,"N",40.0,701.0,58.0,"2026-01-03","2026-01-06"
"SKU-CRO-0030","2025-11-09",0,2,10,14,0.0,"N",0.0,0.0,0.0,"",""
"SKU-JAC-0031","2025-11-09",0,1,9,20,0.0,"N",40.0,1800.0,33.0,"2025-12-07","2025-12-12"
"SKU-TSH-0032","2025-11-09",0,1,6,13,0.0,"N",0.0,0.0,0.0,"",""
"SKU-SHO-0033","2025-11-09",0,1,4,7,0.0,"N",42.0,758.0,52.0,"2025-12-30","2025-12-31"
"SKU-PAN-0034","2025-11-09",0,1,7,8,0.0,"N",40.0,1051.0,37.0,"2025-12-16","2025-12-16"
"SKU-CRO-0035","2025-11-09",0,1,11,15,0.0,"N",40.0,721.0,43.0,"2025-12-22","2025-12-22"
"SKU-SHI-0036","2025-11-09",0,2,8,11,0.0,"N",40.0,998.0,52.0,"2025-12-30","2025-12-31"
"SKU-CRO-0037","2025-11-09",0,1,5,7,0.0,"N",0.0,0.0,0.0,"",""
"SKU-CRO-0038","2025-11-09",0,0,11,17,0.0,"N",0.0,0.0,0.0,"",""
"SKU-SHO-0039","2025-11-09",0,2,6,8,0.0,"N",0.0,0.0,0.0,"",""
"SKU-SHO-0040","2025-11-09",0,4,9,18,0.0,"N",0.0,0.0,0.0,"",""
"SKU-TSH-0041","2025-11-09",0,1,6,10,0.0,"N",0.0,0.0,0.0,"",""
"SKU-CRO-0042","2025-11-09",0,2,10,18,0.0,"N",57.0,653.0,32.0,"2025-12-08","2025-12-11"
"SKU-CRO-0043","2025-11-09",0,0,7,11,0.0,"N",0.0,0.0,0.0,"",""
"SKU-JAC-0044","2025-11-09",0,1,3,11,0.0,"N",0.0,0.0,0.0,"",""
"SKU-SHI-0045","2025-11-09",0,1,1,7,0.0,"N",0.0,0.0,0.0,"",""
"SKU-JAC-0046","2025-11-09",0,4,10,17,0.0,"N",0.0,0.0,0.0,"",""
"SKU-PAN-0047","2025-11-09",0,0,5,11,0.0,"N",0.0,0.0,0.0,"",""
"SKU-CRO-0048","2025-11-09",0,3,7,10,0.0,"N",0.0,0.0,0.0,"",""
"SKU-TSH-0049","2025-11-09",0,2,6,9,0.0,"N",0.0,0.0,0.0,"",""
"SKU-SHO-0050","2025-11-09",0,1,5,8,0.0,"N",0.0,0.0,0.0,"",""
"SKU-SHI-0051","2025-11-09",0,0,6,9,0.0,"N",0.0,0.0,0.0,"",""
"SKU-SHI-0052","2025-11-09",0,2,7,9,0.0,"N",62.0,1141.0,50.0,"2025-12-29","2025-12-29"
"SKU-JAC-0053","2025-11-09",0,0,6,9,0.0,"N",51.0,1660.0,30.0,"2025-12-09","2025-12-09"
"SKU-SHI-0054","2025-11-09",0,0,1,2,0.0,"N",0.0,0.0,0.0,"",""
"SKU-JAC-0055","2025-11-09",0,0,7,11,0.0,"N",0.0,0.0,0.0,"",""
"SKU-SHI-0001","2025-11-16",0,60,353,631,0.0,"N",0.0,0.0,0.0,"",""
"SKU-PAN-0002","2025-11-16",0,27,146,290,0.0,"N",256.0,982.0,53.0,"2026-01-06","2026-01-08"
"SKU-SHI-0003","2025-11-16",0,13,94,173,0.0,"N",0.0,0.0,0.0,"",""
"SKU-TSH-0004","2025-11-16",0,11,86,145,0.0,"N",0.0,0.0,0.0,"",""
"SKU-CRO-0005","2025-11-16",0,10,63,114,0.0,"N",0.0,0.0,0.0,"",""
"SKU-SHI-0006","2025-11-16",0,7,52,79,0.0,"N",0.0,0.0,0.0,"",""
"SKU-CRO-0007","2025-11-16",0,5,47,80,0.0,"N",92.0,818.0,56.0,"2026-01-10","2026-01-11"
"SKU-PAN-0008","2025-11-16",0,7,30,66,0.0,"N",0.0,0.0,0.0,"",""
"SKU-PAN-0009","2025-11-16",0,4,37,69,0.0,"N",0.0,0.0,0.0,"",""
"SKU-TSH-0010","2025-11-16",0,2,19,43,0.0,"N",0.0,0.0,0.0,"",""
"SKU-SHO-0011","2025-11-16",0,1,24,46,0.0,"N",0.0,0.0,0.0,"",""
"SKU-TSH-0012","2025-11-16",0,2,20,37,0.0,"N",82.0,715.0,31.0,"2025-12-15","2025-12-17"
"SKU-SHI-0013","2025-11-16",0,4,24,48,0.0,"N",0.0,0.0,0.0,"",""
"SKU-CRO-0014","2025-11-16",0,4,18,32,0.0,"N",0.0,0.0,0.0,"",""
"SKU-SHI-0015","2025-11-16",0,2,11,32,0.0,"N",0.0,0.0,0.0,"",""
"SKU-PAN-0016","2025-11-16",0,1,11,25,0.0,"N",0.0,0.0,0.0,"",""
"SKU-SHI-0017","2025-11-16",0,1,12,21,0.0,"N",40.0,842.0,50.0,"2026-01-05","2026-01-05"
"SKU-PAN-0018","2025-11-16",0,2,14,25,0.0,"N",0.0,0.0,0.0,"",""
"SKU-CRO-0019","2025-11-16",0,4,9,26,0.0,"N",0.0,0.0,0.0,"",""
"SKU-PAN-0020","2025-11-16",0,1,17,28,0.0,"N",0.0,0.0,0.0,"",""
"SKU-PAN-0021","2025-11-16",0,1,10,21,0.0,"N",61.0,1216.0,42.0,"2025-12-26","2025-12-28"
"SKU-PAN-0022","2025-11-16",0,1,11,21,0.0,"N",0.0,0.0,0.0,"",""
"SKU-SHO-0023","2025-11-16",0,1,8,16,0.0,"N",40.0,668.0,52.0,"2026-01-05","2026-01-07"
"SKU-SHI-0024","2025-11-16",0,2,12,21,0.0,"N",40.0,854.0,50.0,"2026-01-02","2026-01-05"
"SKU-JAC-0025","2025-11-16",0,3,15,24,0.0,"N",44.0,1639.0,33.0,"2025-12-16","2025-12-19"
"SKU-PAN-0026","2025-11-16",0,1,5,12,0.0,"N",0.0,0.0,0.0,"",""
"SKU-JAC-0027","2025-11-16",0,4,14,18,0.0,"N",0.0,0.0,0.0,"",""
"SKU-PAN-0028","2025-11-16",0,0,5,20,0.0,"N",0.0,0.0,0.0,"",""
"SKU-TSH-0029","2025-11-16",0,1,13,16,0.0,"N",0.0,0.0,0.0,"",""
"SKU-CRO-0030","2025-11-16",0,0,8,13,0.0,"N",0.0,0.0,0.0,"",""
"SKU-JAC-0031","2025-11-16",0,0,7,18,0.0,"N",0.0,0.0,0.0,"",""
"SKU-TSH-0032","2025-11-16",0,0,5,13,0.0,"N",40.0,627.0,42.0,"2025-12-25","2025-12-28"
"SKU-SHO-0033","2025-11-16",0,0,4,7,0.0,"N",0.0,0.0,0.0,"",""
"SKU-PAN-0034","2025-11-16",0,2,9,10,0.0,"N",0.0,0.0,0.0,"",""
"SKU-CRO-0035","2025-11-16",0,1,11,15,0.0,"N",0.0,0.0,0.0,"",""
"SKU-SHI-0036","2025-11-16",0,0,6,10,0.0,"N",0.0,0.0,0.0,"",""
"SKU-CRO-0037","2025-11-16",0,2,6,9,0.0,"N",0.0,0.0,0.0,"",""
"SKU-CRO-0038","2025-11-16",0,3,12,20,0.0,"N",0.0,0.0,0.0,"",""
"SKU-SHO-0039","2025-11-16",0,2,7,10,0.0,"N",0.0,0.0,0.0,"",""
"SKU-SHO-0040","2025-11-16",0,0,9,16,0.0,"N",40.0,711.0,47.0,"2026-01-01","2026-01-02"
"SKU-TSH-0041","2025-11-16",0,2,6,12,0.0,"N",46.0,634.0,44.0,"2025-12-29","2025-12-30"
"SKU-CRO-0042","2025-11-16",0,1,10,17,0.0,"N",0.0,0.0,0.0,"",""
"SKU-CRO-0043","2025-11-16",0,0,5,9,0.0,"N",0.0,0.0,0.0,"",""
"SKU-JAC-0044","2025-11-16",0,1,4,8,0.0,"N",0.0,0.0,0.0,"",""
"SKU-SHI-0045","2025-11-16",0,0,1,5,0.0,"N",54.0,896.0,45.0,"2025-12-31","2025-12-31"
"SKU-JAC-0046","2025-11-16",0,1,11,18,0.0,"N",0.0,0.0,0.0,"",""
"SKU-PAN-0047","2025-11-16",0,0,3,8,0.0,"N",0.0,0.0,0.0,"",""
"SKU-CRO-0048","2025-11-16",0,1,7,10,0.0,"N",54.0,736.0,48.0,"2026-01-01","2026-01-03"
"SKU-TSH-0049","2025-11-16",0,0,6,8,0.0,"N",0.0,0.0,0.0,"",""
"SKU-SHO-0050","2025-11-16",0,1,4,8,0.0,"N",0.0,0.0,0.0,"",""
"SKU-SHI-0051","2025-11-16",0,0,5,9,0.0,"N",0.0,0.0,0.0,"",""
"SKU-SHI-0052","2025-11-16",0,0,7,9,0.0,"N",0.0,0.0,0.0,"",""
"SKU-JAC-0053","2025-11-16",0,1,7,9,0.0,"N",0.0,0.0,0.0,"",""
"SKU-SHI-0054","2025-11-16",0,1,2,3,0.0,"N",0.0,0.0,0.0,"",""
"SKU-JAC-0055","2025-11-16",0,0,3,11,0.0,"N",0.0,0.0,0.0,"",""
"SKU-SHI-0001","2025-11-23",0,51,307,635,0.0,"N",0.0,0.0,0.0,"",""
"SKU-PAN-0002","2025-11-23",0,23,128,287,0.0,"N",0.0,0.0,0.0,"",""
"SKU-SHI-0003","2025-11-23",0,9,77,168,0.0,"N",156.0,1004.0,45.0,"2026-01-07","2026-01-07"
"SKU-TSH-0004","2025-11-23",0,9,68,145,0.0,"N",0.0,0.0,0.0,"",""
"SKU-CRO-0005","2025-11-23",0,8,54,116,0.0,"N",0.0,0.0,0.0,"",""
"SKU-SHI-0006","2025-11-23",0,2,39,77,0.0,"N",0.0,0.0,0.0,"",""
"SKU-CRO-0007","2025-11-23",0,5,41,78,0.0,"N",0.0,0.0,0.0,"",""
"SKU-PAN-0008","2025-11-23",0,7,30,69,0.0,"N",0.0,0.0,0.0,"",""
"SKU-PAN-0009","2025-11-23",0,4,28,69,0.0,"N",0.0,0.0,0.0,"",""
"SKU-TSH-0010","2025-11-23",0,6,17,45,0.0,"N",0.0,0.0,0.0,"",""
"SKU-SHO-0011","2025-11-23",0,6,21,48,0.0,"N",0.0,0.0,0.0,"",""
"SKU-TSH-0012","2025-11-23",0,3,19,37,0.0,"N",0.0,0.0,0.0,"",""
"SKU-SHI-0013","2025-11-23",0,6,21,49,0.0,"N",0.0,0.0,0.0,"",""
"SKU-CRO-0014","2025-11-23",0,4,15,34,0.0,"N",0.0,0.0,0.0,"",""
"SKU-SHI-0015","2025-11-23",0,4,11,32,0.0,"N",0.0,0.0,0.0,"",""
"SKU-PAN-0016","2025-11-23",0,2,9,23,0.0,"N",0.0,0.0,0.0,"",""
"SKU-SHI-0017","2025-11-23",0,1,9,20,0.0,"N",0.0,0.0,0.0,"",""
"SKU-PAN-0018","2025-11-23",0,5,14,28,0.0,"N",0.0,0.0,0.0,"",""
"SKU-CRO-0019","2025-11-23",0,3,9,25,0.0,"N",0.0,0.0,0.0,"",""
"SKU-PAN-0020","2025-11-23",0,0,14,26,0.0,"N",0.0,0.0,0.0,"",""
"SKU-PAN-0021","2025-11-23",0,4,14,22,0.0,"N",0.0,0.0,0.0,"",""
"SKU-PAN-0022","2025-11-23",0,3,10,23,0.0,"N",71.0,1076.0,54.0,"2026-01-16","2026-01-16"
"SKU-SHO-0023","2025-11-23",0,1,6,15,0.0,"N",0.0,0.0,0.0,"",""
"SKU-SHI-0024","2025-11-23",0,1,10,22,0.0,"N",0.0,0.0,0.0,"",""
"SKU-JAC-0025","2025-11-23",0,1,10,23,0.0,"N",0.0,0.0,0.0,"",""
"SKU-PAN-0026","2025-11-23",0,4,9,13,0.0,"N",0.0,0.0,0.0,"",""
"SKU-JAC-0027","2025-11-23",0,2,11,19,0.0,"N",0.0,0.0,0.0,"",""
"SKU-PAN-0028","2025-11-23",0,1,5,19,0.0,"N",0.0,0.0,0.0,"",""
"SKU-TSH-0029","2025-11-23",0,0,9,14,0.0,"N",0.0,0.0,0.0,"",""
"SKU-CRO-0030","2025-11-23",0,1,8,12,0.0,"N",0.0,0.0,0.0,"",""
"SKU-JAC-0031","2025-11-23",0,0,6,18,0.0,"N",0.0,0.0,0.0,"",""
"SKU-TSH-0032","2025-11-23",0,0,1,10,0.0,"N",0.0,0.0,0.0,"",""
"SKU-SHO-0033","2025-11-23",0,1,4,8,0.0,"N",0.0,0.0,0.0,"",""
"SKU-PAN-0034","2025-11-23",0,0,6,10,0.0,"N",0.0,0.0,0.0,"",""
"SKU-CRO-0035","2025-11-23",0,1,7,16,0.0,"N",0.0,0.0,0.0,"",""
"SKU-SHI-0036","2025-11-23",0,1,4,11,0.0,"N",0.0,0.0,0.0,"",""
"SKU-CRO-0037","2025-11-23",0,0,4,8,0.0,"N",0.0,0.0,0.0,"",""
"SKU-CRO-0038","2025-11-23",0,3,13,23,0.0,"N",0.0,0.0,0.0,"",""
"SKU-SHO-0039","2025-11-23",0,0,5,10,0.0,"N",0.0,0.0,0.0,"",""
"SKU-SHO-0040","2025-11-23",0,2,10,16,0.0,"N",0.0,0.0,0.0,"",""
"SKU-TSH-0041","2025-11-23",0,1,6,12,0.0,"N",0.0,0.0,0.0,"",""
"SKU-CRO-0042","2025-11-23",0,1,10,14,0.0,"N",0.0,0.0,0.0,"",""
"SKU-CRO-0043","2025-11-23",0,1,4,10,0.0,"N",52.0,677.0,45.0,"2026-01-07","2026-01-07"
"SKU-JAC-0044","2025-11-23",0,0,2,7,0.0,"N",40.0,1860.0,50.0,"2026-01-07","2026-01-12"
"SKU-SHI-0045","2025-11-23",0,2,3,6,0.0,"N",0.0,0.0,0.0,"",""
"SKU-JAC-0046","2025-11-23",0,2,9,17,0.0,"N",0.0,0.0,0.0,"",""
"SKU-PAN-0047","2025-11-23",0,2,4,10,0.0,"N",0.0,0.0,0.0,"",""
"SKU-CRO-0048","2025-11-23",0,1,8,11,0.0,"N",0.0,0.0,0.0,"",""
"SKU-TSH-0049","2025-11-23",0,0,4,8,0.0,"N",49.0,559.0,57.0,"2026-01-18","2026-01-19"
"SKU-SHO-0050","2025-11-23",0,1,4,8,0.0,"N",40.0,722.0,36.0,"2025-12-26","2025-12-29"
"SKU-SHI-0051","2025-11-23",0,2,3,10,0.0,"N",0.0,0.0,0.0,"",""
"SKU-SHI-0052","2025-11-23",0,1,6,10,0.0,"N",0.0,0.0,0.0,"",""
"SKU-JAC-0053","2025-11-23",0,2,8,11,0.0,"N",0.0,0.0,0.0,"",""
"SKU-SHI-0054","2025-11-23",0,1,3,4,0.0,"N",54.0,963.0,54.0,"2026-01-15","2026-01-16"
"SKU-JAC-0055","2025-11-23",0,0,1,9,0.0,"N",0.0,0.0,0.0,"",""
"SKU-SHI-0001","2025-11-30",0,62,277,660,0.0,"N",0.0,0.0,0.0,"",""
"SKU-PAN-0002","2025-11-30",0,25,113,281,0.0,"N",0.0,0.0,0.0,"",""
"SKU-SHI-0003","2025-11-30",0,17,72,173,0.0,"N",0.0,0.0,0.0,"",""
"SKU-TSH-0004","2025-11-30",0,11,63,143,0.0,"N",126.0,539.0,58.0,"2026-01-22","2026-01-27"
"SKU-CRO-0005","2025-11-30",0,8,52,115,0.0,"N",0.0,0.0,0.0,"",""
"SKU-SHI-0006","2025-11-30",0,4,25,76,0.0,"N",76.0,1097.0,51.0,"2026-01-18","2026-01-20"
"SKU-CRO-0007","2025-11-30",0,11,39,84,0.0,"N",0.0,0.0,0.0,"",""
"SKU-PAN-0008","2025-11-30",0,1,25,65,0.0,"N",88.0,1152.0,40.0,"2026-01-08","2026-01-09"
"SKU-PAN-0009","2025-11-30",0,4,28,68,0.0,"N",92.0,1008.0,48.0,"2026-01-12","2026-01-17"
"SKU-TSH-0010","2025-11-30",0,5,19,47,0.0,"N",52.0,782.0,30.0,"2025-12-30","2025-12-30"
"SKU-SHO-0011","2025-11-30",0,4,17,51,0.0,"N",60.0,761.0,29.0,"2025-12-29","2025-12-29"
"SKU-TSH-0012","2025-11-30",0,3,16,39,0.0,"N",0.0,0.0,0.0,"",""
"SKU-SHI-0013","2025-11-30",0,6,23,51,0.0,"N",0.0,0.0,0.0,"",""
"SKU-CRO-0014","2025-11-30",0,2,14,33,0.0,"N",0.0,0.0,0.0,"",""
"SKU-SHI-0015","2025-11-30",0,3,11,34,0.0,"N",0.0,0.0,0.0,"",""
"SKU-PAN-0016","2025-11-30",0,0,8,19,0.0,"N",40.0,970.0,50.0,"2026-01-19","2026-01-19"
"SKU-SHI-0017","2025-11-30",0,1,5,21,0.0,"N",0.0,0.0,0.0,"",""
"SKU-PAN-0018","2025-11-30",0,2,14,28,0.0,"N",81.0,1176.0,37.0,"2026-01-01","2026-01-06"
"SKU-CRO-0019","2025-11-30",0,1,8,23,0.0,"N",0.0,0.0,0.0,"",""
"SKU-PAN-0020","2025-11-30",0,1,7,26,0.0,"N",0.0,0.0,0.0,"",""
"SKU-PAN-0021","2025-11-30",0,1,11,22,0.0,"N",0.0,0.0,0.0,"",""
"SKU-PAN-0022","2025-11-30",0,0,7,22,0.0,"N",0.0,0.0,0.0,"",""
"SKU-SHO-0023","2025-11-30",0,0,3,14,0.0,"N",0.0,0.0,0.0,"",""
"SKU-SHI-0024","2025-11-30",0,3,9,22,0.0,"N",0.0,0.0,0.0,"",""
"SKU-JAC-0025","2025-11-30",0,1,9,24,0.0,"N",0.0,0.0,0.0,"",""
"SKU-PAN-0026","2025-11-30",0,1,7,14,0.0,"N",40.0,1332.0,34.0,"2025-12-31","2026-01-03"
"SKU-JAC-0027","2025-11-30",0,2,12,20,0.0,"N",0.0,0.0,0.0,"",""
"SKU-PAN-0028","2025-11-30",0,2,5,19,0.0,"N",0.0,0.0,0.0,"",""
"SKU-TSH-0029","2025-11-30",0,1,5,15,0.0,"N",0.0,0.0,0.0,"",""
"SKU-CRO-0030","2025-11-30",0,1,5,12,0.0,"N",46.0,621.0,41.0,"2026-01-10","2026-01-10"
"SKU-JAC-0031","2025-11-30",0,4,6,20,0.0,"N",0.0,0.0,0.0,"",""
"SKU-TSH-0032","2025-11-30",0,2,3,11,0.0,"N",0.0,0.0,0.0,"",""
"SKU-SHO-0033","2025-11-30",0,3,6,8,0.0,"N",0.0,0.0,0.0,"",""
"SKU-PAN-0034","2025-11-30",0,1,5,11,0.0,"N",0.0,0.0,0.0,"",""
"SKU-CRO-0035","2025-11-30",0,0,4,16,0.0,"N",0.0,0.0,0.0,"",""
"SKU-SHI-0036","2025-11-30",0,0,3,11,0.0,"N",0.0,0.0,0.0,"",""
"SKU-CRO-0037","2025-11-30",0,1,5,8,0.0,"N",40.0,657.0,42.0,"2026-01-08","2026-01-11"
"SKU-CRO-0038","2025-11-30",0,0,8,19,0.0,"N",40.0,1060.0,33.0,"2025-12-31","2026-01-02"
"SKU-SHO-0039","2025-11-30",0,1,6,10,0.0,"N",52.0,809.0,46.0,"2026-01-13","2026-01-15"
"SKU-SHO-0040","2025-11-30",0,0,7,13,0.0,"N",0.0,0.0,0.0,"",""
"SKU-TSH-0041","2025-11-30",0,2,6,13,0.0,"N",0.0,0.0,0.0,"",""
"SKU-CRO-0042","2025-11-30",0,1,9,14,0.0,"N",0.0,0.0,0.0,"",""
"SKU-CRO-0043","2025-11-30",0,0,2,10,0.0,"N",0.0,0.0,0.0,"",""
"SKU-JAC-0044","2025-11-30",0,3,5,8,0.0,"N",0.0,0.0,0.0,"",""
"SKU-SHI-0045","2025-11-30",0,2,5,7,0.0,"N",0.0,0.0,0.0,"",""
"SKU-JAC-0046","2025-11-30",0,0,7,16,0.0,"N",62.0,1896.0,37.0,"2026-01-01","2026-01-06"
"SKU-PAN-0047","2025-11-30",0,2,6,11,0.0,"N",63.0,959.0,32.0,"2025-12-31","2026-01-01"
"SKU-CRO-0048","2025-11-30",0,1,6,12,0.0,"N",0.0,0.0,0.0,"",""
"SKU-TSH-0049","2025-11-30",0,1,4,9,0.0,"N",0.0,0.0,0.0,"",""
"SKU-SHO-0050","2025-11-30",0,0,3,8,0.0,"N",0.0,0.0,0.0,"",""
"SKU-SHI-0051","2025-11-30",0,3,5,12,0.0,"N",50.0,928.0,55.0,"2026-01-23","2026-01-24"
"SKU-SHI-0052","2025-11-30",0,2,7,11,0.0,"N",0.0,0.0,0.0,"",""
"SKU-JAC-0053","2025-11-30",0,0,5,10,0.0,"N",0.0,0.0,0.0,"",""
"SKU-SHI-0054","2025-11-30",0,0,2,4,0.0,"N",0.0,0.0,0.0,"",""
"SKU-JAC-0055","2025-11-30",0,1,1,9,0.0,"N",48.0,1669.0,45.0,"2026-01-09","2026-01-14"
"SKU-SHI-0001","2025-12-07",0,46,242,611,0.0,"N",406.0,705.0,30.0,"2026-01-06","2026-01-06"
"SKU-PAN-0002","2025-12-07",0,20,102,262,0.0,"N",0.0,0.0,0.0,"",""
"SKU-SHI-0003","2025-12-07",0,16,64,166,0.0,"N",0.0,0.0,0.0,"",""
"SKU-TSH-0004","2025-12-07",0,9,46,134,0.0,"N",0.0,0.0,0.0,"",""
"SKU-CRO-0005","2025-12-07",0,9,41,116,0.0,"N",116.0,846.0,48.0,"2026-01-19","2026-01-24"
"SKU-SHI-0006","2025-12-07",0,8,22,79,0.0,"N",0.0,0.0,0.0,"",""
"SKU-CRO-0007","2025-12-07",0,3,28,80,0.0,"N",0.0,0.0,0.0,"",""
"SKU-PAN-0008","2025-12-07",0,6,23,61,0.0,"N",0.0,0.0,0.0,"",""
"SKU-PAN-0009","2025-12-07",0,9,23,72,0.0,"N",0.0,0.0,0.0,"",""
"SKU-TSH-0010","2025-12-07",0,5,19,46,0.0,"N",0.0,0.0,0.0,"",""
"SKU-SHO-0011","2025-12-07",0,5,18,48,0.0,"N",0.0,0.0,0.0,"",""
"SKU-TSH-0012","2025-12-07",0,2,12,36,0.0,"N",0.0,0.0,0.0,"",""
"SKU-SHI-0013","2025-12-07",0,4,22,50,0.0,"N",85.0,1227.0,36.0,"2026-01-07","2026-01-12"
"SKU-CRO-0014","2025-12-07",0,2,13,34,0.0,"N",80.0,756.0,47.0,"2026-01-21","2026-01-23"
"SKU-SHI-0015","2025-12-07",0,1,11,31,0.0,"N",60.0,940.0,46.0,"2026-01-20","2026-01-22"
"SKU-PAN-0016","2025-12-07",0,3,6,19,0.0,"N",0.0,0.0,0.0,"",""
"SKU-SHI-0017","2025-12-07",0,2,5,22,0.0,"N",0.0,0.0,0.0,"",""
"SKU-PAN-0018","2025-12-07",0,1,13,27,0.0,"N",0.0,0.0,0.0,"",""
"SKU-CRO-0019","2025-12-07",0,0,8,22,0.0,"N",62.0,726.0,57.0,"2026-01-28","2026-02-02"
"SKU-PAN-0020","2025-12-07",0,2,5,23,0.0,"N",48.0,1163.0,45.0,"2026-01-16","2026-01-21"
"SKU-PAN-0021","2025-12-07",0,2,10,21,0.0,"N",0.0,0.0,0.0,"",""
"SKU-PAN-0022","2025-12-07",0,1,5,20,0.0,"N",0.0,0.0,0.0,"",""
"SKU-SHO-0023","2025-12-07",0,2,4,13,0.0,"N",0.0,0.0,0.0,"",""
"SKU-SHI-0024","2025-12-07",0,4,11,24,0.0,"N",0.0,0.0,0.0,"",""
"SKU-JAC-0025","2025-12-07",0,2,8,25,0.0,"N",0.0,0.0,0.0,"",""
"SKU-PAN-0026","2025-12-07",0,1,8,12,0.0,"N",0.0,0.0,0.0,"",""
"SKU-JAC-0027","2025-12-07",0,3,12,22,0.0,"N",46.0,1871.0,56.0,"2026-01-27","2026-02-01"
"SKU-PAN-0028","2025-12-07",0,0,3,16,0.0,"N",50.0,1317.0,57.0,"2026-01-31","2026-02-02"
"SKU-TSH-0029","2025-12-07",0,2,4,16,0.0,"N",62.0,701.0,52.0,"2026-01-25","2026-01-28"
"SKU-CRO-0030","2025-12-07",0,2,4,14,0.0,"N",0.0,0.0,0.0,"",""
"SKU-JAC-0031","2025-12-07",0,3,8,16,0.0,"N",43.0,1800.0,51.0,"2026-01-22","2026-01-27"
"SKU-TSH-0032","2025-12-07",0,1,4,9,0.0,"N",0.0,0.0,0.0,"",""
"SKU-SHO-0033","2025-12-07",0,3,8,11,0.0,"N",66.0,758.0,58.0,"2026-02-01","2026-02-03"
"SKU-PAN-0034","2025-12-07",0,2,5,12,0.0,"N",64.0,1051.0,48.0,"2026-01-22","2026-01-24"
"SKU-CRO-0035","2025-12-07",0,1,4,15,0.0,"N",54.0,721.0,47.0,"2026-01-23","2026-01-23"
"SKU-SHI-0036","2025-12-07",0,4,6,13,0.0,"N",40.0,998.0,53.0,"2026-01-26","2026-01-29"
"SKU-CRO-0037","2025-12-07",0,1,4,9,0.0,"N",0.0,0.0,0.0,"",""
"SKU-CRO-0038","2025-12-07",0,0,6,17,0.0,"N",0.0,0.0,0.0,"",""
"SKU-SHO-0039","2025-12-07",0,0,3,9,0.0,"N",0.0,0.0,0.0,"",""
"SKU-SHO-0040","2025-12-07",0,1,3,12,0.0,"N",0.0,0.0,0.0,"",""
"SKU-TSH-0041","2025-12-07",0,1,6,12,0.0,"N",0.0,0.0,0.0,"",""
"SKU-CRO-0042","2025-12-07",0,0,3,14,0.0,"N",40.0,653.0,29.0,"2026-01-05","2026-01-05"
"SKU-CRO-0043","2025-12-07",0,1,2,9,0.0,"N",0.0,0.0,0.0,"",""
"SKU-JAC-0044","2025-12-07",0,1,5,9,0.0,"N",0.0,0.0,0.0,"",""
"SKU-SHI-0045","2025-12-07",0,1,5,7,0.0,"N",0.0,0.0,0.0,"",""
"SKU-JAC-0046","2025-12-07",0,0,5,14,0.0,"N",0.0,0.0,0.0,"",""
"SKU-PAN-0047","2025-12-07",0,1,5,10,0.0,"N",0.0,0.0,0.0,"",""
"SKU-CRO-0048","2025-12-07",0,3,6,14,0.0,"N",0.0,0.0,0.0,"",""
"SKU-TSH-0049","2025-12-07",0,1,2,9,0.0,"N",0.0,0.0,0.0,"",""
"SKU-SHO-0050","2025-12-07",0,3,5,10,0.0,"N",0.0,0.0,0.0,"",""
"SKU-SHI-0051","2025-12-07",0,0,5,11,0.0,"N",0.0,0.0,0.0,"",""
"SKU-SHI-0052","2025-12-07",0,1,4,11,0.0,"N",53.0,1141.0,42.0,"2026-01-16","2026-01-18"
"SKU-JAC-0053","2025-12-07",0,0,3,9,0.0,"N",42.0,1660.0,57.0,"2026-02-01","2026-02-02"
"SKU-SHI-0054","2025-12-07",0,1,3,4,0.0,"N",0.0,0.0,0.0,"",""
"SKU-JAC-0055","2025-12-07",0,3,4,11,0.0,"N",0.0,0.0,0.0,"",""
"SKU-SHI-0001","2025-12-14",0,50,226,582,0.0,"N",0.0,0.0,0.0,"",""
"SKU-PAN-0002","2025-12-14",0,26,99,254,0.0,"N",176.0,982.0,47.0,"2026-01-29","2026-01-30"
"SKU-SHI-0003","2025-12-14",0,17,65,157,0.0,"N",0.0,0.0,0.0,"",""
"SKU-TSH-0004","2025-12-14",0,18,53,137,0.0,"N",0.0,0.0,0.0,"",""
"SKU-CRO-0005","2025-12-14",0,10,40,104,0.0,"N",0.0,0.0,0.0,"",""
"SKU-SHI-0006","2025-12-14",0,4,21,73,0.0,"N",0.0,0.0,0.0,"",""
"SKU-CRO-0007","2025-12-14",0,5,25,75,0.0,"N",86.0,818.0,35.0,"2026-01-16","2026-01-18"
"SKU-PAN-0008","2025-12-14",0,7,24,57,0.0,"N",0.0,0.0,0.0,"",""
"SKU-PAN-0009","2025-12-14",0,4,22,59,0.0,"N",0.0,0.0,0.0,"",""
"SKU-TSH-0010","2025-12-14",0,7,25,46,0.0,"N",0.0,0.0,0.0,"",""
"SKU-SHO-0011","2025-12-14",0,9,25,50,0.0,"N",0.0,0.0,0.0,"",""
"SKU-TSH-0012","2025-12-14",0,2,10,33,0.0,"N",49.0,715.0,32.0,"2026-01-14","2026-01-15"
"SKU-SHI-0013","2025-12-14",0,2,19,42,0.0,"N",0.0,0.0,0.0,"",""
"SKU-CRO-0014","2025-12-14",0,4,13,32,0.0,"N",0.0,0.0,0.0,"",""
"SKU-SHI-0015","2025-12-14",0,1,10,21,0.0,"N",0.0,0.0,0.0,"",""
"SKU-PAN-0016","2025-12-14",0,3,8,21,0.0,"N",0.0,0.0,0.0,"",""
"SKU-SHI-0017","2025-12-14",0,0,4,18,0.0,"N",55.0,842.0,36.0,"2026-01-14","2026-01-19"
"SKU-PAN-0018","2025-12-14",0,2,11,24,0.0,"N",0.0,0.0,0.0,"",""
"SKU-CRO-0019","2025-12-14",0,3,8,17,0.0,"N",0.0,0.0,0.0,"",""
"SKU-PAN-0020","2025-12-14",0,2,5,23,0.0,"N",0.0,0.0,0.0,"",""
"SKU-PAN-0021","2025-12-14",0,0,7,19,0.0,"N",54.0,1216.0,36.0,"2026-01-18","2026-01-19"
"SKU-PAN-0022","2025-12-14",0,2,6,17,0.0,"N",0.0,0.0,0.0,"",""
"SKU-SHO-0023","2025-12-14",0,4,7,15,0.0,"N",50.0,668.0,56.0,"2026-02-03","2026-02-08"
"SKU-SHI-0024","2025-12-14",0,0,10,21,0.0,"N",56.0,854.0,33.0,"2026-01-16","2026-01-16"
"SKU-JAC-0025","2025-12-14",0,0,4,21,0.0,"N",66.0,1639.0,37.0,"2026-01-20","2026-01-20"
"SKU-PAN-0026","2025-12-14",0,1,7,13,0.0,"N",0.0,0.0,0.0,"",""
"SKU-JAC-0027","2025-12-14",0,2,10,23,0.0,"N",0.0,0.0,0.0,"",""
"SKU-PAN-0028","2025-12-14",0,3,6,14,0.0,"N",0.0,0.0,0.0,"",""
"SKU-TSH-0029","2025-12-14",0,3,6,19,0.0,"N",0.0,0.0,0.0,"",""
"SKU-CRO-0030","2025-12-14",0,3,7,16,0.0,"N",0.0,0.0,0.0,"",""
"SKU-JAC-0031","2025-12-14",0,2,9,16,0.0,"N",0.0,0.0,0.0,"",""
"SKU-TSH-0032","2025-12-14",0,1,4,9,0.0,"N",40.0,627.0,55.0,"2026-02-02","2026-02-07"
"SKU-SHO-0033","2025-12-14",0,2,9,13,0.0,"N",0.0,0.0,0.0,"",""
"SKU-PAN-0034","2025-12-14",0,0,4,12,0.0,"N",0.0,0.0,0.0,"",""
"SKU-CRO-0035","2025-12-14",0,1,3,15,0.0,"N",0.0,0.0,0.0,"",""
"SKU-SHI-0036","2025-12-14",0,1,6,12,0.0,"N",0.0,0.0,0.0,"",""
"SKU-CRO-0037","2025-12-14",0,0,2,8,0.0,"N",0.0,0.0,0.0,"",""
"SKU-CRO-0038","2025-12-14",0,0,4,16,0.0,"N",0.0,0.0,0.0,"",""
"SKU-SHO-0039","2025-12-14",0,0,1,8,0.0,"N",0.0,0.0,0.0,"",""
"SKU-SHO-0040","2025-12-14",0,1,4,13,0.0,"N",65.0,711.0,39.0,"2026-01-21","2026-01-22"
"SKU-TSH-0041","2025-12-14",0,2,8,12,0.0,"N",56.0,634.0,51.0,"2026-01-29","2026-02-03"
"SKU-CRO-0042","2025-12-14",0,1,4,13,0.0,"N",0.0,0.0,0.0,"",""
"SKU-CRO-0043","2025-12-14",0,0,2,7,0.0,"N",0.0,0.0,0.0,"",""
"SKU-JAC-0044","2025-12-14",0,1,5,9,0.0,"N",0.0,0.0,0.0,"",""
"SKU-SHI-0045","2025-12-14",0,2,7,8,0.0,"N",40.0,896.0,38.0,"2026-01-20","2026-01-21"
"SKU-JAC-0046","2025-12-14",0,2,5,15,0.0,"N",0.0,0.0,0.0,"",""
"SKU-PAN-0047","2025-12-14",0,2,7,10,0.0,"N",0.0,0.0,0.0,"",""
"SKU-CRO-0048","2025-12-14",0,0,5,12,0.0,"N",40.0,736.0,56.0,"2026-02-07","2026-02-08"
"SKU-TSH-0049","2025-12-14",0,0,2,8,0.0,"N",0.0,0.0,0.0,"",""
"SKU-SHO-0050","2025-12-14",0,1,5,9,0.0,"N",0.0,0.0,0.0,"",""
"SKU-SHI-0051","2025-12-14",0,1,6,11,0.0,"N",0.0,0.0,0.0,"",""
"SKU-SHI-0052","2025-12-14",0,2,6,13,0.0,"N",0.0,0.0,0.0,"",""
"SKU-JAC-0053","2025-12-14",0,0,2,9,0.0,"N",0.0,0.0,0.0,"",""
"SKU-SHI-0054","2025-12-14",0,0,3,4,0.0,"N",0.0,0.0,0.0,"",""
"SKU-JAC-0055","2025-12-14",0,0,4,9,0.0,"N",0.0,0.0,0.0,"",""
"SKU-SHI-0001","2025-12-21",0,57,235,551,0.0,"N",0.0,0.0,0.0,"",""
"SKU-PAN-0002","2025-12-21",0,28,107,232,0.0,"N",0.0,0.0,0.0,"",""
"SKU-SHI-0003","2025-12-21",0,15,67,145,0.0,"N",148.0,1004.0,33.0,"2026-01-22","2026-01-23"
"SKU-TSH-0004","2025-12-21",0,9,50,120,0.0,"N",0.0,0.0,0.0,"",""
"SKU-CRO-0005","2025-12-21",0,8,37,91,0.0,"N",0.0,0.0,0.0,"",""
"SKU-SHI-0006","2025-12-21",0,9,27,68,0.0,"N",0.0,0.0,0.0,"",""
"SKU-CRO-0007","2025-12-21",0,3,22,64,0.0,"N",0.0,0.0,0.0,"",""
"SKU-PAN-0008","2025-12-21",0,3,22,47,0.0,"N",0.0,0.0,0.0,"",""
"SKU-PAN-0009","2025-12-21",0,7,25,57,0.0,"N",0.0,0.0,0.0,"",""
"SKU-TSH-0010","2025-12-21",0,4,24,39,0.0,"N",0.0,0.0,0.0,"",""
"SKU-SHO-0011","2025-12-21",0,1,22,45,0.0,"N",0.0,0.0,0.0,"",""
"SKU-TSH-0012","2025-12-21",0,5,13,32,0.0,"N",0.0,0.0,0.0,"",""
"SKU-SHI-0013","2025-12-21",0,1,15,34,0.0,"N",0.0,0.0,0.0,"",""
"SKU-CRO-0014","2025-12-21",0,4,12,29,0.0,"N",0.0,0.0,0.0,"",""
"SKU-SHI-0015","2025-12-21",0,4,9,20,0.0,"N",0.0,0.0,0.0,"",""
"SKU-PAN-0016","2025-12-21",0,1,8,17,0.0,"N",0.0,0.0,0.0,"",""
"SKU-SHI-0017","2025-12-21",0,2,5,15,0.0,"N",0.0,0.0,0.0,"",""
"SKU-PAN-0018","2025-12-21",0,3,9,22,0.0,"N",0.0,0.0,0.0,"",""
"SKU-CRO-0019","2025-12-21",0,2,8,15,0.0,"N",0.0,0.0,0.0,"",""
"SKU-PAN-0020","2025-12-21",0,3,8,23,0.0,"N",0.0,0.0,0.0,"",""
"SKU-PAN-0021","2025-12-21",0,2,6,19,0.0,"N",0.0,0.0,0.0,"",""
"SKU-PAN-0022","2025-12-21",0,2,5,16,0.0,"N",48.0,1076.0,45.0,"2026-01-30","2026-02-04"
"SKU-SHO-0023","2025-12-21",0,2,8,15,0.0,"N",0.0,0.0,0.0,"",""
"SKU-SHI-0024","2025-12-21",0,1,8,19,0.0,"N",0.0,0.0,0.0,"",""
"SKU-JAC-0025","2025-12-21",0,1,5,17,0.0,"N",0.0,0.0,0.0,"",""
"SKU-PAN-0026","2025-12-21",0,1,5,13,0.0,"N",0.0,0.0,0.0,"",""
"SKU-JAC-0027","2025-12-21",0,2,9,22,0.0,"N",0.0,0.0,0.0,"",""
"SKU-PAN-0028","2025-12-21",0,1,6,11,0.0,"N",0.0,0.0,0.0,"",""
"SKU-TSH-0029","2025-12-21",0,3,9,20,0.0,"N",0.0,0.0,0.0,"",""
"SKU-CRO-0030","2025-12-21",0,0,6,14,0.0,"N",0.0,0.0,0.0,"",""
"SKU-JAC-0031","2025-12-21",0,4,13,20,0.0,"N",0.0,0.0,0.0,"",""
"SKU-TSH-0032","2025-12-21",0,3,7,9,0.0,"N",0.0,0.0,0.0,"",""
"SKU-SHO-0033","2025-12-21",0,1,9,13,0.0,"N",0.0,0.0,0.0,"",""
"SKU-PAN-0034","2025-12-21",0,0,3,11,0.0,"N",0.0,0.0,0.0,"",""
"SKU-CRO-0035","2025-12-21",0,2,4,12,0.0,"N",0.0,0.0,0.0,"",""
"SKU-SHI-0036","2025-12-21",0,1,7,11,0.0,"N",0.0,0.0,0.0,"",""
"SKU-CRO-0037","2025-12-21",0,0,2,6,0.0,"N",0.0,0.0,0.0,"",""
"SKU-CRO-0038","2025-12-21",0,0,2,13,0.0,"N",0.0,0.0,0.0,"",""
"SKU-SHO-0039","2025-12-21",0,1,2,7,0.0,"N",0.0,0.0,0.0,"",""
"SKU-SHO-0040","2025-12-21",0,1,4,14,0.0,"N",0.0,0.0,0.0,"",""
"SKU-TSH-0041","2025-12-21",0,3,9,14,0.0,"N",0.0,0.0,0.0,"",""
"SKU-CRO-0042","2025-12-21",0,1,3,13,0.0,"N",0.0,0.0,0.0,"",""
"SKU-CRO-0043","2025-12-21",0,2,4,8,0.0,"N",46.0,677.0,47.0,"2026-02-03","2026-02-06"
"SKU-JAC-0044","2025-12-21",0,4,9,11,0.0,"N",42.0,1860.0,49.0,"2026-02-07","2026-02-08"
"SKU-SHI-0045","2025-12-21",0,1,6,9,0.0,"N",0.0,0.0,0.0,"",""
"SKU-JAC-0046","2025-12-21",0,2,4,15,0.0,"N",0.0,0.0,0.0,"",""
"SKU-PAN-0047","2025-12-21",0,1,7,10,0.0,"N",0.0,0.0,0.0,"",""
"SKU-CRO-0048","2025-12-21",0,1,5,13,0.0,"N",0.0,0.0,0.0,"",""
"SKU-TSH-0049","2025-12-21",0,0,2,7,0.0,"N",40.0,559.0,50.0,"2026-02-06","2026-02-09"
"SKU-SHO-0050","2025-12-21",0,0,4,8,0.0,"N",52.0,722.0,54.0,"2026-02-13","2026-02-13"
"SKU-SHI-0051","2025-12-21",0,0,4,7,0.0,"N",0.0,0.0,0.0,"",""
"SKU-SHI-0052","2025-12-21",0,1,6,13,0.0,"N",0.0,0.0,0.0,"",""
"SKU-JAC-0053","2025-12-21",0,1,2,9,0.0,"N",0.0,0.0,0.0,"",""
"SKU-SHI-0054","2025-12-21",0,0,2,4,0.0,"N",40.0,963.0,44.0,"2026-02-03","2026-02-03"
"SKU-JAC-0055","2025-12-21",0,2,6,9,0.0,"N",0.0,0.0,0.0,"",""
"SKU-SHI-0001","2025-12-28",0,68,242,528,0.0,"N",0.0,0.0,0.0,"",""
"SKU-PAN-0002","2025-12-28",0,28,115,232,0.0,"N",0.0,0.0,0.0,"",""
"SKU-SHI-0003","2025-12-28",0,18,71,142,0.0,"N",0.0,0.0,0.0,"",""
"SKU-TSH-0004","2025-12-28",0,13,51,119,0.0,"N",108.0,539.0,46.0,"2026-02-10","2026-02-12"
"SKU-CRO-0005","2025-12-28",0,12,42,95,0.0,"N",0.0,0.0,0.0,"",""
"SKU-SHI-0006","2025-12-28",0,7,30,57,0.0,"N",55.0,1097.0,51.0,"2026-02-14","2026-02-17"
"SKU-CRO-0007","2025-12-28",0,8,23,65,0.0,"N",0.0,0.0,0.0,"",""
"SKU-PAN-0008","2025-12-28",0,4,21,48,0.0,"N",48.0,1152.0,47.0,"2026-02-13","2026-02-13"
"SKU-PAN-0009","2025-12-28",0,3,23,51,0.0,"N",50.0,1008.0,35.0,"2026-01-30","2026-02-01"
"SKU-TSH-0010","2025-12-28",0,9,26,44,0.0,"N",87.0,782.0,48.0,"2026-02-12","2026-02-14"
"SKU-SHO-0011","2025-12-28",0,3,20,38,0.0,"N",78.0,761.0,53.0,"2026-02-19","2026-02-19"
"SKU-TSH-0012","2025-12-28",0,4,13,31,0.0,"N",0.0,0.0,0.0,"",""
"SKU-SHI-0013","2025-12-28",0,4,14,35,0.0,"N",0.0,0.0,0.0,"",""
"SKU-CRO-0014","2025-12-28",0,3,14,27,0.0,"N",0.0,0.0,0.0,"",""
"SKU-SHI-0015","2025-12-28",0,4,11,23,0.0,"N",0.0,0.0,0.0,"",""
"SKU-PAN-0016","2025-12-28",0,1,8,16,0.0,"N",43.0,970.0,39.0,"2026-02-04","2026-02-05"
"SKU-SHI-0017","2025-12-28",0,1,6,12,0.0,"N",0.0,0.0,0.0,"",""
"SKU-PAN-0018","2025-12-28",0,1,8,22,0.0,"N",40.0,1176.0,59.0,"2026-02-22","2026-02-25"
"SKU-CRO-0019","2025-12-28",0,0,5,13,0.0,"N",0.0,0.0,0.0,"",""
"SKU-PAN-0020","2025-12-28",0,2,9,18,0.0,"N",0.0,0.0,0.0,"",""
"SKU-PAN-0021","2025-12-28",0,0,5,16,0.0,"N",0.0,0.0,0.0,"",""
"SKU-PAN-0022","2025-12-28",0,0,5,13,0.0,"N",0.0,0.0,0.0,"",""
"SKU-SHO-0023","2025-12-28",0,4,12,15,0.0,"N",0.0,0.0,0.0,"",""
"SKU-SHI-0024","2025-12-28",0,1,8,16,0.0,"N",0.0,0.0,0.0,"",""
"SKU-JAC-0025","2025-12-28",0,0,4,13,0.0,"N",0.0,0.0,0.0,"",""
"SKU-PAN-0026","2025-12-28",0,2,5,13,0.0,"N",50.0,1332.0,32.0,"2026-01-27","2026-01-29"
"SKU-JAC-0027","2025-12-28",0,1,8,20,0.0,"N",0.0,0.0,0.0,"",""
"SKU-PAN-0028","2025-12-28",0,0,4,9,0.0,"N",0.0,0.0,0.0,"",""
"SKU-TSH-0029","2025-12-28",0,0,8,16,0.0,"N",0.0,0.0,0.0,"",""
"SKU-CRO-0030","2025-12-28",0,0,5,10,0.0,"N",40.0,621.0,33.0,"2026-01-30","2026-01-30"
"SKU-JAC-0031","2025-12-28",0,4,14,21,0.0,"N",0.0,0.0,0.0,"",""
"SKU-TSH-0032","2025-12-28",0,1,6,9,0.0,"N",0.0,0.0,0.0,"",""
"SKU-SHO-0033","2025-12-28",0,0,6,12,0.0,"N",0.0,0.0,0.0,"",""
"SKU-PAN-0034","2025-12-28",0,0,2,7,0.0,"N",0.0,0.0,0.0,"",""
"SKU-CRO-0035","2025-12-28",0,0,4,8,0.0,"N",0.0,0.0,0.0,"",""
"SKU-SHI-0036","2025-12-28",0,1,7,10,0.0,"N",0.0,0.0,0.0,"",""
"SKU-CRO-0037","2025-12-28",0,4,5,10,0.0,"N",54.0,657.0,48.0,"2026-02-12","2026-02-14"
"SKU-CRO-0038","2025-12-28",0,1,1,11,0.0,"N",42.0,1060.0,47.0,"2026-02-08","2026-02-13"
"SKU-SHO-0039","2025-12-28",0,1,3,8,0.0,"N",40.0,809.0,55.0,"2026-02-18","2026-02-21"
"SKU-SHO-0040","2025-12-28",0,0,3,10,0.0,"N",0.0,0.0,0.0,"",""
"SKU-TSH-0041","2025-12-28",0,1,8,13,0.0,"N",0.0,0.0,0.0,"",""
"SKU-CRO-0042","2025-12-28",0,2,5,14,0.0,"N",0.0,0.0,0.0,"",""
"SKU-CRO-0043","2025-12-28",0,2,5,7,0.0,"N",0.0,0.0,0.0,"",""
"SKU-JAC-0044","2025-12-28",0,3,11,14,0.0,"N",0.0,0.0,0.0,"",""
"SKU-SHI-0045","2025-12-28",0,2,6,11,0.0,"N",0.0,0.0,0.0,"",""
"SKU-JAC-0046","2025-12-28",0,1,5,12,0.0,"N",42.0,1896.0,41.0,"2026-02-02","2026-02-07"
"SKU-PAN-0047","2025-12-28",0,3,7,13,0.0,"N",40.0,959.0,55.0,"2026-02-18","2026-02-21"
"SKU-CRO-0048","2025-12-28",0,0,4,11,0.0,"N",0.0,0.0,0.0,"",""
"SKU-TSH-0049","2025-12-28",0,0,1,5,0.0,"N",0.0,0.0,0.0,"",""
"SKU-SHO-0050","2025-12-28",0,0,4,7,0.0,"N",0.0,0.0,0.0,"",""
"SKU-SHI-0051","2025-12-28",0,1,4,7,0.0,"N",40.0,928.0,52.0,"2026-02-18","2026-02-18"
"SKU-SHI-0052","2025-12-28",0,0,5,12,0.0,"N",0.0,0.0,0.0,"",""
"SKU-JAC-0053","2025-12-28",0,0,1,6,0.0,"N",0.0,0.0,0.0,"",""
"SKU-SHI-0054","2025-12-28",0,0,1,3,0.0,"N",0.0,0.0,0.0,"",""
"SKU-JAC-0055","2025-12-28",0,1,6,8,0.0,"N",40.0,1669.0,49.0,"2026-02-15","2026-02-15"
